2026-08-23 15:22:43  === keep-alive check starting ===
2026-08-23 15:22:45  Ensuring containers are up (docker compose up -d).
2026-08-23 15:22:45     Container t-coop-backend Running 
2026-08-23 15:22:45     Container t-coop-local-db Running 
2026-08-23 15:22:45     Container t-coop-local-db Waiting 
2026-08-23 15:22:46     Container t-coop-local-db Healthy 
2026-08-23 15:22:46     Container t-coop-backend-db-init-1 Starting 
2026-08-23 15:22:46     Container t-coop-backend-db-init-1 Started 
2026-08-23 15:22:46     Container t-coop-backend-db-init-1 Waiting 
2026-08-23 15:22:47     Container t-coop-backend-db-init-1 Exited 
2026-08-23 15:22:47  ngrok is already running (PID 11680).
2026-08-23 15:22:47  === keep-alive check complete ===
2026-08-23 18:04:54  === keep-alive check starting ===
2026-08-23 18:04:57  Ensuring containers are up (docker compose up -d).
2026-08-23 18:04:57     Container t-coop-backend Running 
2026-08-23 18:04:57     Container t-coop-local-db Running 
2026-08-23 18:04:57     Container t-coop-local-db Waiting 
2026-08-23 18:04:57     Container t-coop-local-db Healthy 
2026-08-23 18:04:57     Container t-coop-backend-db-init-1 Starting 
2026-08-23 18:04:57     Container t-coop-backend-db-init-1 Started 
2026-08-23 18:04:57     Container t-coop-backend-db-init-1 Waiting 
2026-08-23 18:04:58     Container t-coop-backend-db-init-1 Exited 
2026-08-23 18:04:58  ngrok is already running (PID 20000).
2026-08-23 18:04:58  === keep-alive check complete ===
2026-08-23 18:09:51  === keep-alive check starting ===
2026-08-23 18:09:52  Ensuring containers are up (docker compose up -d).
2026-08-23 18:09:52     Container t-coop-local-db Running 
2026-08-23 18:09:52     Container t-coop-backend Running 
2026-08-23 18:09:52     Container t-coop-local-db Waiting 
2026-08-23 18:09:53     Container t-coop-local-db Healthy 
2026-08-23 18:09:53     Container t-coop-backend-db-init-1 Starting 
2026-08-23 18:09:53     Container t-coop-backend-db-init-1 Started 
2026-08-23 18:09:53     Container t-coop-backend-db-init-1 Waiting 
2026-08-23 18:09:53     Container t-coop-backend-db-init-1 Exited 
2026-08-23 18:09:53  ngrok is already running (PID 20000).
2026-08-23 18:09:53  === keep-alive check complete ===
2026-08-23 18:14:51  === keep-alive check starting ===
2026-08-23 18:14:57  Ensuring containers are up (docker compose up -d).
2026-08-23 18:14:57     Container t-coop-backend Running 
2026-08-23 18:14:57     Container t-coop-local-db Running 
2026-08-23 18:14:57     Container t-coop-local-db Waiting 
2026-08-23 18:14:58     Container t-coop-local-db Healthy 
2026-08-23 18:14:58     Container t-coop-backend-db-init-1 Starting 
2026-08-23 18:14:58     Container t-coop-backend-db-init-1 Started 
2026-08-23 18:14:58     Container t-coop-backend-db-init-1 Waiting 
2026-08-23 18:14:58     Container t-coop-backend-db-init-1 Exited 
2026-08-23 18:14:59  ngrok is already running (PID 20000).
2026-08-23 18:14:59  === keep-alive check complete ===
2026-08-23 18:19:51  === keep-alive check starting ===
2026-08-23 18:20:04  Ensuring containers are up (docker compose up -d).
2026-08-23 18:20:04     Container t-coop-local-db Running 
2026-08-23 18:20:04     Container t-coop-backend Running 
2026-08-23 18:20:04     Container t-coop-local-db Waiting 
2026-08-23 18:20:04     Container t-coop-local-db Healthy 
2026-08-23 18:20:04     Container t-coop-backend-db-init-1 Starting 
2026-08-23 18:20:05     Container t-coop-backend-db-init-1 Started 
2026-08-23 18:20:05     Container t-coop-backend-db-init-1 Waiting 
2026-08-23 18:20:05     Container t-coop-backend-db-init-1 Exited 
2026-08-23 18:20:05  ngrok is already running (PID 20000).
2026-08-23 18:20:05  === keep-alive check complete ===
2026-08-23 18:24:51  === keep-alive check starting ===
2026-08-23 18:24:52  Ensuring containers are up (docker compose up -d).
2026-08-23 18:24:52     Container t-coop-backend Running 
2026-08-23 18:24:52     Container t-coop-local-db Running 
2026-08-23 18:24:52     Container t-coop-local-db Waiting 
2026-08-23 18:24:53     Container t-coop-local-db Healthy 
2026-08-23 18:24:53     Container t-coop-backend-db-init-1 Starting 
2026-08-23 18:24:53     Container t-coop-backend-db-init-1 Started 
2026-08-23 18:24:53     Container t-coop-backend-db-init-1 Waiting 
2026-08-23 18:24:53     Container t-coop-backend-db-init-1 Exited 
2026-08-23 18:24:53  ngrok is already running (PID 20000).
2026-08-23 18:24:53  === keep-alive check complete ===
2026-08-23 18:29:52  === keep-alive check starting ===
2026-08-23 18:29:54  Ensuring containers are up (docker compose up -d).
2026-08-23 18:29:54     Container t-coop-backend Running 
2026-08-23 18:29:54     Container t-coop-local-db Running 
2026-08-23 18:29:54     Container t-coop-local-db Waiting 
2026-08-23 18:29:55     Container t-coop-local-db Healthy 
2026-08-23 18:29:55     Container t-coop-backend-db-init-1 Starting 
2026-08-23 18:29:55     Container t-coop-backend-db-init-1 Started 
2026-08-23 18:29:55     Container t-coop-backend-db-init-1 Waiting 
2026-08-23 18:29:55     Container t-coop-backend-db-init-1 Exited 
2026-08-23 18:29:56  ngrok is already running (PID 20000).
2026-08-23 18:29:56  === keep-alive check complete ===
2026-08-23 18:34:53  === keep-alive check starting ===
2026-08-23 18:35:05  Ensuring containers are up (docker compose up -d).
2026-08-23 18:35:18     Container t-coop-local-db Running 
2026-08-23 18:35:18     Container t-coop-local-db Waiting 
2026-08-23 18:35:19     Container t-coop-local-db Healthy 
2026-08-23 18:35:19     Container t-coop-backend-db-init-1 Starting 
2026-08-23 18:35:19     Container t-coop-backend-db-init-1 Started 
2026-08-23 18:35:19     Container t-coop-backend-db-init-1 Waiting 
2026-08-23 18:35:19     Container t-coop-backend-db-init-1 Exited 
2026-08-23 18:35:19     Container t-coop-backend Starting 
2026-08-23 18:35:19     Container t-coop-backend Started 
2026-08-23 18:35:20  ngrok is already running (PID 20000).
2026-08-23 18:35:20  === keep-alive check complete ===
2026-08-23 18:39:51  === keep-alive check starting ===
2026-08-23 18:39:59  Ensuring containers are up (docker compose up -d).
2026-08-23 18:39:59     Container t-coop-local-db Running 
2026-08-23 18:39:59     Container t-coop-local-db Waiting 
2026-08-23 18:39:59     Container t-coop-local-db Healthy 
2026-08-23 18:39:59     Container t-coop-backend-db-init-1 Starting 
2026-08-23 18:39:59     Container t-coop-backend-db-init-1 Started 
2026-08-23 18:39:59     Container t-coop-backend-db-init-1 Waiting 
2026-08-23 18:40:00     Container t-coop-backend-db-init-1 Exited 
2026-08-23 18:40:00     Container t-coop-backend Starting 
2026-08-23 18:40:00     Container t-coop-backend Started 
2026-08-23 18:40:00  ngrok is already running (PID 20000).
2026-08-23 18:40:00  === keep-alive check complete ===
2026-08-24 08:06:19  === keep-alive check starting ===
2026-08-24 08:06:29  Docker Desktop not running - launching it.
2026-08-24 08:07:29  Docker engine is ready.
2026-08-24 08:07:43  Ensuring containers are up (docker compose up -d).
2026-08-24 08:07:44     Container t-coop-backend Running 
2026-08-24 08:07:44     Container t-coop-local-db Starting 
2026-08-24 08:07:44     Container t-coop-local-db Started 
2026-08-24 08:07:44     Container t-coop-local-db Waiting 
2026-08-24 08:07:59     Container t-coop-local-db Healthy 
2026-08-24 08:07:59     Container t-coop-backend-db-init-1 Starting 
2026-08-24 08:08:00     Container t-coop-backend-db-init-1 Started 
2026-08-24 08:08:00     Container t-coop-backend-db-init-1 Waiting 
2026-08-24 08:08:00     Container t-coop-backend-db-init-1 Exited 
2026-08-24 08:08:02  ngrok is not running - starting tunnel on hamster-probiotic-compile.ngrok-free.dev.
2026-08-24 08:08:02  === keep-alive check complete ===
2026-08-24 08:12:27  === keep-alive check starting ===
2026-08-24 08:12:32  Ensuring containers are up (docker compose up -d).
2026-08-24 08:12:33     Container t-coop-local-db Running 
2026-08-24 08:12:33     Container t-coop-local-db Waiting 
2026-08-24 08:12:33     Container t-coop-local-db Healthy 
2026-08-24 08:12:33     Container t-coop-backend-db-init-1 Starting 
2026-08-24 08:12:33     Container t-coop-backend-db-init-1 Started 
2026-08-24 08:12:33     Container t-coop-backend-db-init-1 Waiting 
2026-08-24 08:12:34     Container t-coop-backend-db-init-1 Exited 
2026-08-24 08:12:34     Container t-coop-backend Starting 
2026-08-24 08:12:34     Container t-coop-backend Started 
2026-08-24 08:12:34  ngrok is already running (PID 8080).
2026-08-24 08:12:34  === keep-alive check complete ===
2026-08-24 08:14:53  === keep-alive check starting ===
2026-08-24 08:14:57  Ensuring containers are up (docker compose up -d).
2026-08-24 08:14:57     Container t-coop-local-db Running 
2026-08-24 08:14:57     Container t-coop-local-db Waiting 
2026-08-24 08:14:58     Container t-coop-local-db Healthy 
2026-08-24 08:14:58     Container t-coop-backend-db-init-1 Starting 
2026-08-24 08:14:58     Container t-coop-backend-db-init-1 Started 
2026-08-24 08:14:58     Container t-coop-backend-db-init-1 Waiting 
2026-08-24 08:14:58     Container t-coop-backend-db-init-1 Exited 
2026-08-24 08:14:58     Container t-coop-backend Starting 
2026-08-24 08:14:58     Container t-coop-backend Started 
2026-08-24 08:14:59  ngrok is already running (PID 8080).
2026-08-24 08:14:59  === keep-alive check complete ===
2026-08-24 08:19:58  === keep-alive check starting ===
2026-08-24 08:20:02  Ensuring containers are up (docker compose up -d).
2026-08-24 08:20:02     Container t-coop-backend Running 
2026-08-24 08:20:02     Container t-coop-local-db Running 
2026-08-24 08:20:02     Container t-coop-local-db Waiting 
2026-08-24 08:20:03     Container t-coop-local-db Healthy 
2026-08-24 08:20:03     Container t-coop-backend-db-init-1 Starting 
2026-08-24 08:20:03     Container t-coop-backend-db-init-1 Started 
2026-08-24 08:20:03     Container t-coop-backend-db-init-1 Waiting 
2026-08-24 08:20:03     Container t-coop-backend-db-init-1 Exited 
2026-08-24 08:20:04  ngrok is already running (PID 8080).
2026-08-24 08:20:04  === keep-alive check complete ===
2026-08-24 08:25:05  === keep-alive check starting ===
2026-08-24 08:25:10  Ensuring containers are up (docker compose up -d).
2026-08-24 08:25:10     Container t-coop-local-db Running 
2026-08-24 08:25:10     Container t-coop-backend Running 
2026-08-24 08:25:10     Container t-coop-local-db Waiting 
2026-08-24 08:25:11     Container t-coop-local-db Healthy 
2026-08-24 08:25:11     Container t-coop-backend-db-init-1 Starting 
2026-08-24 08:25:11     Container t-coop-backend-db-init-1 Started 
2026-08-24 08:25:11     Container t-coop-backend-db-init-1 Waiting 
2026-08-24 08:25:11     Container t-coop-backend-db-init-1 Exited 
2026-08-24 08:25:12  ngrok is already running (PID 8080).
2026-08-24 08:25:12  === keep-alive check complete ===
2026-08-24 08:29:59  === keep-alive check starting ===
2026-08-24 08:30:05  Ensuring containers are up (docker compose up -d).
2026-08-24 08:30:06     Container t-coop-local-db Running 
2026-08-24 08:30:06     Container t-coop-backend Running 
2026-08-24 08:30:06     Container t-coop-local-db Waiting 
2026-08-24 08:30:06     Container t-coop-local-db Healthy 
2026-08-24 08:30:06     Container t-coop-backend-db-init-1 Starting 
2026-08-24 08:30:07     Container t-coop-backend-db-init-1 Started 
2026-08-24 08:30:07     Container t-coop-backend-db-init-1 Waiting 
2026-08-24 08:30:07     Container t-coop-backend-db-init-1 Exited 
2026-08-24 08:30:08  ngrok is already running (PID 8080).
2026-08-24 08:30:08  === keep-alive check complete ===
2026-08-24 08:35:00  === keep-alive check starting ===
2026-08-24 08:35:04  Ensuring containers are up (docker compose up -d).
2026-08-24 08:35:04     Container t-coop-backend Running 
2026-08-24 08:35:04     Container t-coop-local-db Running 
2026-08-24 08:35:04     Container t-coop-local-db Waiting 
2026-08-24 08:35:04     Container t-coop-local-db Healthy 
2026-08-24 08:35:04     Container t-coop-backend-db-init-1 Starting 
2026-08-24 08:35:04     Container t-coop-backend-db-init-1 Started 
2026-08-24 08:35:05     Container t-coop-backend-db-init-1 Waiting 
2026-08-24 08:35:05     Container t-coop-backend-db-init-1 Exited 
2026-08-24 08:35:05  ngrok is already running (PID 8080).
2026-08-24 08:35:05  === keep-alive check complete ===
2026-08-24 08:40:03  === keep-alive check starting ===
2026-08-24 08:40:06  Ensuring containers are up (docker compose up -d).
2026-08-24 08:40:06     Container t-coop-local-db Running 
2026-08-24 08:40:06     Container t-coop-backend Running 
2026-08-24 08:40:06     Container t-coop-local-db Waiting 
2026-08-24 08:40:07     Container t-coop-local-db Healthy 
2026-08-24 08:40:07     Container t-coop-backend-db-init-1 Starting 
2026-08-24 08:40:07     Container t-coop-backend-db-init-1 Started 
2026-08-24 08:40:07     Container t-coop-backend-db-init-1 Waiting 
2026-08-24 08:40:08     Container t-coop-backend-db-init-1 Exited 
2026-08-24 08:40:08  ngrok is already running (PID 8080).
2026-08-24 08:40:08  === keep-alive check complete ===
2026-08-24 08:44:57  === keep-alive check starting ===
2026-08-24 08:45:04  Ensuring containers are up (docker compose up -d).
2026-08-24 08:45:05     Container t-coop-local-db Running 
2026-08-24 08:45:05     Container t-coop-backend Running 
2026-08-24 08:45:05     Container t-coop-local-db Waiting 
2026-08-24 08:45:05     Container t-coop-local-db Healthy 
2026-08-24 08:45:05     Container t-coop-backend-db-init-1 Starting 
2026-08-24 08:45:06     Container t-coop-backend-db-init-1 Started 
2026-08-24 08:45:06     Container t-coop-backend-db-init-1 Waiting 
2026-08-24 08:45:06     Container t-coop-backend-db-init-1 Exited 
2026-08-24 08:45:07  ngrok is already running (PID 8080).
2026-08-24 08:45:07  === keep-alive check complete ===
2026-08-24 08:49:59  === keep-alive check starting ===
2026-08-24 08:50:03  Ensuring containers are up (docker compose up -d).
2026-08-24 08:50:03     Container t-coop-backend Running 
2026-08-24 08:50:03     Container t-coop-local-db Running 
2026-08-24 08:50:03     Container t-coop-local-db Waiting 
2026-08-24 08:50:04     Container t-coop-local-db Healthy 
2026-08-24 08:50:04     Container t-coop-backend-db-init-1 Starting 
2026-08-24 08:50:04     Container t-coop-backend-db-init-1 Started 
2026-08-24 08:50:04     Container t-coop-backend-db-init-1 Waiting 
2026-08-24 08:50:05     Container t-coop-backend-db-init-1 Exited 
2026-08-24 08:50:05  ngrok is already running (PID 8080).
2026-08-24 08:50:05  === keep-alive check complete ===
2026-08-24 08:54:59  === keep-alive check starting ===
2026-08-24 08:55:04  Ensuring containers are up (docker compose up -d).
2026-08-24 08:55:04     Container t-coop-local-db Running 
2026-08-24 08:55:04     Container t-coop-backend Running 
2026-08-24 08:55:04     Container t-coop-local-db Waiting 
2026-08-24 08:55:05     Container t-coop-local-db Healthy 
2026-08-24 08:55:05     Container t-coop-backend-db-init-1 Starting 
2026-08-24 08:55:05     Container t-coop-backend-db-init-1 Started 
2026-08-24 08:55:05     Container t-coop-backend-db-init-1 Waiting 
2026-08-24 08:55:06     Container t-coop-backend-db-init-1 Exited 
2026-08-24 08:55:06  ngrok is already running (PID 8080).
2026-08-24 08:55:06  === keep-alive check complete ===
2026-08-24 08:59:59  === keep-alive check starting ===
2026-08-24 09:00:02  Ensuring containers are up (docker compose up -d).
2026-08-24 09:00:03     Container t-coop-backend Running 
2026-08-24 09:00:03     Container t-coop-local-db Running 
2026-08-24 09:00:03     Container t-coop-local-db Waiting 
2026-08-24 09:00:03     Container t-coop-local-db Healthy 
2026-08-24 09:00:03     Container t-coop-backend-db-init-1 Starting 
2026-08-24 09:00:04     Container t-coop-backend-db-init-1 Started 
2026-08-24 09:00:04     Container t-coop-backend-db-init-1 Waiting 
2026-08-24 09:00:04     Container t-coop-backend-db-init-1 Exited 
2026-08-24 09:00:05  ngrok is already running (PID 8080).
2026-08-24 09:00:05  === keep-alive check complete ===
2026-08-24 09:04:56  === keep-alive check starting ===
2026-08-24 09:04:59  Ensuring containers are up (docker compose up -d).
2026-08-24 09:04:59     Container t-coop-backend Running 
2026-08-24 09:04:59     Container t-coop-local-db Running 
2026-08-24 09:04:59     Container t-coop-local-db Waiting 
2026-08-24 09:05:00     Container t-coop-local-db Healthy 
2026-08-24 09:05:00     Container t-coop-backend-db-init-1 Starting 
2026-08-24 09:05:00     Container t-coop-backend-db-init-1 Started 
2026-08-24 09:05:00     Container t-coop-backend-db-init-1 Waiting 
2026-08-24 09:05:01     Container t-coop-backend-db-init-1 Exited 
2026-08-24 09:05:01  ngrok is already running (PID 8080).
2026-08-24 09:05:01  === keep-alive check complete ===
2026-08-24 09:09:54  === keep-alive check starting ===
2026-08-24 09:10:00  Ensuring containers are up (docker compose up -d).
2026-08-24 09:10:01     Container t-coop-local-db Running 
2026-08-24 09:10:01     Container t-coop-backend Running 
2026-08-24 09:10:01     Container t-coop-local-db Waiting 
2026-08-24 09:10:01     Container t-coop-local-db Healthy 
2026-08-24 09:10:01     Container t-coop-backend-db-init-1 Starting 
2026-08-24 09:10:02     Container t-coop-backend-db-init-1 Started 
2026-08-24 09:10:02     Container t-coop-backend-db-init-1 Waiting 
2026-08-24 09:10:02     Container t-coop-backend-db-init-1 Exited 
2026-08-24 09:10:03  ngrok is already running (PID 8080).
2026-08-24 09:10:03  === keep-alive check complete ===
2026-08-24 09:15:08  === keep-alive check starting ===
2026-08-24 09:15:12  Ensuring containers are up (docker compose up -d).
2026-08-24 09:15:13     Container t-coop-local-db Running 
2026-08-24 09:15:13     Container t-coop-backend Running 
2026-08-24 09:15:13     Container t-coop-local-db Waiting 
2026-08-24 09:15:13     Container t-coop-local-db Healthy 
2026-08-24 09:15:13     Container t-coop-backend-db-init-1 Starting 
2026-08-24 09:15:14     Container t-coop-backend-db-init-1 Started 
2026-08-24 09:15:14     Container t-coop-backend-db-init-1 Waiting 
2026-08-24 09:15:15     Container t-coop-backend-db-init-1 Exited 
2026-08-24 09:15:15  ngrok is already running (PID 8080).
2026-08-24 09:15:15  === keep-alive check complete ===
2026-08-24 09:20:00  === keep-alive check starting ===
2026-08-24 09:20:03  Ensuring containers are up (docker compose up -d).
2026-08-24 09:20:04     Container t-coop-backend Running 
2026-08-24 09:20:04     Container t-coop-local-db Running 
2026-08-24 09:20:04     Container t-coop-local-db Waiting 
2026-08-24 09:20:04     Container t-coop-local-db Healthy 
2026-08-24 09:20:04     Container t-coop-backend-db-init-1 Starting 
2026-08-24 09:20:04     Container t-coop-backend-db-init-1 Started 
2026-08-24 09:20:04     Container t-coop-backend-db-init-1 Waiting 
2026-08-24 09:20:05     Container t-coop-backend-db-init-1 Exited 
2026-08-24 09:20:05  ngrok is already running (PID 8080).
2026-08-24 09:20:05  === keep-alive check complete ===
2026-08-24 09:24:56  === keep-alive check starting ===
2026-08-24 09:25:00  Ensuring containers are up (docker compose up -d).
2026-08-24 09:25:00     Container t-coop-backend Running 
2026-08-24 09:25:00     Container t-coop-local-db Running 
2026-08-24 09:25:00     Container t-coop-local-db Waiting 
2026-08-24 09:25:01     Container t-coop-local-db Healthy 
2026-08-24 09:25:01     Container t-coop-backend-db-init-1 Starting 
2026-08-24 09:25:01     Container t-coop-backend-db-init-1 Started 
2026-08-24 09:25:01     Container t-coop-backend-db-init-1 Waiting 
2026-08-24 09:25:01     Container t-coop-backend-db-init-1 Exited 
2026-08-24 09:25:02  ngrok is already running (PID 8080).
2026-08-24 09:25:02  === keep-alive check complete ===
2026-08-24 09:29:57  === keep-alive check starting ===
2026-08-24 09:30:00  Ensuring containers are up (docker compose up -d).
2026-08-24 09:30:00     Container t-coop-backend Running 
2026-08-24 09:30:00     Container t-coop-local-db Running 
2026-08-24 09:30:00     Container t-coop-local-db Waiting 
2026-08-24 09:30:01     Container t-coop-local-db Healthy 
2026-08-24 09:30:01     Container t-coop-backend-db-init-1 Starting 
2026-08-24 09:30:01     Container t-coop-backend-db-init-1 Started 
2026-08-24 09:30:01     Container t-coop-backend-db-init-1 Waiting 
2026-08-24 09:30:01     Container t-coop-backend-db-init-1 Exited 
2026-08-24 09:30:02  ngrok is already running (PID 8080).
2026-08-24 09:30:02  === keep-alive check complete ===
2026-08-24 09:34:55  === keep-alive check starting ===
2026-08-24 09:34:58  Ensuring containers are up (docker compose up -d).
2026-08-24 09:34:58     Container t-coop-backend Running 
2026-08-24 09:34:58     Container t-coop-local-db Running 
2026-08-24 09:34:58     Container t-coop-local-db Waiting 
2026-08-24 09:34:59     Container t-coop-local-db Healthy 
2026-08-24 09:34:59     Container t-coop-backend-db-init-1 Starting 
2026-08-24 09:34:59     Container t-coop-backend-db-init-1 Started 
2026-08-24 09:34:59     Container t-coop-backend-db-init-1 Waiting 
2026-08-24 09:34:59     Container t-coop-backend-db-init-1 Exited 
2026-08-24 09:35:00  ngrok is already running (PID 8080).
2026-08-24 09:35:00  === keep-alive check complete ===
2026-08-24 09:39:57  === keep-alive check starting ===
2026-08-24 09:39:58  Ensuring containers are up (docker compose up -d).
2026-08-24 09:39:58     Container t-coop-backend Running 
2026-08-24 09:39:58     Container t-coop-local-db Running 
2026-08-24 09:39:58     Container t-coop-local-db Waiting 
2026-08-24 09:39:59     Container t-coop-local-db Healthy 
2026-08-24 09:39:59     Container t-coop-backend-db-init-1 Starting 
2026-08-24 09:39:59     Container t-coop-backend-db-init-1 Started 
2026-08-24 09:39:59     Container t-coop-backend-db-init-1 Waiting 
2026-08-24 09:40:00     Container t-coop-backend-db-init-1 Exited 
2026-08-24 09:40:00  ngrok is already running (PID 8080).
2026-08-24 09:40:00  === keep-alive check complete ===
2026-08-24 09:49:48  === keep-alive check starting ===
2026-08-24 09:49:58  Docker Desktop not running - launching it.
2026-08-24 09:50:44  Docker engine is ready.
2026-08-24 09:51:10  Ensuring containers are up (docker compose up -d).
2026-08-24 09:51:10     Container t-coop-backend Running 
2026-08-24 09:51:10     Container t-coop-local-db Starting 
2026-08-24 09:51:11     Container t-coop-local-db Started 
2026-08-24 09:51:11     Container t-coop-local-db Waiting 
2026-08-24 09:51:23     Container t-coop-local-db Healthy 
2026-08-24 09:51:23     Container t-coop-backend-db-init-1 Starting 
2026-08-24 09:51:23     Container t-coop-backend-db-init-1 Started 
2026-08-24 09:51:23     Container t-coop-backend-db-init-1 Waiting 
2026-08-24 09:51:24     Container t-coop-backend-db-init-1 Exited 
2026-08-24 09:51:27  ngrok is not running - starting tunnel on hamster-probiotic-compile.ngrok-free.dev.
2026-08-24 09:51:27  === keep-alive check complete ===
2026-08-24 10:11:13  === keep-alive check starting ===
2026-08-24 10:12:09  Ensuring containers are up (docker compose up -d).
2026-08-24 10:12:19     Container t-coop-backend Running 
2026-08-24 10:12:20     Container t-coop-local-db Running 
2026-08-24 10:12:20     Container t-coop-local-db Waiting 
2026-08-24 10:12:20     Container t-coop-local-db Healthy 
2026-08-24 10:12:20     Container t-coop-backend-db-init-1 Starting 
2026-08-24 10:12:25     Container t-coop-backend-db-init-1 Started 
2026-08-24 10:12:25     Container t-coop-backend-db-init-1 Waiting 
2026-08-24 10:12:25     Container t-coop-backend-db-init-1 Exited 
2026-08-24 10:12:29  ngrok is already running (PID 6540).
2026-08-24 10:12:29  === keep-alive check complete ===
2026-08-24 10:38:14  === keep-alive check starting ===
2026-08-24 10:38:21  Docker Desktop not running - launching it.
2026-08-24 10:38:36  Docker engine is ready.
2026-08-24 10:39:29  === keep-alive check starting ===
2026-08-24 10:39:37  Docker Desktop not running - launching it.
2026-08-24 10:39:48  Docker engine is ready.
2026-08-24 10:39:50  Ensuring containers are up (docker compose up -d).
2026-08-24 10:39:51     Container t-coop-backend Running 
2026-08-24 10:39:51     Container t-coop-local-db Starting 
2026-08-24 10:39:51     Container t-coop-local-db Started 
2026-08-24 10:39:51     Container t-coop-local-db Waiting 
2026-08-24 10:40:18     Container t-coop-local-db Healthy 
2026-08-24 10:40:18     Container t-coop-backend-db-init-1 Starting 
2026-08-24 10:40:29     Container t-coop-backend-db-init-1 Started 
2026-08-24 10:40:29     Container t-coop-backend-db-init-1 Waiting 
2026-08-24 10:40:31     Container t-coop-backend-db-init-1 Exited 
2026-08-24 10:40:42  ngrok is not running - starting tunnel on hamster-probiotic-compile.ngrok-free.dev.
2026-08-24 10:40:43  === keep-alive check complete ===
2026-08-24 10:45:17  === keep-alive check starting ===
2026-08-24 10:45:45  Ensuring containers are up (docker compose up -d).
2026-08-24 10:45:47     Container t-coop-backend Running 
2026-08-24 10:45:47     Container t-coop-local-db Running 
2026-08-24 10:45:47     Container t-coop-local-db Waiting 
2026-08-24 10:45:47     Container t-coop-local-db Healthy 
2026-08-24 10:45:47     Container t-coop-backend-db-init-1 Starting 
2026-08-24 10:45:48     Container t-coop-backend-db-init-1 Started 
2026-08-24 10:45:48     Container t-coop-backend-db-init-1 Waiting 
2026-08-24 10:45:49     Container t-coop-backend-db-init-1 Exited 
2026-08-24 10:45:50  ngrok is already running (PID 19268).
2026-08-24 10:45:50  === keep-alive check complete ===
2026-08-24 10:50:20  === keep-alive check starting ===
2026-08-24 10:50:27  Docker Desktop not running - launching it.
2026-08-24 10:50:38  Docker engine is ready.
2026-08-24 10:50:40  Ensuring containers are up (docker compose up -d).
2026-08-24 10:50:40     Container t-coop-backend Running 
2026-08-24 10:50:40     Container t-coop-local-db Starting 
2026-08-24 10:50:41     Container t-coop-local-db Started 
2026-08-24 10:50:41     Container t-coop-local-db Waiting 
2026-08-24 10:59:59  === keep-alive check starting ===
2026-08-24 11:00:04  Ensuring containers are up (docker compose up -d).
2026-08-24 11:00:05     Container t-coop-backend Running 
2026-08-24 11:00:05     Container t-coop-local-db Running 
2026-08-24 11:00:05     Container t-coop-local-db Waiting 
2026-08-24 11:00:05     Container t-coop-local-db Healthy 
2026-08-24 11:00:05     Container t-coop-backend-db-init-1 Starting 
2026-08-24 11:00:06     Container t-coop-backend-db-init-1 Started 
2026-08-24 11:00:06     Container t-coop-backend-db-init-1 Waiting 
2026-08-24 11:00:07     Container t-coop-backend-db-init-1 Exited 
2026-08-24 11:00:07  ngrok is not running - starting tunnel on hamster-probiotic-compile.ngrok-free.dev.
2026-08-24 11:00:12  === keep-alive check complete ===
2026-08-24 11:09:59  === keep-alive check starting ===
2026-08-24 11:10:06  Ensuring containers are up (docker compose up -d).
2026-08-24 11:10:06     Container t-coop-backend Running 
2026-08-24 11:10:06     Container t-coop-local-db Running 
2026-08-24 11:10:06     Container t-coop-local-db Waiting 
2026-08-24 11:10:07     Container t-coop-local-db Healthy 
2026-08-24 11:10:07     Container t-coop-backend-db-init-1 Starting 
2026-08-24 11:10:07     Container t-coop-backend-db-init-1 Started 
2026-08-24 11:10:07     Container t-coop-backend-db-init-1 Waiting 
2026-08-24 11:10:08     Container t-coop-backend-db-init-1 Exited 
2026-08-24 11:10:09  ngrok is already running (PID 22016).
2026-08-24 11:10:09  === keep-alive check complete ===
2026-08-24 11:21:33  === keep-alive check starting ===
2026-08-24 11:24:59  === keep-alive check starting ===
2026-08-24 11:25:03  Docker Desktop not running - launching it.
2026-08-24 11:25:27  Docker engine is ready.
2026-08-24 11:25:35  Ensuring containers are up (docker compose up -d).
2026-08-24 11:25:36     Container t-coop-backend Running 
2026-08-24 11:25:36     Container t-coop-local-db Starting 
2026-08-24 11:25:37     Container t-coop-local-db Started 
2026-08-24 11:25:37     Container t-coop-local-db Waiting 
2026-08-24 11:25:49     Container t-coop-local-db Healthy 
2026-08-24 11:25:49     Container t-coop-backend-db-init-1 Starting 
2026-08-24 11:25:50     Container t-coop-backend-db-init-1 Started 
2026-08-24 11:25:50     Container t-coop-backend-db-init-1 Waiting 
2026-08-24 11:25:50     Container t-coop-backend-db-init-1 Exited 
2026-08-24 11:25:51  ngrok is not running - starting tunnel on hamster-probiotic-compile.ngrok-free.dev.
2026-08-24 11:25:53  === keep-alive check complete ===
2026-08-24 11:29:49  === keep-alive check starting ===
2026-08-24 11:29:59  Ensuring containers are up (docker compose up -d).
2026-08-24 11:30:01     Container t-coop-local-db Running 
2026-08-24 11:30:01     Container t-coop-backend Running 
2026-08-24 11:30:01     Container t-coop-local-db Waiting 
2026-08-24 11:30:01     Container t-coop-local-db Healthy 
2026-08-24 11:30:01     Container t-coop-backend-db-init-1 Starting 
2026-08-24 11:30:01     Container t-coop-backend-db-init-1 Started 
2026-08-24 11:30:01     Container t-coop-backend-db-init-1 Waiting 
2026-08-24 11:30:02     Container t-coop-backend-db-init-1 Exited 
2026-08-24 11:30:02  ngrok is already running (PID 4472).
2026-08-24 11:30:02  === keep-alive check complete ===
2026-08-24 11:35:05  === keep-alive check starting ===
2026-08-24 11:35:11  Ensuring containers are up (docker compose up -d).
2026-08-24 11:35:11     Container t-coop-backend Running 
2026-08-24 11:35:11     Container t-coop-local-db Running 
2026-08-24 11:35:11     Container t-coop-local-db Waiting 
2026-08-24 11:35:12     Container t-coop-local-db Healthy 
2026-08-24 11:35:12     Container t-coop-backend-db-init-1 Starting 
2026-08-24 11:35:12     Container t-coop-backend-db-init-1 Started 
2026-08-24 11:35:12     Container t-coop-backend-db-init-1 Waiting 
2026-08-24 11:35:13     Container t-coop-backend-db-init-1 Exited 
2026-08-24 11:35:13  ngrok is already running (PID 4472).
2026-08-24 11:35:13  === keep-alive check complete ===
2026-08-24 11:39:48  === keep-alive check starting ===
2026-08-24 11:39:56  Ensuring containers are up (docker compose up -d).
2026-08-24 11:39:57     Container t-coop-backend Running 
2026-08-24 11:39:57     Container t-coop-local-db Running 
2026-08-24 11:39:57     Container t-coop-local-db Waiting 
2026-08-24 11:39:57     Container t-coop-local-db Healthy 
2026-08-24 11:39:57     Container t-coop-backend-db-init-1 Starting 
2026-08-24 11:39:57     Container t-coop-backend-db-init-1 Started 
2026-08-24 11:39:57     Container t-coop-backend-db-init-1 Waiting 
2026-08-24 11:39:58     Container t-coop-backend-db-init-1 Exited 
2026-08-24 11:39:59  ngrok is already running (PID 4472).
2026-08-24 11:39:59  === keep-alive check complete ===
2026-08-24 11:44:48  === keep-alive check starting ===
2026-08-24 11:44:53  Ensuring containers are up (docker compose up -d).
2026-08-24 11:44:53     Container t-coop-local-db Running 
2026-08-24 11:44:53     Container t-coop-backend Running 
2026-08-24 11:44:53     Container t-coop-local-db Waiting 
2026-08-24 11:44:54     Container t-coop-local-db Healthy 
2026-08-24 11:44:54     Container t-coop-backend-db-init-1 Starting 
2026-08-24 11:44:54     Container t-coop-backend-db-init-1 Started 
2026-08-24 11:44:54     Container t-coop-backend-db-init-1 Waiting 
2026-08-24 11:44:55     Container t-coop-backend-db-init-1 Exited 
2026-08-24 11:44:55  ngrok is already running (PID 4472).
2026-08-24 11:44:55  === keep-alive check complete ===
2026-08-24 11:49:56  === keep-alive check starting ===
2026-08-24 11:52:00  === keep-alive check starting ===
2026-08-24 11:52:05  Docker Desktop not running - launching it.
2026-08-24 11:52:15  Docker engine is ready.
2026-08-24 11:52:19  Ensuring containers are up (docker compose up -d).
2026-08-24 11:52:20     Container t-coop-backend Running 
2026-08-24 11:52:20     Container t-coop-local-db Starting 
2026-08-24 11:52:21     Container t-coop-local-db Started 
2026-08-24 11:52:21     Container t-coop-local-db Waiting 
2026-08-24 11:52:31     Container t-coop-local-db Healthy 
2026-08-24 11:52:31     Container t-coop-backend-db-init-1 Starting 
2026-08-24 11:52:32     Container t-coop-backend-db-init-1 Started 
2026-08-24 11:52:32     Container t-coop-backend-db-init-1 Waiting 
2026-08-24 11:52:32     Container t-coop-backend-db-init-1 Exited 
2026-08-24 11:52:33  ngrok is not running - starting tunnel on hamster-probiotic-compile.ngrok-free.dev.
2026-08-24 11:52:33  === keep-alive check complete ===
2026-08-24 12:04:47  === keep-alive check starting ===
2026-08-24 12:04:51  Ensuring containers are up (docker compose up -d).
2026-08-24 12:04:51     Container t-coop-local-db Running 
2026-08-24 12:04:51     Container t-coop-backend Running 
2026-08-24 12:04:51     Container t-coop-local-db Waiting 
2026-08-24 12:04:52     Container t-coop-local-db Healthy 
2026-08-24 12:04:52     Container t-coop-backend-db-init-1 Starting 
2026-08-24 12:04:52     Container t-coop-backend-db-init-1 Started 
2026-08-24 12:04:52     Container t-coop-backend-db-init-1 Waiting 
2026-08-24 12:04:53     Container t-coop-backend-db-init-1 Exited 
2026-08-24 12:04:53  ngrok is already running (PID 3776).
2026-08-24 12:04:53  === keep-alive check complete ===
2026-08-24 12:09:46  === keep-alive check starting ===
2026-08-24 12:09:47  Ensuring containers are up (docker compose up -d).
2026-08-24 12:09:47     Container t-coop-backend Running 
2026-08-24 12:09:47     Container t-coop-local-db Running 
2026-08-24 12:09:47     Container t-coop-local-db Waiting 
2026-08-24 12:09:47     Container t-coop-local-db Healthy 
2026-08-24 12:09:47     Container t-coop-backend-db-init-1 Starting 
2026-08-24 12:09:48     Container t-coop-backend-db-init-1 Started 
2026-08-24 12:09:48     Container t-coop-backend-db-init-1 Waiting 
2026-08-24 12:09:48     Container t-coop-backend-db-init-1 Exited 
2026-08-24 12:09:48  ngrok is already running (PID 3776).
2026-08-24 12:09:48  === keep-alive check complete ===
2026-08-24 12:14:47  === keep-alive check starting ===
2026-08-24 12:14:48  Ensuring containers are up (docker compose up -d).
2026-08-24 12:14:48     Container t-coop-backend Running 
2026-08-24 12:14:48     Container t-coop-local-db Running 
2026-08-24 12:14:48     Container t-coop-local-db Waiting 
2026-08-24 12:14:48     Container t-coop-local-db Healthy 
2026-08-24 12:14:48     Container t-coop-backend-db-init-1 Starting 
2026-08-24 12:14:48     Container t-coop-backend-db-init-1 Started 
2026-08-24 12:14:48     Container t-coop-backend-db-init-1 Waiting 
2026-08-24 12:14:49     Container t-coop-backend-db-init-1 Exited 
2026-08-24 12:14:49  ngrok is already running (PID 3776).
2026-08-24 12:14:49  === keep-alive check complete ===
2026-08-24 12:19:54  === keep-alive check starting ===
2026-08-24 12:19:56  Ensuring containers are up (docker compose up -d).
2026-08-24 12:19:56     Container t-coop-backend Running 
2026-08-24 12:19:56     Container t-coop-local-db Running 
2026-08-24 12:19:56     Container t-coop-local-db Waiting 
2026-08-24 12:19:56     Container t-coop-local-db Healthy 
2026-08-24 12:19:56     Container t-coop-backend-db-init-1 Starting 
2026-08-24 12:19:57     Container t-coop-backend-db-init-1 Started 
2026-08-24 12:19:57     Container t-coop-backend-db-init-1 Waiting 
2026-08-24 12:19:57     Container t-coop-backend-db-init-1 Exited 
2026-08-24 12:19:57  ngrok is already running (PID 3776).
2026-08-24 12:19:57  === keep-alive check complete ===
2026-08-24 12:24:46  === keep-alive check starting ===
2026-08-24 12:24:47  Ensuring containers are up (docker compose up -d).
2026-08-24 12:24:47     Container t-coop-backend Running 
2026-08-24 12:24:47     Container t-coop-local-db Running 
2026-08-24 12:24:47     Container t-coop-local-db Waiting 
2026-08-24 12:24:48     Container t-coop-local-db Healthy 
2026-08-24 12:24:48     Container t-coop-backend-db-init-1 Starting 
2026-08-24 12:24:48     Container t-coop-backend-db-init-1 Started 
2026-08-24 12:24:48     Container t-coop-backend-db-init-1 Waiting 
2026-08-24 12:24:48     Container t-coop-backend-db-init-1 Exited 
2026-08-24 12:24:49  ngrok is already running (PID 3776).
2026-08-24 12:24:49  === keep-alive check complete ===
2026-08-24 12:29:46  === keep-alive check starting ===
2026-08-24 12:29:50  Ensuring containers are up (docker compose up -d).
2026-08-24 12:29:50     Container t-coop-local-db Running 
2026-08-24 12:29:50     Container t-coop-backend Running 
2026-08-24 12:29:50     Container t-coop-local-db Waiting 
2026-08-24 12:29:50     Container t-coop-local-db Healthy 
2026-08-24 12:29:50     Container t-coop-backend-db-init-1 Starting 
2026-08-24 12:29:51     Container t-coop-backend-db-init-1 Started 
2026-08-24 12:29:51     Container t-coop-backend-db-init-1 Waiting 
2026-08-24 12:29:51     Container t-coop-backend-db-init-1 Exited 
2026-08-24 12:29:51  ngrok is already running (PID 3776).
2026-08-24 12:29:51  === keep-alive check complete ===
2026-08-24 12:34:54  === keep-alive check starting ===
2026-08-24 12:34:58  Ensuring containers are up (docker compose up -d).
2026-08-24 12:34:58     Container t-coop-backend Running 
2026-08-24 12:34:58     Container t-coop-local-db Running 
2026-08-24 12:34:58     Container t-coop-local-db Waiting 
2026-08-24 12:34:58     Container t-coop-local-db Healthy 
2026-08-24 12:34:58     Container t-coop-backend-db-init-1 Starting 
2026-08-24 12:34:58     Container t-coop-backend-db-init-1 Started 
2026-08-24 12:34:58     Container t-coop-backend-db-init-1 Waiting 
2026-08-24 12:34:59     Container t-coop-backend-db-init-1 Exited 
2026-08-24 12:34:59  ngrok is already running (PID 3776).
2026-08-24 12:34:59  === keep-alive check complete ===
2026-08-24 12:39:46  === keep-alive check starting ===
2026-08-24 12:39:49  Ensuring containers are up (docker compose up -d).
2026-08-24 12:39:49     Container t-coop-backend Running 
2026-08-24 12:39:49     Container t-coop-local-db Running 
2026-08-24 12:39:49     Container t-coop-local-db Waiting 
2026-08-24 12:39:50     Container t-coop-local-db Healthy 
2026-08-24 12:39:50     Container t-coop-backend-db-init-1 Starting 
2026-08-24 12:39:50     Container t-coop-backend-db-init-1 Started 
2026-08-24 12:39:50     Container t-coop-backend-db-init-1 Waiting 
2026-08-24 12:39:50     Container t-coop-backend-db-init-1 Exited 
2026-08-24 12:39:51  ngrok is already running (PID 3776).
2026-08-24 12:39:51  === keep-alive check complete ===
2026-08-24 12:44:47  === keep-alive check starting ===
2026-08-24 12:44:49  Ensuring containers are up (docker compose up -d).
2026-08-24 12:44:50     Container t-coop-backend Running 
2026-08-24 12:44:50     Container t-coop-local-db Running 
2026-08-24 12:44:50     Container t-coop-local-db Waiting 
2026-08-24 12:44:51     Container t-coop-local-db Healthy 
2026-08-24 12:44:51     Container t-coop-backend-db-init-1 Starting 
2026-08-24 12:44:51     Container t-coop-backend-db-init-1 Started 
2026-08-24 12:44:51     Container t-coop-backend-db-init-1 Waiting 
2026-08-24 12:44:52     Container t-coop-backend-db-init-1 Exited 
2026-08-24 12:44:52  ngrok is already running (PID 3776).
2026-08-24 12:44:52  === keep-alive check complete ===
2026-08-24 12:49:46  === keep-alive check starting ===
2026-08-24 12:49:47  Ensuring containers are up (docker compose up -d).
2026-08-24 12:49:47     Container t-coop-backend Running 
2026-08-24 12:49:47     Container t-coop-local-db Running 
2026-08-24 12:49:47     Container t-coop-local-db Waiting 
2026-08-24 12:49:48     Container t-coop-local-db Healthy 
2026-08-24 12:49:48     Container t-coop-backend-db-init-1 Starting 
2026-08-24 12:49:48     Container t-coop-backend-db-init-1 Started 
2026-08-24 12:49:48     Container t-coop-backend-db-init-1 Waiting 
2026-08-24 12:49:49     Container t-coop-backend-db-init-1 Exited 
2026-08-24 12:49:49  ngrok is already running (PID 3776).
2026-08-24 12:49:49  === keep-alive check complete ===
2026-08-24 12:54:46  === keep-alive check starting ===
2026-08-24 12:54:47  Ensuring containers are up (docker compose up -d).
2026-08-24 12:54:48     Container t-coop-backend Running 
2026-08-24 12:54:48     Container t-coop-local-db Running 
2026-08-24 12:54:48     Container t-coop-local-db Waiting 
2026-08-24 12:54:48     Container t-coop-local-db Healthy 
2026-08-24 12:54:48     Container t-coop-backend-db-init-1 Starting 
2026-08-24 12:54:49     Container t-coop-backend-db-init-1 Started 
2026-08-24 12:54:49     Container t-coop-backend-db-init-1 Waiting 
2026-08-24 12:54:49     Container t-coop-backend-db-init-1 Exited 
2026-08-24 12:54:49  ngrok is already running (PID 3776).
2026-08-24 12:54:49  === keep-alive check complete ===
2026-08-24 12:59:46  === keep-alive check starting ===
2026-08-24 12:59:50  Ensuring containers are up (docker compose up -d).
2026-08-24 12:59:50     Container t-coop-local-db Running 
2026-08-24 12:59:50     Container t-coop-backend Running 
2026-08-24 12:59:50     Container t-coop-local-db Waiting 
2026-08-24 12:59:50     Container t-coop-local-db Healthy 
2026-08-24 12:59:50     Container t-coop-backend-db-init-1 Starting 
2026-08-24 12:59:50     Container t-coop-backend-db-init-1 Started 
2026-08-24 12:59:50     Container t-coop-backend-db-init-1 Waiting 
2026-08-24 12:59:51     Container t-coop-backend-db-init-1 Exited 
2026-08-24 12:59:51  ngrok is already running (PID 3776).
2026-08-24 12:59:51  === keep-alive check complete ===
2026-08-24 13:04:47  === keep-alive check starting ===
2026-08-24 13:04:48  Ensuring containers are up (docker compose up -d).
2026-08-24 13:04:48     Container t-coop-backend Running 
2026-08-24 13:04:48     Container t-coop-local-db Running 
2026-08-24 13:04:48     Container t-coop-local-db Waiting 
2026-08-24 13:04:49     Container t-coop-local-db Healthy 
2026-08-24 13:04:49     Container t-coop-backend-db-init-1 Starting 
2026-08-24 13:04:49     Container t-coop-backend-db-init-1 Started 
2026-08-24 13:04:49     Container t-coop-backend-db-init-1 Waiting 
2026-08-24 13:04:50     Container t-coop-backend-db-init-1 Exited 
2026-08-24 13:04:50  ngrok is already running (PID 3776).
2026-08-24 13:04:50  === keep-alive check complete ===
2026-08-24 13:09:47  === keep-alive check starting ===
2026-08-24 13:09:51  Ensuring containers are up (docker compose up -d).
2026-08-24 13:09:51     Container t-coop-local-db Running 
2026-08-24 13:09:51     Container t-coop-backend Running 
2026-08-24 13:09:51     Container t-coop-local-db Waiting 
2026-08-24 13:09:51     Container t-coop-local-db Healthy 
2026-08-24 13:09:51     Container t-coop-backend-db-init-1 Starting 
2026-08-24 13:09:52     Container t-coop-backend-db-init-1 Started 
2026-08-24 13:09:52     Container t-coop-backend-db-init-1 Waiting 
2026-08-24 13:09:52     Container t-coop-backend-db-init-1 Exited 
2026-08-24 13:09:53  ngrok is already running (PID 3776).
2026-08-24 13:09:53  === keep-alive check complete ===
2026-08-24 13:14:47  === keep-alive check starting ===
2026-08-24 13:14:51  Ensuring containers are up (docker compose up -d).
2026-08-24 13:14:51     Container t-coop-local-db Running 
2026-08-24 13:14:51     Container t-coop-backend Running 
2026-08-24 13:14:51     Container t-coop-local-db Waiting 
2026-08-24 13:14:52     Container t-coop-local-db Healthy 
2026-08-24 13:14:52     Container t-coop-backend-db-init-1 Starting 
2026-08-24 13:14:52     Container t-coop-backend-db-init-1 Started 
2026-08-24 13:14:52     Container t-coop-backend-db-init-1 Waiting 
2026-08-24 13:14:52     Container t-coop-backend-db-init-1 Exited 
2026-08-24 13:14:53  ngrok is already running (PID 3776).
2026-08-24 13:14:53  === keep-alive check complete ===
2026-08-24 13:19:46  === keep-alive check starting ===
2026-08-24 13:19:50  Ensuring containers are up (docker compose up -d).
2026-08-24 13:19:50     Container t-coop-backend Running 
2026-08-24 13:19:50     Container t-coop-local-db Running 
2026-08-24 13:19:50     Container t-coop-local-db Waiting 
2026-08-24 13:19:51     Container t-coop-local-db Healthy 
2026-08-24 13:19:51     Container t-coop-backend-db-init-1 Starting 
2026-08-24 13:19:51     Container t-coop-backend-db-init-1 Started 
2026-08-24 13:19:51     Container t-coop-backend-db-init-1 Waiting 
2026-08-24 13:19:51     Container t-coop-backend-db-init-1 Exited 
2026-08-24 13:19:52  ngrok is already running (PID 3776).
2026-08-24 13:19:52  === keep-alive check complete ===
2026-08-24 13:24:47  === keep-alive check starting ===
2026-08-24 13:24:50  Ensuring containers are up (docker compose up -d).
2026-08-24 13:24:50     Container t-coop-backend Running 
2026-08-24 13:24:50     Container t-coop-local-db Running 
2026-08-24 13:24:50     Container t-coop-local-db Waiting 
2026-08-24 13:24:51     Container t-coop-local-db Healthy 
2026-08-24 13:24:51     Container t-coop-backend-db-init-1 Starting 
2026-08-24 13:24:51     Container t-coop-backend-db-init-1 Started 
2026-08-24 13:24:51     Container t-coop-backend-db-init-1 Waiting 
2026-08-24 13:24:52     Container t-coop-backend-db-init-1 Exited 
2026-08-24 13:24:52  ngrok is already running (PID 3776).
2026-08-24 13:24:52  === keep-alive check complete ===
2026-08-24 13:29:46  === keep-alive check starting ===
2026-08-24 13:29:50  Ensuring containers are up (docker compose up -d).
2026-08-24 13:29:50     Container t-coop-backend Running 
2026-08-24 13:29:50     Container t-coop-local-db Running 
2026-08-24 13:29:50     Container t-coop-local-db Waiting 
2026-08-24 13:29:51     Container t-coop-local-db Healthy 
2026-08-24 13:29:51     Container t-coop-backend-db-init-1 Starting 
2026-08-24 13:29:51     Container t-coop-backend-db-init-1 Started 
2026-08-24 13:29:51     Container t-coop-backend-db-init-1 Waiting 
2026-08-24 13:29:52     Container t-coop-backend-db-init-1 Exited 
2026-08-24 13:29:52  ngrok is already running (PID 3776).
2026-08-24 13:29:52  === keep-alive check complete ===
2026-08-24 13:34:48  === keep-alive check starting ===
2026-08-24 13:34:56  Ensuring containers are up (docker compose up -d).
2026-08-24 13:34:57     Container t-coop-local-db Running 
2026-08-24 13:34:57     Container t-coop-backend Running 
2026-08-24 13:34:57     Container t-coop-local-db Waiting 
2026-08-24 13:34:57     Container t-coop-local-db Healthy 
2026-08-24 13:34:57     Container t-coop-backend-db-init-1 Starting 
2026-08-24 13:34:58     Container t-coop-backend-db-init-1 Started 
2026-08-24 13:34:58     Container t-coop-backend-db-init-1 Waiting 
2026-08-24 13:34:58     Container t-coop-backend-db-init-1 Exited 
2026-08-24 13:34:58  ngrok is already running (PID 3776).
2026-08-24 13:34:58  === keep-alive check complete ===
2026-08-24 13:39:47  === keep-alive check starting ===
2026-08-24 13:39:50  Ensuring containers are up (docker compose up -d).
2026-08-24 13:39:51     Container t-coop-backend Running 
2026-08-24 13:39:51     Container t-coop-local-db Running 
2026-08-24 13:39:51     Container t-coop-local-db Waiting 
2026-08-24 13:39:51     Container t-coop-local-db Healthy 
2026-08-24 13:39:51     Container t-coop-backend-db-init-1 Starting 
2026-08-24 13:39:51     Container t-coop-backend-db-init-1 Started 
2026-08-24 13:39:51     Container t-coop-backend-db-init-1 Waiting 
2026-08-24 13:39:52     Container t-coop-backend-db-init-1 Exited 
2026-08-24 13:39:52  ngrok is already running (PID 3776).
2026-08-24 13:39:52  === keep-alive check complete ===
2026-08-24 13:44:47  === keep-alive check starting ===
2026-08-24 13:44:51  Ensuring containers are up (docker compose up -d).
2026-08-24 13:44:51     Container t-coop-backend Running 
2026-08-24 13:44:51     Container t-coop-local-db Running 
2026-08-24 13:44:51     Container t-coop-local-db Waiting 
2026-08-24 13:44:51     Container t-coop-local-db Healthy 
2026-08-24 13:44:51     Container t-coop-backend-db-init-1 Starting 
2026-08-24 13:44:52     Container t-coop-backend-db-init-1 Started 
2026-08-24 13:44:52     Container t-coop-backend-db-init-1 Waiting 
2026-08-24 13:44:52     Container t-coop-backend-db-init-1 Exited 
2026-08-24 13:44:53  ngrok is already running (PID 3776).
2026-08-24 13:44:53  === keep-alive check complete ===
2026-08-24 13:49:47  === keep-alive check starting ===
2026-08-24 13:49:51  Ensuring containers are up (docker compose up -d).
2026-08-24 13:49:51     Container t-coop-backend Running 
2026-08-24 13:49:51     Container t-coop-local-db Running 
2026-08-24 13:49:51     Container t-coop-local-db Waiting 
2026-08-24 13:49:52     Container t-coop-local-db Healthy 
2026-08-24 13:49:52     Container t-coop-backend-db-init-1 Starting 
2026-08-24 13:49:52     Container t-coop-backend-db-init-1 Started 
2026-08-24 13:49:52     Container t-coop-backend-db-init-1 Waiting 
2026-08-24 13:49:52     Container t-coop-backend-db-init-1 Exited 
2026-08-24 13:49:53  ngrok is already running (PID 3776).
2026-08-24 13:49:53  === keep-alive check complete ===
2026-08-24 13:59:49  === keep-alive check starting ===
2026-08-24 13:59:53  Ensuring containers are up (docker compose up -d).
2026-08-24 13:59:53     Container t-coop-backend Running 
2026-08-24 13:59:53     Container t-coop-local-db Running 
2026-08-24 13:59:53     Container t-coop-local-db Waiting 
2026-08-24 13:59:53     Container t-coop-local-db Healthy 
2026-08-24 13:59:53     Container t-coop-backend-db-init-1 Starting 
2026-08-24 13:59:54     Container t-coop-backend-db-init-1 Started 
2026-08-24 13:59:54     Container t-coop-backend-db-init-1 Waiting 
2026-08-24 13:59:54     Container t-coop-backend-db-init-1 Exited 
2026-08-24 13:59:55  ngrok is already running (PID 3776).
2026-08-24 13:59:55  === keep-alive check complete ===
2026-08-24 14:04:47  === keep-alive check starting ===
2026-08-24 14:04:50  Ensuring containers are up (docker compose up -d).
2026-08-24 14:04:50     Container t-coop-local-db Running 
2026-08-24 14:04:50     Container t-coop-backend Recreate 
2026-08-24 14:04:53     Container t-coop-backend Recreated 
2026-08-24 14:04:53     Container t-coop-local-db Waiting 
2026-08-24 14:04:53     Container t-coop-local-db Healthy 
2026-08-24 14:04:53     Container t-coop-backend-db-init-1 Starting 
2026-08-24 14:04:53     Container t-coop-backend-db-init-1 Started 
2026-08-24 14:04:53     Container t-coop-backend-db-init-1 Waiting 
2026-08-24 14:04:54     Container t-coop-backend-db-init-1 Exited 
2026-08-24 14:04:54     Container t-coop-backend Starting 
2026-08-24 14:04:54     Container t-coop-backend Started 
2026-08-24 14:04:55  ngrok is already running (PID 3776).
2026-08-24 14:04:55  === keep-alive check complete ===
2026-08-24 14:10:04  === keep-alive check starting ===
2026-08-24 14:10:09  Ensuring containers are up (docker compose up -d).
2026-08-24 14:10:09     Container t-coop-backend Running 
2026-08-24 14:10:09     Container t-coop-local-db Running 
2026-08-24 14:10:09     Container t-coop-local-db Waiting 
2026-08-24 14:10:10     Container t-coop-local-db Healthy 
2026-08-24 14:10:10     Container t-coop-backend-db-init-1 Starting 
2026-08-24 14:10:10     Container t-coop-backend-db-init-1 Started 
2026-08-24 14:10:10     Container t-coop-backend-db-init-1 Waiting 
2026-08-24 14:10:11     Container t-coop-backend-db-init-1 Exited 
2026-08-24 14:10:11  ngrok is already running (PID 3776).
2026-08-24 14:10:11  === keep-alive check complete ===
2026-08-24 14:14:47  === keep-alive check starting ===
2026-08-24 14:14:49  Ensuring containers are up (docker compose up -d).
2026-08-24 14:14:50     Container t-coop-backend Running 
2026-08-24 14:14:50     Container t-coop-local-db Running 
2026-08-24 14:14:50     Container t-coop-local-db Waiting 
2026-08-24 14:14:50     Container t-coop-local-db Healthy 
2026-08-24 14:14:50     Container t-coop-backend-db-init-1 Starting 
2026-08-24 14:14:50     Container t-coop-backend-db-init-1 Started 
2026-08-24 14:14:50     Container t-coop-backend-db-init-1 Waiting 
2026-08-24 14:14:51     Container t-coop-backend-db-init-1 Exited 
2026-08-24 14:14:51  ngrok is already running (PID 3776).
2026-08-24 14:14:51  === keep-alive check complete ===
2026-08-24 14:19:58  === keep-alive check starting ===
2026-08-24 14:20:02  Ensuring containers are up (docker compose up -d).
2026-08-24 14:20:03     Container t-coop-backend Running 
2026-08-24 14:20:03     Container t-coop-local-db Running 
2026-08-24 14:20:03     Container t-coop-local-db Waiting 
2026-08-24 14:20:03     Container t-coop-local-db Healthy 
2026-08-24 14:20:03     Container t-coop-backend-db-init-1 Starting 
2026-08-24 14:20:03     Container t-coop-backend-db-init-1 Started 
2026-08-24 14:20:03     Container t-coop-backend-db-init-1 Waiting 
2026-08-24 14:20:04     Container t-coop-backend-db-init-1 Exited 
2026-08-24 14:20:04  ngrok is already running (PID 3776).
2026-08-24 14:20:04  === keep-alive check complete ===
2026-08-24 14:24:48  === keep-alive check starting ===
2026-08-24 14:24:52  Ensuring containers are up (docker compose up -d).
2026-08-24 14:24:52     Container t-coop-backend Running 
2026-08-24 14:24:52     Container t-coop-local-db Running 
2026-08-24 14:24:52     Container t-coop-local-db Waiting 
2026-08-24 14:24:52     Container t-coop-local-db Healthy 
2026-08-24 14:24:52     Container t-coop-backend-db-init-1 Starting 
2026-08-24 14:24:53     Container t-coop-backend-db-init-1 Started 
2026-08-24 14:24:53     Container t-coop-backend-db-init-1 Waiting 
2026-08-24 14:24:53     Container t-coop-backend-db-init-1 Exited 
2026-08-24 14:24:54  ngrok is already running (PID 3776).
2026-08-24 14:24:54  === keep-alive check complete ===
2026-08-24 14:29:59  === keep-alive check starting ===
2026-08-24 14:30:02  Ensuring containers are up (docker compose up -d).
2026-08-24 14:30:02     Container t-coop-local-db Running 
2026-08-24 14:30:02     Container t-coop-backend Running 
2026-08-24 14:30:02     Container t-coop-local-db Waiting 
2026-08-24 14:30:03     Container t-coop-local-db Healthy 
2026-08-24 14:30:03     Container t-coop-backend-db-init-1 Starting 
2026-08-24 14:30:03     Container t-coop-backend-db-init-1 Started 
2026-08-24 14:30:03     Container t-coop-backend-db-init-1 Waiting 
2026-08-24 14:30:04     Container t-coop-backend-db-init-1 Exited 
2026-08-24 14:30:04  ngrok is already running (PID 3776).
2026-08-24 14:30:04  === keep-alive check complete ===
2026-08-24 14:39:47  === keep-alive check starting ===
2026-08-24 14:39:48  Ensuring containers are up (docker compose up -d).
2026-08-24 14:39:48     Container t-coop-local-db Running 
2026-08-24 14:39:48     Container t-coop-backend Running 
2026-08-24 14:39:48     Container t-coop-local-db Waiting 
2026-08-24 14:39:49     Container t-coop-local-db Healthy 
2026-08-24 14:39:49     Container t-coop-backend-db-init-1 Starting 
2026-08-24 14:39:49     Container t-coop-backend-db-init-1 Started 
2026-08-24 14:39:49     Container t-coop-backend-db-init-1 Waiting 
2026-08-24 14:39:50     Container t-coop-backend-db-init-1 Exited 
2026-08-24 14:39:50  ngrok is already running (PID 3776).
2026-08-24 14:39:50  === keep-alive check complete ===
2026-08-24 14:44:47  === keep-alive check starting ===
2026-08-24 14:44:48  Ensuring containers are up (docker compose up -d).
2026-08-24 14:44:49     Container t-coop-backend Running 
2026-08-24 14:44:49     Container t-coop-local-db Running 
2026-08-24 14:44:49     Container t-coop-local-db Waiting 
2026-08-24 14:44:49     Container t-coop-local-db Healthy 
2026-08-24 14:44:49     Container t-coop-backend-db-init-1 Starting 
2026-08-24 14:44:49     Container t-coop-backend-db-init-1 Started 
2026-08-24 14:44:49     Container t-coop-backend-db-init-1 Waiting 
2026-08-24 14:44:50     Container t-coop-backend-db-init-1 Exited 
2026-08-24 14:44:51  ngrok is already running (PID 3776).
2026-08-24 14:44:51  === keep-alive check complete ===
2026-08-24 14:49:58  === keep-alive check starting ===
2026-08-24 14:49:59  Ensuring containers are up (docker compose up -d).
2026-08-24 14:49:59     Container t-coop-backend Running 
2026-08-24 14:49:59     Container t-coop-local-db Running 
2026-08-24 14:49:59     Container t-coop-local-db Waiting 
2026-08-24 14:50:00     Container t-coop-local-db Healthy 
2026-08-24 14:50:00     Container t-coop-backend-db-init-1 Starting 
2026-08-24 14:50:00     Container t-coop-backend-db-init-1 Started 
2026-08-24 14:50:00     Container t-coop-backend-db-init-1 Waiting 
2026-08-24 14:50:00     Container t-coop-backend-db-init-1 Exited 
2026-08-24 14:50:01  ngrok is already running (PID 3776).
2026-08-24 14:50:01  === keep-alive check complete ===
2026-08-24 14:54:48  === keep-alive check starting ===
2026-08-24 14:54:50  Ensuring containers are up (docker compose up -d).
2026-08-24 14:54:50     Container t-coop-backend Running 
2026-08-24 14:54:50     Container t-coop-local-db Running 
2026-08-24 14:54:50     Container t-coop-local-db Waiting 
2026-08-24 14:54:51     Container t-coop-local-db Healthy 
2026-08-24 14:54:51     Container t-coop-backend-db-init-1 Starting 
2026-08-24 14:54:51     Container t-coop-backend-db-init-1 Started 
2026-08-24 14:54:51     Container t-coop-backend-db-init-1 Waiting 
2026-08-24 14:54:51     Container t-coop-backend-db-init-1 Exited 
2026-08-24 14:54:52  ngrok is already running (PID 3776).
2026-08-24 14:54:52  === keep-alive check complete ===
2026-08-24 14:59:47  === keep-alive check starting ===
2026-08-24 14:59:50  Ensuring containers are up (docker compose up -d).
2026-08-24 14:59:50     Container t-coop-local-db Running 
2026-08-24 14:59:50     Container t-coop-backend Running 
2026-08-24 14:59:50     Container t-coop-local-db Waiting 
2026-08-24 14:59:51     Container t-coop-local-db Healthy 
2026-08-24 14:59:51     Container t-coop-backend-db-init-1 Starting 
2026-08-24 14:59:51     Container t-coop-backend-db-init-1 Started 
2026-08-24 14:59:51     Container t-coop-backend-db-init-1 Waiting 
2026-08-24 14:59:51     Container t-coop-backend-db-init-1 Exited 
2026-08-24 14:59:52  ngrok is already running (PID 3776).
2026-08-24 14:59:52  === keep-alive check complete ===
2026-08-24 15:04:56  === keep-alive check starting ===
2026-08-24 15:04:58  Ensuring containers are up (docker compose up -d).
2026-08-24 15:04:58     Container t-coop-backend Running 
2026-08-24 15:04:58     Container t-coop-local-db Running 
2026-08-24 15:04:58     Container t-coop-local-db Waiting 
2026-08-24 15:04:59     Container t-coop-local-db Healthy 
2026-08-24 15:04:59     Container t-coop-backend-db-init-1 Starting 
2026-08-24 15:04:59     Container t-coop-backend-db-init-1 Started 
2026-08-24 15:04:59     Container t-coop-backend-db-init-1 Waiting 
2026-08-24 15:05:00     Container t-coop-backend-db-init-1 Exited 
2026-08-24 15:05:00  ngrok is already running (PID 3776).
2026-08-24 15:05:00  === keep-alive check complete ===
2026-08-24 15:12:12  === keep-alive check starting ===
2026-08-24 15:12:19  Ensuring containers are up (docker compose up -d).
2026-08-24 15:12:19     Container t-coop-backend Running 
2026-08-24 15:12:19     Container t-coop-local-db Running 
2026-08-24 15:12:19     Container t-coop-local-db Waiting 
2026-08-24 15:12:20     Container t-coop-local-db Healthy 
2026-08-24 15:12:20     Container t-coop-backend-db-init-1 Starting 
2026-08-24 15:12:20     Container t-coop-backend-db-init-1 Started 
2026-08-24 15:12:20     Container t-coop-backend-db-init-1 Waiting 
2026-08-24 15:12:21     Container t-coop-backend-db-init-1 Exited 
2026-08-24 15:12:21  ngrok is already running (PID 3776).
2026-08-24 15:12:21  === keep-alive check complete ===
2026-08-24 15:14:47  === keep-alive check starting ===
2026-08-24 15:14:50  Ensuring containers are up (docker compose up -d).
2026-08-24 15:14:50     Container t-coop-backend Running 
2026-08-24 15:14:50     Container t-coop-local-db Running 
2026-08-24 15:14:50     Container t-coop-local-db Waiting 
2026-08-24 15:14:51     Container t-coop-local-db Healthy 
2026-08-24 15:14:51     Container t-coop-backend-db-init-1 Starting 
2026-08-24 15:14:51     Container t-coop-backend-db-init-1 Started 
2026-08-24 15:14:51     Container t-coop-backend-db-init-1 Waiting 
2026-08-24 15:14:52     Container t-coop-backend-db-init-1 Exited 
2026-08-24 15:14:52  ngrok is already running (PID 3776).
2026-08-24 15:14:52  === keep-alive check complete ===
2026-08-24 15:19:59  === keep-alive check starting ===
2026-08-24 15:20:01  Ensuring containers are up (docker compose up -d).
2026-08-24 15:20:01     Container t-coop-local-db Running 
2026-08-24 15:20:01     Container t-coop-backend Running 
2026-08-24 15:20:01     Container t-coop-local-db Waiting 
2026-08-24 15:20:02     Container t-coop-local-db Healthy 
2026-08-24 15:20:02     Container t-coop-backend-db-init-1 Starting 
2026-08-24 15:20:02     Container t-coop-backend-db-init-1 Started 
2026-08-24 15:20:02     Container t-coop-backend-db-init-1 Waiting 
2026-08-24 15:20:02     Container t-coop-backend-db-init-1 Exited 
2026-08-24 15:20:03  ngrok is already running (PID 3776).
2026-08-24 15:20:03  === keep-alive check complete ===
2026-08-24 15:24:46  === keep-alive check starting ===
2026-08-24 15:24:48  Ensuring containers are up (docker compose up -d).
2026-08-24 15:24:48     Container t-coop-backend Running 
2026-08-24 15:24:48     Container t-coop-local-db Running 
2026-08-24 15:24:48     Container t-coop-local-db Waiting 
2026-08-24 15:24:49     Container t-coop-local-db Healthy 
2026-08-24 15:24:49     Container t-coop-backend-db-init-1 Starting 
2026-08-24 15:24:49     Container t-coop-backend-db-init-1 Started 
2026-08-24 15:24:49     Container t-coop-backend-db-init-1 Waiting 
2026-08-24 15:24:50     Container t-coop-backend-db-init-1 Exited 
2026-08-24 15:24:50  ngrok is already running (PID 3776).
2026-08-24 15:24:50  === keep-alive check complete ===
2026-08-24 15:29:59  === keep-alive check starting ===
2026-08-24 15:30:00  Ensuring containers are up (docker compose up -d).
2026-08-24 15:30:00     Container t-coop-local-db Running 
2026-08-24 15:30:00     Container t-coop-backend Running 
2026-08-24 15:30:00     Container t-coop-local-db Waiting 
2026-08-24 15:30:01     Container t-coop-local-db Healthy 
2026-08-24 15:30:01     Container t-coop-backend-db-init-1 Starting 
2026-08-24 15:30:01     Container t-coop-backend-db-init-1 Started 
2026-08-24 15:30:01     Container t-coop-backend-db-init-1 Waiting 
2026-08-24 15:30:02     Container t-coop-backend-db-init-1 Exited 
2026-08-24 15:30:03  ngrok is already running (PID 3776).
2026-08-24 15:30:03  === keep-alive check complete ===
2026-08-24 15:34:47  === keep-alive check starting ===
2026-08-24 15:34:49  Ensuring containers are up (docker compose up -d).
2026-08-24 15:34:49     Container t-coop-backend Running 
2026-08-24 15:34:49     Container t-coop-local-db Running 
2026-08-24 15:34:49     Container t-coop-local-db Waiting 
2026-08-24 15:34:50     Container t-coop-local-db Healthy 
2026-08-24 15:34:50     Container t-coop-backend-db-init-1 Starting 
2026-08-24 15:34:50     Container t-coop-backend-db-init-1 Started 
2026-08-24 15:34:50     Container t-coop-backend-db-init-1 Waiting 
2026-08-24 15:34:50     Container t-coop-backend-db-init-1 Exited 
2026-08-24 15:34:51  ngrok is already running (PID 3776).
2026-08-24 15:34:51  === keep-alive check complete ===
2026-08-24 15:54:53  === keep-alive check starting ===
2026-08-24 15:54:56  Ensuring containers are up (docker compose up -d).
2026-08-24 15:54:56     Container t-coop-backend Running 
2026-08-24 15:54:56     Container t-coop-local-db Running 
2026-08-24 15:54:56     Container t-coop-local-db Waiting 
2026-08-24 15:54:57     Container t-coop-local-db Healthy 
2026-08-24 15:54:57     Container t-coop-backend-db-init-1 Starting 
2026-08-24 15:54:58     Container t-coop-backend-db-init-1 Started 
2026-08-24 15:54:58     Container t-coop-backend-db-init-1 Waiting 
2026-08-24 15:54:58     Container t-coop-backend-db-init-1 Exited 
2026-08-24 15:54:59  ngrok is already running (PID 3776).
2026-08-24 15:54:59  === keep-alive check complete ===
2026-08-24 15:59:53  === keep-alive check starting ===
2026-08-24 15:59:54  Ensuring containers are up (docker compose up -d).
2026-08-24 15:59:54     Container t-coop-backend Running 
2026-08-24 15:59:54     Container t-coop-local-db Running 
2026-08-24 15:59:54     Container t-coop-local-db Waiting 
2026-08-24 15:59:55     Container t-coop-local-db Healthy 
2026-08-24 15:59:55     Container t-coop-backend-db-init-1 Starting 
2026-08-24 15:59:55     Container t-coop-backend-db-init-1 Started 
2026-08-24 15:59:55     Container t-coop-backend-db-init-1 Waiting 
2026-08-24 15:59:56     Container t-coop-backend-db-init-1 Exited 
2026-08-24 15:59:57  ngrok is already running (PID 3776).
2026-08-24 15:59:57  === keep-alive check complete ===
2026-08-24 16:04:53  === keep-alive check starting ===
2026-08-24 16:04:54  Ensuring containers are up (docker compose up -d).
2026-08-24 16:04:54     Container t-coop-backend Running 
2026-08-24 16:04:54     Container t-coop-local-db Running 
2026-08-24 16:04:54     Container t-coop-local-db Waiting 
2026-08-24 16:04:55     Container t-coop-local-db Healthy 
2026-08-24 16:04:55     Container t-coop-backend-db-init-1 Starting 
2026-08-24 16:04:56     Container t-coop-backend-db-init-1 Started 
2026-08-24 16:04:56     Container t-coop-backend-db-init-1 Waiting 
2026-08-24 16:04:56     Container t-coop-backend-db-init-1 Exited 
2026-08-24 16:04:56  ngrok is already running (PID 3776).
2026-08-24 16:04:56  === keep-alive check complete ===
2026-08-24 16:09:54  === keep-alive check starting ===
2026-08-24 16:09:55  Ensuring containers are up (docker compose up -d).
2026-08-24 16:09:56     Container t-coop-local-db Running 
2026-08-24 16:09:56     Container t-coop-backend Running 
2026-08-24 16:09:56     Container t-coop-local-db Waiting 
2026-08-24 16:09:56     Container t-coop-local-db Healthy 
2026-08-24 16:09:56     Container t-coop-backend-db-init-1 Starting 
2026-08-24 16:09:56     Container t-coop-backend-db-init-1 Started 
2026-08-24 16:09:56     Container t-coop-backend-db-init-1 Waiting 
2026-08-24 16:09:57     Container t-coop-backend-db-init-1 Exited 
2026-08-24 16:09:57  ngrok is already running (PID 3776).
2026-08-24 16:09:57  === keep-alive check complete ===
2026-08-24 16:19:54  === keep-alive check starting ===
2026-08-24 16:19:56  Ensuring containers are up (docker compose up -d).
2026-08-24 16:19:56     Container t-coop-backend Running 
2026-08-24 16:19:56     Container t-coop-local-db Running 
2026-08-24 16:19:56     Container t-coop-local-db Waiting 
2026-08-24 16:19:57     Container t-coop-local-db Healthy 
2026-08-24 16:19:57     Container t-coop-backend-db-init-1 Starting 
2026-08-24 16:19:57     Container t-coop-backend-db-init-1 Started 
2026-08-24 16:19:57     Container t-coop-backend-db-init-1 Waiting 
2026-08-24 16:19:57     Container t-coop-backend-db-init-1 Exited 
2026-08-24 16:19:58  ngrok is already running (PID 3776).
2026-08-24 16:19:58  === keep-alive check complete ===
2026-08-24 16:29:56  === keep-alive check starting ===
2026-08-24 16:30:00  Ensuring containers are up (docker compose up -d).
2026-08-24 16:30:00     Container t-coop-backend Running 
2026-08-24 16:30:00     Container t-coop-local-db Running 
2026-08-24 16:30:00     Container t-coop-local-db Waiting 
2026-08-24 16:30:01     Container t-coop-local-db Healthy 
2026-08-24 16:30:01     Container t-coop-backend-db-init-1 Starting 
2026-08-24 16:30:01     Container t-coop-backend-db-init-1 Started 
2026-08-24 16:30:01     Container t-coop-backend-db-init-1 Waiting 
2026-08-24 16:30:02     Container t-coop-backend-db-init-1 Exited 
2026-08-24 16:30:03  ngrok is already running (PID 3776).
2026-08-24 16:30:03  === keep-alive check complete ===
2026-08-24 16:34:55  === keep-alive check starting ===
2026-08-24 16:34:57  Ensuring containers are up (docker compose up -d).
2026-08-24 16:34:58     Container t-coop-backend Running 
2026-08-24 16:34:58     Container t-coop-local-db Running 
2026-08-24 16:34:58     Container t-coop-local-db Waiting 
2026-08-24 16:34:58     Container t-coop-local-db Healthy 
2026-08-24 16:34:58     Container t-coop-backend-db-init-1 Starting 
2026-08-24 16:34:58     Container t-coop-backend-db-init-1 Started 
2026-08-24 16:34:58     Container t-coop-backend-db-init-1 Waiting 
2026-08-24 16:34:59     Container t-coop-backend-db-init-1 Exited 
2026-08-24 16:34:59  ngrok is already running (PID 3776).
2026-08-24 16:34:59  === keep-alive check complete ===
2026-08-24 16:39:54  === keep-alive check starting ===
2026-08-24 16:39:56  Ensuring containers are up (docker compose up -d).
2026-08-24 16:39:57     Container t-coop-backend Running 
2026-08-24 16:39:57     Container t-coop-local-db Running 
2026-08-24 16:39:57     Container t-coop-local-db Waiting 
2026-08-24 16:39:57     Container t-coop-local-db Healthy 
2026-08-24 16:39:57     Container t-coop-backend-db-init-1 Starting 
2026-08-24 16:39:57     Container t-coop-backend-db-init-1 Started 
2026-08-24 16:39:57     Container t-coop-backend-db-init-1 Waiting 
2026-08-24 16:39:58     Container t-coop-backend-db-init-1 Exited 
2026-08-24 16:39:58  ngrok is already running (PID 3776).
2026-08-24 16:39:58  === keep-alive check complete ===
2026-08-24 16:44:54  === keep-alive check starting ===
2026-08-24 16:44:55  Ensuring containers are up (docker compose up -d).
2026-08-24 16:44:55     Container t-coop-backend Running 
2026-08-24 16:44:55     Container t-coop-local-db Running 
2026-08-24 16:44:55     Container t-coop-local-db Waiting 
2026-08-24 16:44:55     Container t-coop-local-db Healthy 
2026-08-24 16:44:55     Container t-coop-backend-db-init-1 Starting 
2026-08-24 16:44:56     Container t-coop-backend-db-init-1 Started 
2026-08-24 16:44:56     Container t-coop-backend-db-init-1 Waiting 
2026-08-24 16:44:56     Container t-coop-backend-db-init-1 Exited 
2026-08-24 16:44:56  ngrok is already running (PID 3776).
2026-08-24 16:44:56  === keep-alive check complete ===
2026-08-24 16:49:55  === keep-alive check starting ===
2026-08-24 16:49:56  Ensuring containers are up (docker compose up -d).
2026-08-24 16:49:56     Container t-coop-backend Running 
2026-08-24 16:49:56     Container t-coop-local-db Running 
2026-08-24 16:49:56     Container t-coop-local-db Waiting 
2026-08-24 16:49:56     Container t-coop-local-db Healthy 
2026-08-24 16:49:56     Container t-coop-backend-db-init-1 Starting 
2026-08-24 16:49:56     Container t-coop-backend-db-init-1 Started 
2026-08-24 16:49:56     Container t-coop-backend-db-init-1 Waiting 
2026-08-24 16:49:57     Container t-coop-backend-db-init-1 Exited 
2026-08-24 16:49:57  ngrok is already running (PID 3776).
2026-08-24 16:49:57  === keep-alive check complete ===
2026-08-24 16:55:08  === keep-alive check starting ===
2026-08-24 16:55:08  Ensuring containers are up (docker compose up -d).
2026-08-24 16:55:09     Container t-coop-local-db Running 
2026-08-24 16:55:09     Container t-coop-backend Running 
2026-08-24 16:55:09     Container t-coop-local-db Waiting 
2026-08-24 16:55:09     Container t-coop-local-db Healthy 
2026-08-24 16:55:09     Container t-coop-backend-db-init-1 Starting 
2026-08-24 16:55:09     Container t-coop-backend-db-init-1 Started 
2026-08-24 16:55:09     Container t-coop-backend-db-init-1 Waiting 
2026-08-24 16:55:10     Container t-coop-backend-db-init-1 Exited 
2026-08-24 16:55:10  ngrok is already running (PID 3776).
2026-08-24 16:55:10  === keep-alive check complete ===
2026-08-24 16:59:53  === keep-alive check starting ===
2026-08-24 16:59:54  Ensuring containers are up (docker compose up -d).
2026-08-24 16:59:54     Container t-coop-local-db Running 
2026-08-24 16:59:54     Container t-coop-backend Running 
2026-08-24 16:59:54     Container t-coop-local-db Waiting 
2026-08-24 16:59:55     Container t-coop-local-db Healthy 
2026-08-24 16:59:55     Container t-coop-backend-db-init-1 Starting 
2026-08-24 16:59:55     Container t-coop-backend-db-init-1 Started 
2026-08-24 16:59:55     Container t-coop-backend-db-init-1 Waiting 
2026-08-24 16:59:55     Container t-coop-backend-db-init-1 Exited 
2026-08-24 16:59:56  ngrok is already running (PID 3776).
2026-08-24 16:59:56  === keep-alive check complete ===
2026-08-24 17:04:53  === keep-alive check starting ===
2026-08-24 17:04:54  Ensuring containers are up (docker compose up -d).
2026-08-24 17:04:54     Container t-coop-backend Running 
2026-08-24 17:04:54     Container t-coop-local-db Running 
2026-08-24 17:04:54     Container t-coop-local-db Waiting 
2026-08-24 17:04:55     Container t-coop-local-db Healthy 
2026-08-24 17:04:55     Container t-coop-backend-db-init-1 Starting 
2026-08-24 17:04:55     Container t-coop-backend-db-init-1 Started 
2026-08-24 17:04:55     Container t-coop-backend-db-init-1 Waiting 
2026-08-24 17:04:55     Container t-coop-backend-db-init-1 Exited 
2026-08-24 17:04:55  ngrok is already running (PID 3776).
2026-08-24 17:04:55  === keep-alive check complete ===
2026-08-24 17:09:53  === keep-alive check starting ===
2026-08-24 17:10:06  Ensuring containers are up (docker compose up -d).
2026-08-24 17:10:06     Container t-coop-backend Running 
2026-08-24 17:10:06     Container t-coop-local-db Running 
2026-08-24 17:10:06     Container t-coop-local-db Waiting 
2026-08-24 17:10:07     Container t-coop-local-db Healthy 
2026-08-24 17:10:07     Container t-coop-backend-db-init-1 Starting 
2026-08-24 17:10:07     Container t-coop-backend-db-init-1 Started 
2026-08-24 17:10:07     Container t-coop-backend-db-init-1 Waiting 
2026-08-24 17:10:07     Container t-coop-backend-db-init-1 Exited 
2026-08-24 17:10:07  ngrok is already running (PID 3776).
2026-08-24 17:10:07  === keep-alive check complete ===
2026-08-24 17:14:53  === keep-alive check starting ===
2026-08-24 17:14:54  Ensuring containers are up (docker compose up -d).
2026-08-24 17:14:54     Container t-coop-backend Running 
2026-08-24 17:14:54     Container t-coop-local-db Running 
2026-08-24 17:14:54     Container t-coop-local-db Waiting 
2026-08-24 17:14:55     Container t-coop-local-db Healthy 
2026-08-24 17:14:55     Container t-coop-backend-db-init-1 Starting 
2026-08-24 17:14:55     Container t-coop-backend-db-init-1 Started 
2026-08-24 17:14:55     Container t-coop-backend-db-init-1 Waiting 
2026-08-24 17:14:55     Container t-coop-backend-db-init-1 Exited 
2026-08-24 17:14:56  ngrok is already running (PID 3776).
2026-08-24 17:14:56  === keep-alive check complete ===
2026-08-24 17:19:53  === keep-alive check starting ===
2026-08-24 17:19:55  Ensuring containers are up (docker compose up -d).
2026-08-24 17:19:55     Container t-coop-local-db Running 
2026-08-24 17:19:55     Container t-coop-backend Running 
2026-08-24 17:19:55     Container t-coop-local-db Waiting 
2026-08-24 17:19:56     Container t-coop-local-db Healthy 
2026-08-24 17:19:56     Container t-coop-backend-db-init-1 Starting 
2026-08-24 17:19:56     Container t-coop-backend-db-init-1 Started 
2026-08-24 17:19:56     Container t-coop-backend-db-init-1 Waiting 
2026-08-24 17:19:56     Container t-coop-backend-db-init-1 Exited 
2026-08-24 17:19:57  ngrok is already running (PID 3776).
2026-08-24 17:19:57  === keep-alive check complete ===
2026-08-24 17:24:51  === keep-alive check starting ===
2026-08-24 17:24:54  Ensuring containers are up (docker compose up -d).
2026-08-24 17:24:54     Container t-coop-backend Running 
2026-08-24 17:24:54     Container t-coop-local-db Running 
2026-08-24 17:24:54     Container t-coop-local-db Waiting 
2026-08-24 17:24:55     Container t-coop-local-db Healthy 
2026-08-24 17:24:55     Container t-coop-backend-db-init-1 Starting 
2026-08-24 17:24:55     Container t-coop-backend-db-init-1 Started 
2026-08-24 17:24:55     Container t-coop-backend-db-init-1 Waiting 
2026-08-24 17:24:56     Container t-coop-backend-db-init-1 Exited 
2026-08-24 17:24:56  ngrok is already running (PID 3776).
2026-08-24 17:24:56  === keep-alive check complete ===
2026-08-24 17:29:53  === keep-alive check starting ===
2026-08-24 17:29:56  Ensuring containers are up (docker compose up -d).
2026-08-24 17:29:56     Container t-coop-backend Running 
2026-08-24 17:29:56     Container t-coop-local-db Running 
2026-08-24 17:29:56     Container t-coop-local-db Waiting 
2026-08-24 17:29:56     Container t-coop-local-db Healthy 
2026-08-24 17:29:56     Container t-coop-backend-db-init-1 Starting 
2026-08-24 17:29:57     Container t-coop-backend-db-init-1 Started 
2026-08-24 17:29:57     Container t-coop-backend-db-init-1 Waiting 
2026-08-24 17:29:57     Container t-coop-backend-db-init-1 Exited 
2026-08-24 17:29:57  ngrok is already running (PID 3776).
2026-08-24 17:29:57  === keep-alive check complete ===
2026-08-24 17:34:52  === keep-alive check starting ===
2026-08-24 17:34:55  Ensuring containers are up (docker compose up -d).
2026-08-24 17:34:55     Container t-coop-backend Running 
2026-08-24 17:34:55     Container t-coop-local-db Running 
2026-08-24 17:34:55     Container t-coop-local-db Waiting 
2026-08-24 17:34:56     Container t-coop-local-db Healthy 
2026-08-24 17:34:56     Container t-coop-backend-db-init-1 Starting 
2026-08-24 17:34:56     Container t-coop-backend-db-init-1 Started 
2026-08-24 17:34:56     Container t-coop-backend-db-init-1 Waiting 
2026-08-24 17:34:57     Container t-coop-backend-db-init-1 Exited 
2026-08-24 17:34:57  ngrok is already running (PID 3776).
2026-08-24 17:34:57  === keep-alive check complete ===
2026-08-24 17:39:53  === keep-alive check starting ===
2026-08-24 17:39:57  Ensuring containers are up (docker compose up -d).
2026-08-24 17:39:57     Container t-coop-backend Running 
2026-08-24 17:39:57     Container t-coop-local-db Running 
2026-08-24 17:39:57     Container t-coop-local-db Waiting 
2026-08-24 17:39:57     Container t-coop-local-db Healthy 
2026-08-24 17:39:57     Container t-coop-backend-db-init-1 Starting 
2026-08-24 17:39:58     Container t-coop-backend-db-init-1 Started 
2026-08-24 17:39:58     Container t-coop-backend-db-init-1 Waiting 
2026-08-24 17:39:58     Container t-coop-backend-db-init-1 Exited 
2026-08-24 17:39:58  ngrok is already running (PID 3776).
2026-08-24 17:39:58  === keep-alive check complete ===
2026-08-24 17:49:54  === keep-alive check starting ===
2026-08-24 17:49:57  Ensuring containers are up (docker compose up -d).
2026-08-24 17:49:57     Container t-coop-backend Running 
2026-08-24 17:49:57     Container t-coop-local-db Running 
2026-08-24 17:49:57     Container t-coop-local-db Waiting 
2026-08-24 17:49:58     Container t-coop-local-db Healthy 
2026-08-24 17:49:58     Container t-coop-backend-db-init-1 Starting 
2026-08-24 17:49:58     Container t-coop-backend-db-init-1 Started 
2026-08-24 17:49:58     Container t-coop-backend-db-init-1 Waiting 
2026-08-24 17:49:58     Container t-coop-backend-db-init-1 Exited 
2026-08-24 17:49:59  ngrok is already running (PID 3776).
2026-08-24 17:49:59  === keep-alive check complete ===
2026-08-24 17:54:53  === keep-alive check starting ===
2026-08-24 17:54:56  Ensuring containers are up (docker compose up -d).
2026-08-24 17:54:57     Container t-coop-backend Running 
2026-08-24 17:54:57     Container t-coop-local-db Running 
2026-08-24 17:54:57     Container t-coop-local-db Waiting 
2026-08-24 17:54:57     Container t-coop-local-db Healthy 
2026-08-24 17:54:57     Container t-coop-backend-db-init-1 Starting 
2026-08-24 17:54:57     Container t-coop-backend-db-init-1 Started 
2026-08-24 17:54:57     Container t-coop-backend-db-init-1 Waiting 
2026-08-24 17:54:58     Container t-coop-backend-db-init-1 Exited 
2026-08-24 17:54:58  ngrok is already running (PID 3776).
2026-08-24 17:54:58  === keep-alive check complete ===
2026-08-24 17:59:54  === keep-alive check starting ===
2026-08-24 17:59:57  Ensuring containers are up (docker compose up -d).
2026-08-24 17:59:57     Container t-coop-local-db Running 
2026-08-24 17:59:57     Container t-coop-backend Running 
2026-08-24 17:59:57     Container t-coop-local-db Waiting 
2026-08-24 17:59:57     Container t-coop-local-db Healthy 
2026-08-24 17:59:57     Container t-coop-backend-db-init-1 Starting 
2026-08-24 17:59:58     Container t-coop-backend-db-init-1 Started 
2026-08-24 17:59:58     Container t-coop-backend-db-init-1 Waiting 
2026-08-24 17:59:58     Container t-coop-backend-db-init-1 Exited 
2026-08-24 17:59:59  ngrok is already running (PID 3776).
2026-08-24 17:59:59  === keep-alive check complete ===
2026-08-24 18:19:54  === keep-alive check starting ===
2026-08-24 18:19:58  Ensuring containers are up (docker compose up -d).
2026-08-24 18:19:59     Container t-coop-backend Running 
2026-08-24 18:19:59     Container t-coop-local-db Running 
2026-08-24 18:19:59     Container t-coop-local-db Waiting 
2026-08-24 18:19:59     Container t-coop-local-db Healthy 
2026-08-24 18:19:59     Container t-coop-backend-db-init-1 Starting 
2026-08-24 18:19:59     Container t-coop-backend-db-init-1 Started 
2026-08-24 18:19:59     Container t-coop-backend-db-init-1 Waiting 
2026-08-24 18:20:00     Container t-coop-backend-db-init-1 Exited 
2026-08-24 18:20:00  ngrok is already running (PID 3776).
2026-08-24 18:20:00  === keep-alive check complete ===
2026-08-24 18:29:54  === keep-alive check starting ===
2026-08-24 18:29:58  Ensuring containers are up (docker compose up -d).
2026-08-24 18:29:58     Container t-coop-local-db Running 
2026-08-24 18:29:58     Container t-coop-backend Running 
2026-08-24 18:29:58     Container t-coop-local-db Waiting 
2026-08-24 18:29:58     Container t-coop-local-db Healthy 
2026-08-24 18:29:58     Container t-coop-backend-db-init-1 Starting 
2026-08-24 18:29:59     Container t-coop-backend-db-init-1 Started 
2026-08-24 18:29:59     Container t-coop-backend-db-init-1 Waiting 
2026-08-24 18:29:59     Container t-coop-backend-db-init-1 Exited 
2026-08-24 18:30:00  ngrok is already running (PID 3776).
2026-08-24 18:30:00  === keep-alive check complete ===
2026-08-24 18:34:54  === keep-alive check starting ===
2026-08-24 18:34:58  Ensuring containers are up (docker compose up -d).
2026-08-24 18:34:58     Container t-coop-backend Running 
2026-08-24 18:34:58     Container t-coop-local-db Running 
2026-08-24 18:34:58     Container t-coop-local-db Waiting 
2026-08-24 18:34:59     Container t-coop-local-db Healthy 
2026-08-24 18:34:59     Container t-coop-backend-db-init-1 Starting 
2026-08-24 18:34:59     Container t-coop-backend-db-init-1 Started 
2026-08-24 18:34:59     Container t-coop-backend-db-init-1 Waiting 
2026-08-24 18:34:59     Container t-coop-backend-db-init-1 Exited 
2026-08-24 18:35:00  ngrok is already running (PID 3776).
2026-08-24 18:35:00  === keep-alive check complete ===
2026-08-24 18:39:54  === keep-alive check starting ===
2026-08-24 18:39:57  Ensuring containers are up (docker compose up -d).
2026-08-24 18:39:57     Container t-coop-backend Running 
2026-08-24 18:39:57     Container t-coop-local-db Running 
2026-08-24 18:39:57     Container t-coop-local-db Waiting 
2026-08-24 18:39:58     Container t-coop-local-db Healthy 
2026-08-24 18:39:58     Container t-coop-backend-db-init-1 Starting 
2026-08-24 18:39:58     Container t-coop-backend-db-init-1 Started 
2026-08-24 18:39:58     Container t-coop-backend-db-init-1 Waiting 
2026-08-24 18:39:59     Container t-coop-backend-db-init-1 Exited 
2026-08-24 18:39:59  ngrok is already running (PID 3776).
2026-08-24 18:39:59  === keep-alive check complete ===
2026-08-24 18:44:54  === keep-alive check starting ===
2026-08-24 18:44:57  Ensuring containers are up (docker compose up -d).
2026-08-24 18:44:57     Container t-coop-local-db Running 
2026-08-24 18:44:57     Container t-coop-backend Running 
2026-08-24 18:44:57     Container t-coop-local-db Waiting 
2026-08-24 18:44:58     Container t-coop-local-db Healthy 
2026-08-24 18:44:58     Container t-coop-backend-db-init-1 Starting 
2026-08-24 18:44:58     Container t-coop-backend-db-init-1 Started 
2026-08-24 18:44:58     Container t-coop-backend-db-init-1 Waiting 
2026-08-24 18:44:58     Container t-coop-backend-db-init-1 Exited 
2026-08-24 18:44:59  ngrok is already running (PID 3776).
2026-08-24 18:44:59  === keep-alive check complete ===
2026-08-24 18:49:54  === keep-alive check starting ===
2026-08-24 18:49:58  Ensuring containers are up (docker compose up -d).
2026-08-24 18:49:58     Container t-coop-local-db Running 
2026-08-24 18:49:58     Container t-coop-backend Running 
2026-08-24 18:49:58     Container t-coop-local-db Waiting 
2026-08-24 18:49:59     Container t-coop-local-db Healthy 
2026-08-24 18:49:59     Container t-coop-backend-db-init-1 Starting 
2026-08-24 18:49:59     Container t-coop-backend-db-init-1 Started 
2026-08-24 18:49:59     Container t-coop-backend-db-init-1 Waiting 
2026-08-24 18:49:59     Container t-coop-backend-db-init-1 Exited 
2026-08-24 18:50:00  ngrok is already running (PID 3776).
2026-08-24 18:50:00  === keep-alive check complete ===
2026-08-24 18:54:54  === keep-alive check starting ===
2026-08-24 18:54:58  Ensuring containers are up (docker compose up -d).
2026-08-24 18:54:58     Container t-coop-backend Running 
2026-08-24 18:54:58     Container t-coop-local-db Running 
2026-08-24 18:54:58     Container t-coop-local-db Waiting 
2026-08-24 18:54:58     Container t-coop-local-db Healthy 
2026-08-24 18:54:58     Container t-coop-backend-db-init-1 Starting 
2026-08-24 18:54:59     Container t-coop-backend-db-init-1 Started 
2026-08-24 18:54:59     Container t-coop-backend-db-init-1 Waiting 
2026-08-24 18:54:59     Container t-coop-backend-db-init-1 Exited 
2026-08-24 18:54:59  ngrok is already running (PID 3776).
2026-08-24 18:54:59  === keep-alive check complete ===
2026-08-24 18:59:55  === keep-alive check starting ===
2026-08-24 18:59:59  Ensuring containers are up (docker compose up -d).
2026-08-24 18:59:59     Container t-coop-backend Running 
2026-08-24 18:59:59     Container t-coop-local-db Running 
2026-08-24 18:59:59     Container t-coop-local-db Waiting 
2026-08-24 18:59:59     Container t-coop-local-db Healthy 
2026-08-24 18:59:59     Container t-coop-backend-db-init-1 Starting 
2026-08-24 19:00:00     Container t-coop-backend-db-init-1 Started 
2026-08-24 19:00:00     Container t-coop-backend-db-init-1 Waiting 
2026-08-24 19:00:00     Container t-coop-backend-db-init-1 Exited 
2026-08-24 19:00:01  ngrok is already running (PID 3776).
2026-08-24 19:00:01  === keep-alive check complete ===
2026-08-24 19:04:54  === keep-alive check starting ===
2026-08-24 19:04:55  Ensuring containers are up (docker compose up -d).
2026-08-24 19:04:55     Container t-coop-backend Running 
2026-08-24 19:04:55     Container t-coop-local-db Running 
2026-08-24 19:04:55     Container t-coop-local-db Waiting 
2026-08-24 19:04:56     Container t-coop-local-db Healthy 
2026-08-24 19:04:56     Container t-coop-backend-db-init-1 Starting 
2026-08-24 19:04:56     Container t-coop-backend-db-init-1 Started 
2026-08-24 19:04:56     Container t-coop-backend-db-init-1 Waiting 
2026-08-24 19:04:56     Container t-coop-backend-db-init-1 Exited 
2026-08-24 19:04:57  ngrok is already running (PID 3776).
2026-08-24 19:04:57  === keep-alive check complete ===
2026-08-24 19:09:54  === keep-alive check starting ===
2026-08-24 19:09:55  Ensuring containers are up (docker compose up -d).
2026-08-24 19:09:55     Container t-coop-local-db Running 
2026-08-24 19:09:55     Container t-coop-backend Running 
2026-08-24 19:09:55     Container t-coop-local-db Waiting 
2026-08-24 19:09:56     Container t-coop-local-db Healthy 
2026-08-24 19:09:56     Container t-coop-backend-db-init-1 Starting 
2026-08-24 19:09:56     Container t-coop-backend-db-init-1 Started 
2026-08-24 19:09:56     Container t-coop-backend-db-init-1 Waiting 
2026-08-24 19:09:56     Container t-coop-backend-db-init-1 Exited 
2026-08-24 19:09:57  ngrok is already running (PID 3776).
2026-08-24 19:09:57  === keep-alive check complete ===
2026-08-24 19:14:54  === keep-alive check starting ===
2026-08-24 19:14:56  Ensuring containers are up (docker compose up -d).
2026-08-24 19:14:56     Container t-coop-local-db Running 
2026-08-24 19:14:56     Container t-coop-backend Running 
2026-08-24 19:14:56     Container t-coop-local-db Waiting 
2026-08-24 19:14:56     Container t-coop-local-db Healthy 
2026-08-24 19:14:56     Container t-coop-backend-db-init-1 Starting 
2026-08-24 19:14:57     Container t-coop-backend-db-init-1 Started 
2026-08-24 19:14:57     Container t-coop-backend-db-init-1 Waiting 
2026-08-24 19:14:57     Container t-coop-backend-db-init-1 Exited 
2026-08-24 19:14:58  ngrok is already running (PID 3776).
2026-08-24 19:14:58  === keep-alive check complete ===
2026-08-24 19:19:53  === keep-alive check starting ===
2026-08-24 19:19:56  Ensuring containers are up (docker compose up -d).
2026-08-24 19:19:56     Container t-coop-backend Running 
2026-08-24 19:19:56     Container t-coop-local-db Running 
2026-08-24 19:19:56     Container t-coop-local-db Waiting 
2026-08-24 19:19:57     Container t-coop-local-db Healthy 
2026-08-24 19:19:57     Container t-coop-backend-db-init-1 Starting 
2026-08-24 19:19:57     Container t-coop-backend-db-init-1 Started 
2026-08-24 19:19:57     Container t-coop-backend-db-init-1 Waiting 
2026-08-24 19:19:57     Container t-coop-backend-db-init-1 Exited 
2026-08-24 19:19:58  ngrok is already running (PID 3776).
2026-08-24 19:19:58  === keep-alive check complete ===
2026-08-24 22:42:28  === keep-alive check starting ===
2026-08-24 22:42:33  Docker Desktop not running - launching it.
2026-08-24 22:42:50  Docker engine is ready.
2026-08-24 22:42:53  Ensuring containers are up (docker compose up -d).
2026-08-24 22:42:54     Container t-coop-backend Running 
2026-08-24 22:42:54     Container t-coop-local-db Starting 
2026-08-24 22:42:55     Container t-coop-local-db Started 
2026-08-24 22:42:55     Container t-coop-local-db Waiting 
2026-08-24 22:43:06     Container t-coop-local-db Healthy 
2026-08-24 22:43:06     Container t-coop-backend-db-init-1 Starting 
2026-08-24 22:43:07     Container t-coop-backend-db-init-1 Started 
2026-08-24 22:43:07     Container t-coop-backend-db-init-1 Waiting 
2026-08-24 22:43:07     Container t-coop-backend-db-init-1 Exited 
2026-08-24 22:43:07  ngrok is not running - starting tunnel on hamster-probiotic-compile.ngrok-free.dev.
2026-08-24 22:43:07  === keep-alive check complete ===
2026-08-24 22:49:54  === keep-alive check starting ===
2026-08-24 22:49:59  Ensuring containers are up (docker compose up -d).
2026-08-24 22:50:00     Container t-coop-local-db Running 
2026-08-24 22:50:00     Container t-coop-backend Running 
2026-08-24 22:50:00     Container t-coop-local-db Waiting 
2026-08-24 22:50:00     Container t-coop-local-db Healthy 
2026-08-24 22:50:00     Container t-coop-backend-db-init-1 Starting 
2026-08-24 22:50:00     Container t-coop-backend-db-init-1 Started 
2026-08-24 22:50:00     Container t-coop-backend-db-init-1 Waiting 
2026-08-24 22:50:01     Container t-coop-backend-db-init-1 Exited 
2026-08-24 22:50:01  ngrok is already running (PID 11852).
2026-08-24 22:50:01  === keep-alive check complete ===
2026-08-26 08:29:05  === keep-alive check starting ===
2026-08-26 08:29:15  Docker Desktop not running - launching it.
2026-08-26 08:29:28  Docker engine is ready.
2026-08-26 08:29:30  Ensuring containers are up (docker compose up -d).
2026-08-26 08:29:31     Container t-coop-backend Running 
2026-08-26 08:29:31     Container t-coop-local-db Starting 
2026-08-26 08:29:32     Container t-coop-local-db Started 
2026-08-26 08:29:32     Container t-coop-local-db Waiting 
2026-08-26 08:29:47     Container t-coop-local-db Healthy 
2026-08-26 08:29:47     Container t-coop-backend-db-init-1 Starting 
2026-08-26 08:29:47     Container t-coop-backend-db-init-1 Started 
2026-08-26 08:29:47     Container t-coop-backend-db-init-1 Waiting 
2026-08-26 08:29:48     Container t-coop-backend-db-init-1 Exited 
2026-08-26 08:29:49  ngrok is not running - starting tunnel on hamster-probiotic-compile.ngrok-free.dev.
2026-08-26 08:29:49  === keep-alive check complete ===
2026-08-26 08:34:48  === keep-alive check starting ===
2026-08-26 08:35:04  Ensuring containers are up (docker compose up -d).
2026-08-26 08:35:08     Container t-coop-backend Running 
2026-08-26 08:35:08     Container t-coop-local-db Running 
2026-08-26 08:35:08     Container t-coop-local-db Waiting 
2026-08-26 08:35:09     Container t-coop-local-db Healthy 
2026-08-26 08:35:09     Container t-coop-backend-db-init-1 Starting 
2026-08-26 08:35:10     Container t-coop-backend-db-init-1 Started 
2026-08-26 08:35:10     Container t-coop-backend-db-init-1 Waiting 
2026-08-26 08:35:10     Container t-coop-backend-db-init-1 Exited 
2026-08-26 08:35:11  ngrok is already running (PID 10952).
2026-08-26 08:35:11  === keep-alive check complete ===
2026-08-26 08:40:00  === keep-alive check starting ===
2026-08-26 08:40:06  Ensuring containers are up (docker compose up -d).
2026-08-26 08:40:07     Container t-coop-backend Running 
2026-08-26 08:40:07     Container t-coop-local-db Running 
2026-08-26 08:40:07     Container t-coop-local-db Waiting 
2026-08-26 08:40:07     Container t-coop-local-db Healthy 
2026-08-26 08:40:07     Container t-coop-backend-db-init-1 Starting 
2026-08-26 08:40:07     Container t-coop-backend-db-init-1 Started 
2026-08-26 08:40:07     Container t-coop-backend-db-init-1 Waiting 
2026-08-26 08:40:08     Container t-coop-backend-db-init-1 Exited 
2026-08-26 08:40:09  ngrok is already running (PID 10952).
2026-08-26 08:40:09  === keep-alive check complete ===
2026-08-26 08:44:48  === keep-alive check starting ===
2026-08-26 08:44:52  Ensuring containers are up (docker compose up -d).
2026-08-26 08:44:53     Container t-coop-backend Running 
2026-08-26 08:44:53     Container t-coop-local-db Running 
2026-08-26 08:44:53     Container t-coop-local-db Waiting 
2026-08-26 08:44:53     Container t-coop-local-db Healthy 
2026-08-26 08:44:53     Container t-coop-backend-db-init-1 Starting 
2026-08-26 08:44:53     Container t-coop-backend-db-init-1 Started 
2026-08-26 08:44:53     Container t-coop-backend-db-init-1 Waiting 
2026-08-26 08:44:54     Container t-coop-backend-db-init-1 Exited 
2026-08-26 08:44:54  ngrok is already running (PID 10952).
2026-08-26 08:44:54  === keep-alive check complete ===
2026-08-26 08:49:47  === keep-alive check starting ===
2026-08-26 08:49:52  Ensuring containers are up (docker compose up -d).
2026-08-26 08:49:52     Container t-coop-local-db Running 
2026-08-26 08:49:52     Container t-coop-backend Running 
2026-08-26 08:49:52     Container t-coop-local-db Waiting 
2026-08-26 08:49:53     Container t-coop-local-db Healthy 
2026-08-26 08:49:53     Container t-coop-backend-db-init-1 Starting 
2026-08-26 08:49:53     Container t-coop-backend-db-init-1 Started 
2026-08-26 08:49:53     Container t-coop-backend-db-init-1 Waiting 
2026-08-26 08:49:54     Container t-coop-backend-db-init-1 Exited 
2026-08-26 08:49:55  ngrok is already running (PID 10952).
2026-08-26 08:49:55  === keep-alive check complete ===
2026-08-26 08:54:47  === keep-alive check starting ===
2026-08-26 08:54:51  Ensuring containers are up (docker compose up -d).
2026-08-26 08:54:52     Container t-coop-backend Running 
2026-08-26 08:54:52     Container t-coop-local-db Running 
2026-08-26 08:54:52     Container t-coop-local-db Waiting 
2026-08-26 08:54:52     Container t-coop-local-db Healthy 
2026-08-26 08:54:52     Container t-coop-backend-db-init-1 Starting 
2026-08-26 08:54:53     Container t-coop-backend-db-init-1 Started 
2026-08-26 08:54:53     Container t-coop-backend-db-init-1 Waiting 
2026-08-26 08:54:53     Container t-coop-backend-db-init-1 Exited 
2026-08-26 08:54:54  ngrok is already running (PID 10952).
2026-08-26 08:54:54  === keep-alive check complete ===
2026-08-26 08:59:59  === keep-alive check starting ===
2026-08-26 09:00:03  Ensuring containers are up (docker compose up -d).
2026-08-26 09:00:03     Container t-coop-backend Running 
2026-08-26 09:00:03     Container t-coop-local-db Running 
2026-08-26 09:00:03     Container t-coop-local-db Waiting 
2026-08-26 09:00:04     Container t-coop-local-db Healthy 
2026-08-26 09:00:04     Container t-coop-backend-db-init-1 Starting 
2026-08-26 09:00:04     Container t-coop-backend-db-init-1 Started 
2026-08-26 09:00:04     Container t-coop-backend-db-init-1 Waiting 
2026-08-26 09:00:04     Container t-coop-backend-db-init-1 Exited 
2026-08-26 09:00:05  ngrok is already running (PID 10952).
2026-08-26 09:00:05  === keep-alive check complete ===
2026-08-26 09:04:47  === keep-alive check starting ===
2026-08-26 09:04:51  Ensuring containers are up (docker compose up -d).
2026-08-26 09:04:51     Container t-coop-local-db Running 
2026-08-26 09:04:51     Container t-coop-backend Running 
2026-08-26 09:04:51     Container t-coop-local-db Waiting 
2026-08-26 09:04:52     Container t-coop-local-db Healthy 
2026-08-26 09:04:52     Container t-coop-backend-db-init-1 Starting 
2026-08-26 09:04:52     Container t-coop-backend-db-init-1 Started 
2026-08-26 09:04:52     Container t-coop-backend-db-init-1 Waiting 
2026-08-26 09:04:53     Container t-coop-backend-db-init-1 Exited 
2026-08-26 09:04:53  ngrok is already running (PID 10952).
2026-08-26 09:04:53  === keep-alive check complete ===
2026-08-26 09:09:57  === keep-alive check starting ===
2026-08-26 09:10:00  Ensuring containers are up (docker compose up -d).
2026-08-26 09:10:01     Container t-coop-backend Running 
2026-08-26 09:10:01     Container t-coop-local-db Running 
2026-08-26 09:10:01     Container t-coop-local-db Waiting 
2026-08-26 09:10:01     Container t-coop-local-db Healthy 
2026-08-26 09:10:01     Container t-coop-backend-db-init-1 Starting 
2026-08-26 09:10:01     Container t-coop-backend-db-init-1 Started 
2026-08-26 09:10:02     Container t-coop-backend-db-init-1 Waiting 
2026-08-26 09:10:02     Container t-coop-backend-db-init-1 Exited 
2026-08-26 09:10:03  ngrok is already running (PID 10952).
2026-08-26 09:10:03  === keep-alive check complete ===
2026-08-26 09:14:47  === keep-alive check starting ===
2026-08-26 09:14:51  Ensuring containers are up (docker compose up -d).
2026-08-26 09:14:52     Container t-coop-local-db Running 
2026-08-26 09:14:52     Container t-coop-backend Running 
2026-08-26 09:14:52     Container t-coop-local-db Waiting 
2026-08-26 09:14:52     Container t-coop-local-db Healthy 
2026-08-26 09:14:52     Container t-coop-backend-db-init-1 Starting 
2026-08-26 09:14:52     Container t-coop-backend-db-init-1 Started 
2026-08-26 09:14:52     Container t-coop-backend-db-init-1 Waiting 
2026-08-26 09:14:53     Container t-coop-backend-db-init-1 Exited 
2026-08-26 09:14:53  ngrok is already running (PID 10952).
2026-08-26 09:14:53  === keep-alive check complete ===
2026-08-26 09:24:47  === keep-alive check starting ===
2026-08-26 09:24:52  Ensuring containers are up (docker compose up -d).
2026-08-26 09:24:53     Container t-coop-backend Running 
2026-08-26 09:24:53     Container t-coop-local-db Running 
2026-08-26 09:24:53     Container t-coop-local-db Waiting 
2026-08-26 09:24:53     Container t-coop-local-db Healthy 
2026-08-26 09:24:53     Container t-coop-backend-db-init-1 Starting 
2026-08-26 09:24:54     Container t-coop-backend-db-init-1 Started 
2026-08-26 09:24:54     Container t-coop-backend-db-init-1 Waiting 
2026-08-26 09:24:54     Container t-coop-backend-db-init-1 Exited 
2026-08-26 09:24:55  ngrok is already running (PID 10952).
2026-08-26 09:24:55  === keep-alive check complete ===
2026-08-26 09:30:00  === keep-alive check starting ===
2026-08-26 09:30:05  Ensuring containers are up (docker compose up -d).
2026-08-26 09:30:05     Container t-coop-backend Running 
2026-08-26 09:30:05     Container t-coop-local-db Running 
2026-08-26 09:30:05     Container t-coop-local-db Waiting 
2026-08-26 09:30:06     Container t-coop-local-db Healthy 
2026-08-26 09:30:06     Container t-coop-backend-db-init-1 Starting 
2026-08-26 09:30:06     Container t-coop-backend-db-init-1 Started 
2026-08-26 09:30:06     Container t-coop-backend-db-init-1 Waiting 
2026-08-26 09:30:07     Container t-coop-backend-db-init-1 Exited 
2026-08-26 09:30:07  ngrok is already running (PID 10952).
2026-08-26 09:30:07  === keep-alive check complete ===
2026-08-26 09:35:00  === keep-alive check starting ===
2026-08-26 09:35:05  Ensuring containers are up (docker compose up -d).
2026-08-26 09:35:06     Container t-coop-backend Running 
2026-08-26 09:35:06     Container t-coop-local-db Running 
2026-08-26 09:35:06     Container t-coop-local-db Waiting 
2026-08-26 09:35:06     Container t-coop-local-db Healthy 
2026-08-26 09:35:06     Container t-coop-backend-db-init-1 Starting 
2026-08-26 09:35:07     Container t-coop-backend-db-init-1 Started 
2026-08-26 09:35:07     Container t-coop-backend-db-init-1 Waiting 
2026-08-26 09:35:07     Container t-coop-backend-db-init-1 Exited 
2026-08-26 09:35:08  ngrok is already running (PID 10952).
2026-08-26 09:35:08  === keep-alive check complete ===
2026-08-26 09:39:59  === keep-alive check starting ===
2026-08-26 09:40:05  Ensuring containers are up (docker compose up -d).
2026-08-26 09:40:06     Container t-coop-local-db Running 
2026-08-26 09:40:06     Container t-coop-backend Running 
2026-08-26 09:40:06     Container t-coop-local-db Waiting 
2026-08-26 09:40:06     Container t-coop-local-db Healthy 
2026-08-26 09:40:06     Container t-coop-backend-db-init-1 Starting 
2026-08-26 09:40:07     Container t-coop-backend-db-init-1 Started 
2026-08-26 09:40:07     Container t-coop-backend-db-init-1 Waiting 
2026-08-26 09:40:07     Container t-coop-backend-db-init-1 Exited 
2026-08-26 09:40:08  ngrok is already running (PID 10952).
2026-08-26 09:40:08  === keep-alive check complete ===
2026-08-26 09:44:48  === keep-alive check starting ===
2026-08-26 09:44:52  Ensuring containers are up (docker compose up -d).
2026-08-26 09:44:52     Container t-coop-local-db Running 
2026-08-26 09:44:52     Container t-coop-backend Running 
2026-08-26 09:44:52     Container t-coop-local-db Waiting 
2026-08-26 09:44:53     Container t-coop-local-db Healthy 
2026-08-26 09:44:53     Container t-coop-backend-db-init-1 Starting 
2026-08-26 09:44:53     Container t-coop-backend-db-init-1 Started 
2026-08-26 09:44:53     Container t-coop-backend-db-init-1 Waiting 
2026-08-26 09:44:54     Container t-coop-backend-db-init-1 Exited 
2026-08-26 09:44:54  ngrok is already running (PID 10952).
2026-08-26 09:44:54  === keep-alive check complete ===
2026-08-26 10:04:06  === keep-alive check starting ===
2026-08-26 10:04:11  Ensuring containers are up (docker compose up -d).
2026-08-26 10:04:11     Container t-coop-backend Running 
2026-08-26 10:04:11     Container t-coop-local-db Running 
2026-08-26 10:04:11     Container t-coop-local-db Waiting 
2026-08-26 10:04:12     Container t-coop-local-db Healthy 
2026-08-26 10:04:12     Container t-coop-backend-db-init-1 Starting 
2026-08-26 10:04:12     Container t-coop-backend-db-init-1 Started 
2026-08-26 10:04:12     Container t-coop-backend-db-init-1 Waiting 
2026-08-26 10:04:13     Container t-coop-backend-db-init-1 Exited 
2026-08-26 10:04:13  ngrok is already running (PID 10952).
2026-08-26 10:04:13  === keep-alive check complete ===
2026-08-26 10:05:00  === keep-alive check starting ===
2026-08-26 10:05:03  Ensuring containers are up (docker compose up -d).
2026-08-26 10:05:03     Container t-coop-backend Running 
2026-08-26 10:05:03     Container t-coop-local-db Running 
2026-08-26 10:05:03     Container t-coop-local-db Waiting 
2026-08-26 10:05:03     Container t-coop-local-db Healthy 
2026-08-26 10:05:03     Container t-coop-backend-db-init-1 Starting 
2026-08-26 10:05:04     Container t-coop-backend-db-init-1 Started 
2026-08-26 10:05:04     Container t-coop-backend-db-init-1 Waiting 
2026-08-26 10:05:04     Container t-coop-backend-db-init-1 Exited 
2026-08-26 10:05:05  ngrok is already running (PID 10952).
2026-08-26 10:05:05  === keep-alive check complete ===
2026-08-26 10:09:57  === keep-alive check starting ===
2026-08-26 10:10:01  Ensuring containers are up (docker compose up -d).
2026-08-26 10:10:02     Container t-coop-backend Running 
2026-08-26 10:10:02     Container t-coop-local-db Running 
2026-08-26 10:10:02     Container t-coop-local-db Waiting 
2026-08-26 10:10:02     Container t-coop-local-db Healthy 
2026-08-26 10:10:02     Container t-coop-backend-db-init-1 Starting 
2026-08-26 10:10:03     Container t-coop-backend-db-init-1 Started 
2026-08-26 10:10:03     Container t-coop-backend-db-init-1 Waiting 
2026-08-26 10:10:03     Container t-coop-backend-db-init-1 Exited 
2026-08-26 10:10:04  ngrok is already running (PID 10952).
2026-08-26 10:10:04  === keep-alive check complete ===
2026-08-26 10:14:59  === keep-alive check starting ===
2026-08-26 10:15:03  Ensuring containers are up (docker compose up -d).
2026-08-26 10:15:04     Container t-coop-backend Running 
2026-08-26 10:15:04     Container t-coop-local-db Running 
2026-08-26 10:15:04     Container t-coop-local-db Waiting 
2026-08-26 10:15:04     Container t-coop-local-db Healthy 
2026-08-26 10:15:04     Container t-coop-backend-db-init-1 Starting 
2026-08-26 10:15:04     Container t-coop-backend-db-init-1 Started 
2026-08-26 10:15:04     Container t-coop-backend-db-init-1 Waiting 
2026-08-26 10:15:05     Container t-coop-backend-db-init-1 Exited 
2026-08-26 10:15:06  ngrok is already running (PID 10952).
2026-08-26 10:15:06  === keep-alive check complete ===
2026-08-26 10:19:58  === keep-alive check starting ===
2026-08-26 10:20:01  Ensuring containers are up (docker compose up -d).
2026-08-26 10:20:02     Container t-coop-backend Running 
2026-08-26 10:20:02     Container t-coop-local-db Running 
2026-08-26 10:20:02     Container t-coop-local-db Waiting 
2026-08-26 10:20:02     Container t-coop-local-db Healthy 
2026-08-26 10:20:02     Container t-coop-backend-db-init-1 Starting 
2026-08-26 10:20:03     Container t-coop-backend-db-init-1 Started 
2026-08-26 10:20:03     Container t-coop-backend-db-init-1 Waiting 
2026-08-26 10:20:03     Container t-coop-backend-db-init-1 Exited 
2026-08-26 10:20:04  ngrok is already running (PID 10952).
2026-08-26 10:20:04  === keep-alive check complete ===
2026-08-26 10:24:59  === keep-alive check starting ===
2026-08-26 10:25:03  Ensuring containers are up (docker compose up -d).
2026-08-26 10:25:04     Container t-coop-backend Running 
2026-08-26 10:25:04     Container t-coop-local-db Running 
2026-08-26 10:25:04     Container t-coop-local-db Waiting 
2026-08-26 10:25:05     Container t-coop-local-db Healthy 
2026-08-26 10:25:05     Container t-coop-backend-db-init-1 Starting 
2026-08-26 10:25:05     Container t-coop-backend-db-init-1 Started 
2026-08-26 10:25:05     Container t-coop-backend-db-init-1 Waiting 
2026-08-26 10:25:05     Container t-coop-backend-db-init-1 Exited 
2026-08-26 10:25:06  ngrok is already running (PID 10952).
2026-08-26 10:25:06  === keep-alive check complete ===
2026-08-26 10:29:47  === keep-alive check starting ===
2026-08-26 10:29:51  Ensuring containers are up (docker compose up -d).
2026-08-26 10:29:52     Container t-coop-backend Running 
2026-08-26 10:29:52     Container t-coop-local-db Running 
2026-08-26 10:29:52     Container t-coop-local-db Waiting 
2026-08-26 10:29:52     Container t-coop-local-db Healthy 
2026-08-26 10:29:52     Container t-coop-backend-db-init-1 Starting 
2026-08-26 10:29:53     Container t-coop-backend-db-init-1 Started 
2026-08-26 10:29:53     Container t-coop-backend-db-init-1 Waiting 
2026-08-26 10:29:53     Container t-coop-backend-db-init-1 Exited 
2026-08-26 10:29:54  ngrok is already running (PID 10952).
2026-08-26 10:29:54  === keep-alive check complete ===
2026-08-26 10:34:47  === keep-alive check starting ===
2026-08-26 10:34:52  Ensuring containers are up (docker compose up -d).
2026-08-26 10:34:52     Container t-coop-backend Running 
2026-08-26 10:34:52     Container t-coop-local-db Running 
2026-08-26 10:34:52     Container t-coop-local-db Waiting 
2026-08-26 10:34:53     Container t-coop-local-db Healthy 
2026-08-26 10:34:53     Container t-coop-backend-db-init-1 Starting 
2026-08-26 10:34:53     Container t-coop-backend-db-init-1 Started 
2026-08-26 10:34:53     Container t-coop-backend-db-init-1 Waiting 
2026-08-26 10:34:53     Container t-coop-backend-db-init-1 Exited 
2026-08-26 10:34:54  ngrok is already running (PID 10952).
2026-08-26 10:34:54  === keep-alive check complete ===
2026-08-26 10:39:48  === keep-alive check starting ===
2026-08-26 10:39:52  Ensuring containers are up (docker compose up -d).
2026-08-26 10:39:52     Container t-coop-backend Running 
2026-08-26 10:39:52     Container t-coop-local-db Running 
2026-08-26 10:39:52     Container t-coop-local-db Waiting 
2026-08-26 10:39:53     Container t-coop-local-db Healthy 
2026-08-26 10:39:53     Container t-coop-backend-db-init-1 Starting 
2026-08-26 10:39:53     Container t-coop-backend-db-init-1 Started 
2026-08-26 10:39:53     Container t-coop-backend-db-init-1 Waiting 
2026-08-26 10:39:53     Container t-coop-backend-db-init-1 Exited 
2026-08-26 10:39:54  ngrok is already running (PID 10952).
2026-08-26 10:39:54  === keep-alive check complete ===
2026-08-26 10:44:47  === keep-alive check starting ===
2026-08-26 10:44:52  Ensuring containers are up (docker compose up -d).
2026-08-26 10:44:53     Container t-coop-backend Running 
2026-08-26 10:44:53     Container t-coop-local-db Running 
2026-08-26 10:44:53     Container t-coop-local-db Waiting 
2026-08-26 10:44:53     Container t-coop-local-db Healthy 
2026-08-26 10:44:53     Container t-coop-backend-db-init-1 Starting 
2026-08-26 10:44:53     Container t-coop-backend-db-init-1 Started 
2026-08-26 10:44:53     Container t-coop-backend-db-init-1 Waiting 
2026-08-26 10:44:54     Container t-coop-backend-db-init-1 Exited 
2026-08-26 10:44:55  ngrok is already running (PID 10952).
2026-08-26 10:44:55  === keep-alive check complete ===
2026-08-26 10:49:47  === keep-alive check starting ===
2026-08-26 10:49:52  Ensuring containers are up (docker compose up -d).
2026-08-26 10:49:53     Container t-coop-backend Running 
2026-08-26 10:49:53     Container t-coop-local-db Running 
2026-08-26 10:49:53     Container t-coop-local-db Waiting 
2026-08-26 10:49:54     Container t-coop-local-db Healthy 
2026-08-26 10:49:54     Container t-coop-backend-db-init-1 Starting 
2026-08-26 10:49:54     Container t-coop-backend-db-init-1 Started 
2026-08-26 10:49:54     Container t-coop-backend-db-init-1 Waiting 
2026-08-26 10:49:55     Container t-coop-backend-db-init-1 Exited 
2026-08-26 10:49:56  ngrok is already running (PID 10952).
2026-08-26 10:49:56  === keep-alive check complete ===
2026-08-26 10:54:48  === keep-alive check starting ===
2026-08-26 10:54:53  Ensuring containers are up (docker compose up -d).
2026-08-26 10:54:53     Container t-coop-backend Running 
2026-08-26 10:54:53     Container t-coop-local-db Running 
2026-08-26 10:54:53     Container t-coop-local-db Waiting 
2026-08-26 10:54:54     Container t-coop-local-db Healthy 
2026-08-26 10:54:54     Container t-coop-backend-db-init-1 Starting 
2026-08-26 10:54:54     Container t-coop-backend-db-init-1 Started 
2026-08-26 10:54:54     Container t-coop-backend-db-init-1 Waiting 
2026-08-26 10:54:55     Container t-coop-backend-db-init-1 Exited 
2026-08-26 10:54:55  ngrok is already running (PID 10952).
2026-08-26 10:54:55  === keep-alive check complete ===
2026-08-26 10:59:48  === keep-alive check starting ===
2026-08-26 10:59:53  Ensuring containers are up (docker compose up -d).
2026-08-26 10:59:53     Container t-coop-local-db Running 
2026-08-26 10:59:53     Container t-coop-backend Running 
2026-08-26 10:59:53     Container t-coop-local-db Waiting 
2026-08-26 10:59:54     Container t-coop-local-db Healthy 
2026-08-26 10:59:54     Container t-coop-backend-db-init-1 Starting 
2026-08-26 10:59:54     Container t-coop-backend-db-init-1 Started 
2026-08-26 10:59:54     Container t-coop-backend-db-init-1 Waiting 
2026-08-26 10:59:54     Container t-coop-backend-db-init-1 Exited 
2026-08-26 10:59:55  ngrok is already running (PID 10952).
2026-08-26 10:59:55  === keep-alive check complete ===
2026-08-26 11:05:08  === keep-alive check starting ===
2026-08-26 11:05:13  Ensuring containers are up (docker compose up -d).
2026-08-26 11:05:14     Container t-coop-backend Running 
2026-08-26 11:05:14     Container t-coop-local-db Running 
2026-08-26 11:05:14     Container t-coop-local-db Waiting 
2026-08-26 11:05:14     Container t-coop-local-db Healthy 
2026-08-26 11:05:14     Container t-coop-backend-db-init-1 Starting 
2026-08-26 11:05:14     Container t-coop-backend-db-init-1 Started 
2026-08-26 11:05:14     Container t-coop-backend-db-init-1 Waiting 
2026-08-26 11:05:15     Container t-coop-backend-db-init-1 Exited 
2026-08-26 11:05:16  ngrok is already running (PID 10952).
2026-08-26 11:05:16  === keep-alive check complete ===
2026-08-26 11:09:47  === keep-alive check starting ===
2026-08-26 11:09:51  Ensuring containers are up (docker compose up -d).
2026-08-26 11:09:52     Container t-coop-backend Running 
2026-08-26 11:09:52     Container t-coop-local-db Running 
2026-08-26 11:09:52     Container t-coop-local-db Waiting 
2026-08-26 11:09:52     Container t-coop-local-db Healthy 
2026-08-26 11:09:52     Container t-coop-backend-db-init-1 Starting 
2026-08-26 11:09:53     Container t-coop-backend-db-init-1 Started 
2026-08-26 11:09:53     Container t-coop-backend-db-init-1 Waiting 
2026-08-26 11:09:53     Container t-coop-backend-db-init-1 Exited 
2026-08-26 11:09:54  ngrok is already running (PID 10952).
2026-08-26 11:09:54  === keep-alive check complete ===
2026-08-26 11:14:48  === keep-alive check starting ===
2026-08-26 11:14:52  Ensuring containers are up (docker compose up -d).
2026-08-26 11:14:53     Container t-coop-backend Running 
2026-08-26 11:14:53     Container t-coop-local-db Running 
2026-08-26 11:14:53     Container t-coop-local-db Waiting 
2026-08-26 11:14:53     Container t-coop-local-db Healthy 
2026-08-26 11:14:53     Container t-coop-backend-db-init-1 Starting 
2026-08-26 11:14:54     Container t-coop-backend-db-init-1 Started 
2026-08-26 11:14:54     Container t-coop-backend-db-init-1 Waiting 
2026-08-26 11:14:54     Container t-coop-backend-db-init-1 Exited 
2026-08-26 11:14:55  ngrok is already running (PID 10952).
2026-08-26 11:14:55  === keep-alive check complete ===
2026-08-26 11:19:58  === keep-alive check starting ===
2026-08-26 11:20:03  Ensuring containers are up (docker compose up -d).
2026-08-26 11:20:03     Container t-coop-local-db Running 
2026-08-26 11:20:03     Container t-coop-backend Running 
2026-08-26 11:20:03     Container t-coop-local-db Waiting 
2026-08-26 11:20:04     Container t-coop-local-db Healthy 
2026-08-26 11:20:04     Container t-coop-backend-db-init-1 Starting 
2026-08-26 11:20:04     Container t-coop-backend-db-init-1 Started 
2026-08-26 11:20:04     Container t-coop-backend-db-init-1 Waiting 
2026-08-26 11:20:05     Container t-coop-backend-db-init-1 Exited 
2026-08-26 11:20:05  ngrok is already running (PID 10952).
2026-08-26 11:20:05  === keep-alive check complete ===
2026-08-26 12:00:01  === keep-alive check starting ===
2026-08-26 12:00:08  Ensuring containers are up (docker compose up -d).
2026-08-26 12:00:08     Container t-coop-backend Running 
2026-08-26 12:00:08     Container t-coop-local-db Running 
2026-08-26 12:00:08     Container t-coop-local-db Waiting 
2026-08-26 12:00:08     Container t-coop-local-db Healthy 
2026-08-26 12:00:08     Container t-coop-backend-db-init-1 Starting 
2026-08-26 12:00:09     Container t-coop-backend-db-init-1 Started 
2026-08-26 12:00:09     Container t-coop-backend-db-init-1 Waiting 
2026-08-26 12:00:09     Container t-coop-backend-db-init-1 Exited 
2026-08-26 12:00:10  ngrok is already running (PID 10952).
2026-08-26 12:00:10  === keep-alive check complete ===
2026-08-26 12:04:46  === keep-alive check starting ===
2026-08-26 12:04:54  Ensuring containers are up (docker compose up -d).
2026-08-26 12:04:54     Container t-coop-backend Running 
2026-08-26 12:04:54     Container t-coop-local-db Running 
2026-08-26 12:04:54     Container t-coop-local-db Waiting 
2026-08-26 12:04:55     Container t-coop-local-db Healthy 
2026-08-26 12:04:55     Container t-coop-backend-db-init-1 Starting 
2026-08-26 12:04:55     Container t-coop-backend-db-init-1 Started 
2026-08-26 12:04:55     Container t-coop-backend-db-init-1 Waiting 
2026-08-26 12:04:56     Container t-coop-backend-db-init-1 Exited 
2026-08-26 12:04:56  ngrok is already running (PID 10952).
2026-08-26 12:04:56  === keep-alive check complete ===
2026-08-26 12:09:47  === keep-alive check starting ===
2026-08-26 12:09:52  Ensuring containers are up (docker compose up -d).
2026-08-26 12:09:53     Container t-coop-local-db Running 
2026-08-26 12:09:53     Container t-coop-backend Running 
2026-08-26 12:09:53     Container t-coop-local-db Waiting 
2026-08-26 12:09:54     Container t-coop-local-db Healthy 
2026-08-26 12:09:54     Container t-coop-backend-db-init-1 Starting 
2026-08-26 12:09:54     Container t-coop-backend-db-init-1 Started 
2026-08-26 12:09:54     Container t-coop-backend-db-init-1 Waiting 
2026-08-26 12:09:54     Container t-coop-backend-db-init-1 Exited 
2026-08-26 12:09:55  ngrok is already running (PID 10952).
2026-08-26 12:09:55  === keep-alive check complete ===
2026-08-26 12:14:48  === keep-alive check starting ===
2026-08-26 12:14:53  Ensuring containers are up (docker compose up -d).
2026-08-26 12:14:53     Container t-coop-backend Running 
2026-08-26 12:14:53     Container t-coop-local-db Running 
2026-08-26 12:14:53     Container t-coop-local-db Waiting 
2026-08-26 12:14:54     Container t-coop-local-db Healthy 
2026-08-26 12:14:54     Container t-coop-backend-db-init-1 Starting 
2026-08-26 12:14:54     Container t-coop-backend-db-init-1 Started 
2026-08-26 12:14:54     Container t-coop-backend-db-init-1 Waiting 
2026-08-26 12:14:55     Container t-coop-backend-db-init-1 Exited 
2026-08-26 12:14:55  ngrok is already running (PID 10952).
2026-08-26 12:14:55  === keep-alive check complete ===
2026-08-26 12:19:47  === keep-alive check starting ===
2026-08-26 12:19:53  Ensuring containers are up (docker compose up -d).
2026-08-26 12:19:54     Container t-coop-local-db Running 
2026-08-26 12:19:54     Container t-coop-backend Running 
2026-08-26 12:19:54     Container t-coop-local-db Waiting 
2026-08-26 12:19:55     Container t-coop-local-db Healthy 
2026-08-26 12:19:55     Container t-coop-backend-db-init-1 Starting 
2026-08-26 12:19:55     Container t-coop-backend-db-init-1 Started 
2026-08-26 12:19:55     Container t-coop-backend-db-init-1 Waiting 
2026-08-26 12:19:55     Container t-coop-backend-db-init-1 Exited 
2026-08-26 12:19:56  ngrok is already running (PID 10952).
2026-08-26 12:19:56  === keep-alive check complete ===
2026-08-26 12:24:47  === keep-alive check starting ===
2026-08-26 12:24:53  Ensuring containers are up (docker compose up -d).
2026-08-26 12:24:54     Container t-coop-backend Running 
2026-08-26 12:24:54     Container t-coop-local-db Running 
2026-08-26 12:24:54     Container t-coop-local-db Waiting 
2026-08-26 12:24:54     Container t-coop-local-db Healthy 
2026-08-26 12:24:54     Container t-coop-backend-db-init-1 Starting 
2026-08-26 12:24:55     Container t-coop-backend-db-init-1 Started 
2026-08-26 12:24:55     Container t-coop-backend-db-init-1 Waiting 
2026-08-26 12:24:55     Container t-coop-backend-db-init-1 Exited 
2026-08-26 12:24:56  ngrok is already running (PID 10952).
2026-08-26 12:24:56  === keep-alive check complete ===
2026-08-26 12:29:54  === keep-alive check starting ===
2026-08-26 12:29:59  Ensuring containers are up (docker compose up -d).
2026-08-26 12:29:59     Container t-coop-local-db Running 
2026-08-26 12:29:59     Container t-coop-backend Running 
2026-08-26 12:29:59     Container t-coop-local-db Waiting 
2026-08-26 12:29:59     Container t-coop-local-db Healthy 
2026-08-26 12:29:59     Container t-coop-backend-db-init-1 Starting 
2026-08-26 12:30:00     Container t-coop-backend-db-init-1 Started 
2026-08-26 12:30:00     Container t-coop-backend-db-init-1 Waiting 
2026-08-26 12:30:00     Container t-coop-backend-db-init-1 Exited 
2026-08-26 12:30:01  ngrok is already running (PID 10952).
2026-08-26 12:30:01  === keep-alive check complete ===
2026-08-26 12:34:47  === keep-alive check starting ===
2026-08-26 12:34:51  Ensuring containers are up (docker compose up -d).
2026-08-26 12:34:52     Container t-coop-local-db Running 
2026-08-26 12:34:52     Container t-coop-backend Running 
2026-08-26 12:34:52     Container t-coop-local-db Waiting 
2026-08-26 12:34:52     Container t-coop-local-db Healthy 
2026-08-26 12:34:52     Container t-coop-backend-db-init-1 Starting 
2026-08-26 12:34:52     Container t-coop-backend-db-init-1 Started 
2026-08-26 12:34:52     Container t-coop-backend-db-init-1 Waiting 
2026-08-26 12:34:53     Container t-coop-backend-db-init-1 Exited 
2026-08-26 12:34:53  ngrok is already running (PID 10952).
2026-08-26 12:34:53  === keep-alive check complete ===
2026-08-26 12:39:50  === keep-alive check starting ===
2026-08-26 12:41:04  Ensuring containers are up (docker compose up -d).
2026-08-26 12:41:05     Container t-coop-local-db Running 
2026-08-26 12:41:05     Container t-coop-backend Running 
2026-08-26 12:41:05     Container t-coop-local-db Waiting 
2026-08-26 12:41:06     Container t-coop-local-db Healthy 
2026-08-26 12:41:06     Container t-coop-backend-db-init-1 Starting 
2026-08-26 12:41:06     Container t-coop-backend-db-init-1 Started 
2026-08-26 12:41:06     Container t-coop-backend-db-init-1 Waiting 
2026-08-26 12:41:07     Container t-coop-backend-db-init-1 Exited 
2026-08-26 12:41:09  ngrok is already running (PID 10952).
2026-08-26 12:41:09  === keep-alive check complete ===
2026-08-26 12:44:56  === keep-alive check starting ===
2026-08-26 12:46:13  Ensuring containers are up (docker compose up -d).
2026-08-26 12:46:22     Container t-coop-backend Running 
2026-08-26 12:46:22     Container t-coop-local-db Running 
2026-08-26 12:46:22     Container t-coop-local-db Waiting 
2026-08-26 12:46:23     Container t-coop-local-db Healthy 
2026-08-26 12:46:23     Container t-coop-backend-db-init-1 Starting 
2026-08-26 12:46:23     Container t-coop-backend-db-init-1 Started 
2026-08-26 12:46:23     Container t-coop-backend-db-init-1 Waiting 
2026-08-26 12:46:24     Container t-coop-backend-db-init-1 Exited 
2026-08-26 12:46:24  ngrok is already running (PID 10952).
2026-08-26 12:46:24  === keep-alive check complete ===
2026-08-26 12:50:04  === keep-alive check starting ===
2026-08-26 12:51:12  Ensuring containers are up (docker compose up -d).
2026-08-26 12:51:22     Container t-coop-local-db Running 
2026-08-26 12:51:22     Container t-coop-backend Running 
2026-08-26 12:51:22     Container t-coop-local-db Waiting 
2026-08-26 12:51:22     Container t-coop-local-db Healthy 
2026-08-26 12:51:22     Container t-coop-backend-db-init-1 Starting 
2026-08-26 12:51:22     Container t-coop-backend-db-init-1 Started 
2026-08-26 12:51:22     Container t-coop-backend-db-init-1 Waiting 
2026-08-26 12:51:23     Container t-coop-backend-db-init-1 Exited 
2026-08-26 12:51:24  ngrok is already running (PID 10952).
2026-08-26 12:51:24  === keep-alive check complete ===
2026-08-26 12:54:51  === keep-alive check starting ===
2026-08-26 12:54:55  Ensuring containers are up (docker compose up -d).
2026-08-26 12:54:55     Container t-coop-local-db Running 
2026-08-26 12:54:55     Container t-coop-backend Running 
2026-08-26 12:54:55     Container t-coop-local-db Waiting 
2026-08-26 12:54:56     Container t-coop-local-db Healthy 
2026-08-26 12:54:56     Container t-coop-backend-db-init-1 Starting 
2026-08-26 12:54:56     Container t-coop-backend-db-init-1 Started 
2026-08-26 12:54:56     Container t-coop-backend-db-init-1 Waiting 
2026-08-26 12:54:57     Container t-coop-backend-db-init-1 Exited 
2026-08-26 12:54:58  ngrok is already running (PID 10952).
2026-08-26 12:54:58  === keep-alive check complete ===
2026-08-26 12:59:57  === keep-alive check starting ===
2026-08-26 13:00:01  Ensuring containers are up (docker compose up -d).
2026-08-26 13:00:01     Container t-coop-backend Running 
2026-08-26 13:00:01     Container t-coop-local-db Running 
2026-08-26 13:00:01     Container t-coop-local-db Waiting 
2026-08-26 13:00:02     Container t-coop-local-db Healthy 
2026-08-26 13:00:02     Container t-coop-backend-db-init-1 Starting 
2026-08-26 13:00:02     Container t-coop-backend-db-init-1 Started 
2026-08-26 13:00:02     Container t-coop-backend-db-init-1 Waiting 
2026-08-26 13:00:03     Container t-coop-backend-db-init-1 Exited 
2026-08-26 13:00:03  ngrok is already running (PID 10952).
2026-08-26 13:00:03  === keep-alive check complete ===
2026-08-26 13:04:58  === keep-alive check starting ===
2026-08-26 13:05:25  Ensuring containers are up (docker compose up -d).
2026-08-26 13:05:26     Container t-coop-backend Running 
2026-08-26 13:05:26     Container t-coop-local-db Running 
2026-08-26 13:05:26     Container t-coop-local-db Waiting 
2026-08-26 13:05:26     Container t-coop-local-db Healthy 
2026-08-26 13:05:26     Container t-coop-backend-db-init-1 Starting 
2026-08-26 13:05:26     Container t-coop-backend-db-init-1 Started 
2026-08-26 13:05:26     Container t-coop-backend-db-init-1 Waiting 
2026-08-26 13:05:27     Container t-coop-backend-db-init-1 Exited 
2026-08-26 13:05:27  ngrok is already running (PID 10952).
2026-08-26 13:05:27  === keep-alive check complete ===
2026-08-26 13:09:47  === keep-alive check starting ===
2026-08-26 13:09:51  Ensuring containers are up (docker compose up -d).
2026-08-26 13:09:51     Container t-coop-local-db Running 
2026-08-26 13:09:51     Container t-coop-backend Running 
2026-08-26 13:09:51     Container t-coop-local-db Waiting 
2026-08-26 13:09:51     Container t-coop-local-db Healthy 
2026-08-26 13:09:51     Container t-coop-backend-db-init-1 Starting 
2026-08-26 13:09:52     Container t-coop-backend-db-init-1 Started 
2026-08-26 13:09:52     Container t-coop-backend-db-init-1 Waiting 
2026-08-26 13:09:52     Container t-coop-backend-db-init-1 Exited 
2026-08-26 13:09:53  ngrok is already running (PID 10952).
2026-08-26 13:09:53  === keep-alive check complete ===
2026-08-26 13:14:46  === keep-alive check starting ===
2026-08-26 13:14:50  Ensuring containers are up (docker compose up -d).
2026-08-26 13:14:51     Container t-coop-backend Running 
2026-08-26 13:14:51     Container t-coop-local-db Running 
2026-08-26 13:14:51     Container t-coop-local-db Waiting 
2026-08-26 13:14:51     Container t-coop-local-db Healthy 
2026-08-26 13:14:51     Container t-coop-backend-db-init-1 Starting 
2026-08-26 13:14:51     Container t-coop-backend-db-init-1 Started 
2026-08-26 13:14:51     Container t-coop-backend-db-init-1 Waiting 
2026-08-26 13:14:52     Container t-coop-backend-db-init-1 Exited 
2026-08-26 13:14:52  ngrok is already running (PID 10952).
2026-08-26 13:14:52  === keep-alive check complete ===
2026-08-26 13:19:47  === keep-alive check starting ===
2026-08-26 13:19:52  Ensuring containers are up (docker compose up -d).
2026-08-26 13:19:53     Container t-coop-backend Running 
2026-08-26 13:19:53     Container t-coop-local-db Running 
2026-08-26 13:19:53     Container t-coop-local-db Waiting 
2026-08-26 13:19:53     Container t-coop-local-db Healthy 
2026-08-26 13:19:53     Container t-coop-backend-db-init-1 Starting 
2026-08-26 13:19:54     Container t-coop-backend-db-init-1 Started 
2026-08-26 13:19:54     Container t-coop-backend-db-init-1 Waiting 
2026-08-26 13:19:54     Container t-coop-backend-db-init-1 Exited 
2026-08-26 13:19:55  ngrok is already running (PID 10952).
2026-08-26 13:19:55  === keep-alive check complete ===
2026-08-26 13:24:57  === keep-alive check starting ===
2026-08-26 13:25:03  Ensuring containers are up (docker compose up -d).
2026-08-26 13:25:04     Container t-coop-backend Running 
2026-08-26 13:25:04     Container t-coop-local-db Running 
2026-08-26 13:25:04     Container t-coop-local-db Waiting 
2026-08-26 13:25:04     Container t-coop-local-db Healthy 
2026-08-26 13:25:04     Container t-coop-backend-db-init-1 Starting 
2026-08-26 13:25:05     Container t-coop-backend-db-init-1 Started 
2026-08-26 13:25:05     Container t-coop-backend-db-init-1 Waiting 
2026-08-26 13:25:05     Container t-coop-backend-db-init-1 Exited 
2026-08-26 13:25:06  ngrok is already running (PID 10952).
2026-08-26 13:25:06  === keep-alive check complete ===
2026-08-26 13:29:49  === keep-alive check starting ===
2026-08-26 13:30:01  Ensuring containers are up (docker compose up -d).
2026-08-26 13:30:01     Container t-coop-backend Running 
2026-08-26 13:30:01     Container t-coop-local-db Running 
2026-08-26 13:30:01     Container t-coop-local-db Waiting 
2026-08-26 13:30:02     Container t-coop-local-db Healthy 
2026-08-26 13:30:02     Container t-coop-backend-db-init-1 Starting 
2026-08-26 13:30:02     Container t-coop-backend-db-init-1 Started 
2026-08-26 13:30:02     Container t-coop-backend-db-init-1 Waiting 
2026-08-26 13:30:03     Container t-coop-backend-db-init-1 Exited 
2026-08-26 13:30:05  ngrok is already running (PID 10952).
2026-08-26 13:30:05  === keep-alive check complete ===
2026-08-26 13:34:47  === keep-alive check starting ===
2026-08-26 13:34:54  Ensuring containers are up (docker compose up -d).
2026-08-26 13:34:54     Container t-coop-backend Running 
2026-08-26 13:34:54     Container t-coop-local-db Running 
2026-08-26 13:34:54     Container t-coop-local-db Waiting 
2026-08-26 13:34:55     Container t-coop-local-db Healthy 
2026-08-26 13:34:55     Container t-coop-backend-db-init-1 Starting 
2026-08-26 13:34:55     Container t-coop-backend-db-init-1 Started 
2026-08-26 13:34:55     Container t-coop-backend-db-init-1 Waiting 
2026-08-26 13:34:56     Container t-coop-backend-db-init-1 Exited 
2026-08-26 13:34:57  ngrok is already running (PID 10952).
2026-08-26 13:34:57  === keep-alive check complete ===
2026-08-26 13:39:47  === keep-alive check starting ===
2026-08-26 13:39:56  Ensuring containers are up (docker compose up -d).
2026-08-26 13:39:57     Container t-coop-backend Running 
2026-08-26 13:39:57     Container t-coop-local-db Running 
2026-08-26 13:39:57     Container t-coop-local-db Waiting 
2026-08-26 13:39:57     Container t-coop-local-db Healthy 
2026-08-26 13:39:57     Container t-coop-backend-db-init-1 Starting 
2026-08-26 13:39:57     Container t-coop-backend-db-init-1 Started 
2026-08-26 13:39:57     Container t-coop-backend-db-init-1 Waiting 
2026-08-26 13:39:58     Container t-coop-backend-db-init-1 Exited 
2026-08-26 13:39:59  ngrok is already running (PID 10952).
2026-08-26 13:39:59  === keep-alive check complete ===
2026-08-26 13:44:47  === keep-alive check starting ===
2026-08-26 13:44:55  Ensuring containers are up (docker compose up -d).
2026-08-26 13:44:55     Container t-coop-backend Running 
2026-08-26 13:44:55     Container t-coop-local-db Running 
2026-08-26 13:44:55     Container t-coop-local-db Waiting 
2026-08-26 13:44:56     Container t-coop-local-db Healthy 
2026-08-26 13:44:56     Container t-coop-backend-db-init-1 Starting 
2026-08-26 13:44:56     Container t-coop-backend-db-init-1 Started 
2026-08-26 13:44:56     Container t-coop-backend-db-init-1 Waiting 
2026-08-26 13:44:57     Container t-coop-backend-db-init-1 Exited 
2026-08-26 13:44:57  ngrok is already running (PID 10952).
2026-08-26 13:44:57  === keep-alive check complete ===
2026-08-26 13:49:57  === keep-alive check starting ===
2026-08-26 13:50:03  Ensuring containers are up (docker compose up -d).
2026-08-26 13:50:03     Container t-coop-backend Running 
2026-08-26 13:50:03     Container t-coop-local-db Running 
2026-08-26 13:50:03     Container t-coop-local-db Waiting 
2026-08-26 13:50:04     Container t-coop-local-db Healthy 
2026-08-26 13:50:04     Container t-coop-backend-db-init-1 Starting 
2026-08-26 13:50:04     Container t-coop-backend-db-init-1 Started 
2026-08-26 13:50:04     Container t-coop-backend-db-init-1 Waiting 
2026-08-26 13:50:05     Container t-coop-backend-db-init-1 Exited 
2026-08-26 13:50:05  ngrok is already running (PID 10952).
2026-08-26 13:50:05  === keep-alive check complete ===
2026-08-26 13:54:55  === keep-alive check starting ===
2026-08-26 13:54:59  Ensuring containers are up (docker compose up -d).
2026-08-26 13:55:00     Container t-coop-backend Running 
2026-08-26 13:55:00     Container t-coop-local-db Running 
2026-08-26 13:55:00     Container t-coop-local-db Waiting 
2026-08-26 13:55:00     Container t-coop-local-db Healthy 
2026-08-26 13:55:00     Container t-coop-backend-db-init-1 Starting 
2026-08-26 13:55:01     Container t-coop-backend-db-init-1 Started 
2026-08-26 13:55:01     Container t-coop-backend-db-init-1 Waiting 
2026-08-26 13:55:01     Container t-coop-backend-db-init-1 Exited 
2026-08-26 13:55:01  ngrok is already running (PID 10952).
2026-08-26 13:55:01  === keep-alive check complete ===
2026-08-26 13:59:49  === keep-alive check starting ===
2026-08-26 13:59:54  Ensuring containers are up (docker compose up -d).
2026-08-26 13:59:55     Container t-coop-local-db Running 
2026-08-26 13:59:55     Container t-coop-backend Running 
2026-08-26 13:59:55     Container t-coop-local-db Waiting 
2026-08-26 13:59:55     Container t-coop-local-db Healthy 
2026-08-26 13:59:55     Container t-coop-backend-db-init-1 Starting 
2026-08-26 13:59:55     Container t-coop-backend-db-init-1 Started 
2026-08-26 13:59:55     Container t-coop-backend-db-init-1 Waiting 
2026-08-26 13:59:56     Container t-coop-backend-db-init-1 Exited 
2026-08-26 13:59:57  ngrok is already running (PID 10952).
2026-08-26 13:59:57  === keep-alive check complete ===
2026-08-26 14:09:17  === keep-alive check starting ===
2026-08-26 14:09:31  Ensuring containers are up (docker compose up -d).
2026-08-26 14:09:31     Container t-coop-backend Running 
2026-08-26 14:09:31     Container t-coop-local-db Running 
2026-08-26 14:09:31     Container t-coop-local-db Waiting 
2026-08-26 14:09:31     Container t-coop-local-db Healthy 
2026-08-26 14:09:31     Container t-coop-backend-db-init-1 Starting 
2026-08-26 14:09:32     Container t-coop-backend-db-init-1 Started 
2026-08-26 14:09:32     Container t-coop-backend-db-init-1 Waiting 
2026-08-26 14:09:32     Container t-coop-backend-db-init-1 Exited 
2026-08-26 14:09:33  ngrok is already running (PID 10952).
2026-08-26 14:09:33  === keep-alive check complete ===
2026-08-26 14:09:56  === keep-alive check starting ===
2026-08-26 14:11:07  Ensuring containers are up (docker compose up -d).
2026-08-26 14:11:16     Container t-coop-local-db Running 
2026-08-26 14:11:16     Container t-coop-backend Running 
2026-08-26 14:11:16     Container t-coop-local-db Waiting 
2026-08-26 14:11:17     Container t-coop-local-db Healthy 
2026-08-26 14:11:17     Container t-coop-backend-db-init-1 Starting 
2026-08-26 14:11:17     Container t-coop-backend-db-init-1 Started 
2026-08-26 14:11:17     Container t-coop-backend-db-init-1 Waiting 
2026-08-26 14:11:17     Container t-coop-backend-db-init-1 Exited 
2026-08-26 14:11:18  ngrok is already running (PID 10952).
2026-08-26 14:11:18  === keep-alive check complete ===
2026-08-26 14:14:55  === keep-alive check starting ===
2026-08-26 14:15:57  Ensuring containers are up (docker compose up -d).
2026-08-26 14:15:57     Container t-coop-local-db Running 
2026-08-26 14:15:57     Container t-coop-backend Running 
2026-08-26 14:15:57     Container t-coop-local-db Waiting 
2026-08-26 14:15:58     Container t-coop-local-db Healthy 
2026-08-26 14:15:58     Container t-coop-backend-db-init-1 Starting 
2026-08-26 14:15:58     Container t-coop-backend-db-init-1 Started 
2026-08-26 14:15:58     Container t-coop-backend-db-init-1 Waiting 
2026-08-26 14:15:58     Container t-coop-backend-db-init-1 Exited 
2026-08-26 14:15:59  ngrok is already running (PID 10952).
2026-08-26 14:15:59  === keep-alive check complete ===
2026-08-26 14:19:51  === keep-alive check starting ===
2026-08-26 14:19:56  Ensuring containers are up (docker compose up -d).
2026-08-26 14:19:57     Container t-coop-local-db Running 
2026-08-26 14:19:57     Container t-coop-backend Running 
2026-08-26 14:19:57     Container t-coop-local-db Waiting 
2026-08-26 14:19:57     Container t-coop-local-db Healthy 
2026-08-26 14:19:57     Container t-coop-backend-db-init-1 Starting 
2026-08-26 14:19:58     Container t-coop-backend-db-init-1 Started 
2026-08-26 14:19:58     Container t-coop-backend-db-init-1 Waiting 
2026-08-26 14:19:58     Container t-coop-backend-db-init-1 Exited 
2026-08-26 14:19:59  ngrok is already running (PID 10952).
2026-08-26 14:19:59  === keep-alive check complete ===
2026-08-26 14:55:12  === keep-alive check starting ===
2026-08-26 14:55:16  Docker Desktop not running - launching it.
2026-08-26 14:55:38  Docker engine is ready.
2026-08-26 14:55:54  Ensuring containers are up (docker compose up -d).
2026-08-26 14:55:55     Container t-coop-backend Running 
2026-08-26 14:55:55     Container t-coop-local-db Starting 
2026-08-26 14:55:55     Container t-coop-local-db Started 
2026-08-26 14:55:55     Container t-coop-local-db Waiting 
2026-08-26 14:56:06     Container t-coop-local-db Healthy 
2026-08-26 14:56:06     Container t-coop-backend-db-init-1 Starting 
2026-08-26 14:56:06     Container t-coop-backend-db-init-1 Started 
2026-08-26 14:56:06     Container t-coop-backend-db-init-1 Waiting 
2026-08-26 14:56:06     Container t-coop-backend-db-init-1 Exited 
2026-08-26 14:56:09  ngrok is not running - starting tunnel on hamster-probiotic-compile.ngrok-free.dev.
2026-08-26 14:56:09  === keep-alive check complete ===
2026-08-26 15:02:54  === keep-alive check starting ===
2026-08-26 15:03:09  Ensuring containers are up (docker compose up -d).
2026-08-26 15:03:10     Container t-coop-local-db Running 
2026-08-26 15:03:10     Container t-coop-backend Running 
2026-08-26 15:03:10     Container t-coop-local-db Waiting 
2026-08-26 15:03:10     Container t-coop-local-db Healthy 
2026-08-26 15:03:10     Container t-coop-backend-db-init-1 Starting 
2026-08-26 15:03:10     Container t-coop-backend-db-init-1 Started 
2026-08-26 15:03:10     Container t-coop-backend-db-init-1 Waiting 
2026-08-26 15:03:11     Container t-coop-backend-db-init-1 Exited 
2026-08-26 15:03:12  ngrok is already running (PID 3452).
2026-08-26 15:03:12  === keep-alive check complete ===
2026-08-26 15:04:52  === keep-alive check starting ===
2026-08-26 15:04:56  Ensuring containers are up (docker compose up -d).
2026-08-26 15:04:57     Container t-coop-backend Running 
2026-08-26 15:04:57     Container t-coop-local-db Running 
2026-08-26 15:04:57     Container t-coop-local-db Waiting 
2026-08-26 15:04:57     Container t-coop-local-db Healthy 
2026-08-26 15:04:57     Container t-coop-backend-db-init-1 Starting 
2026-08-26 15:04:57     Container t-coop-backend-db-init-1 Started 
2026-08-26 15:04:57     Container t-coop-backend-db-init-1 Waiting 
2026-08-26 15:04:58     Container t-coop-backend-db-init-1 Exited 
2026-08-26 15:04:59  ngrok is already running (PID 3452).
2026-08-26 15:04:59  === keep-alive check complete ===
2026-08-26 15:14:49  === keep-alive check starting ===
2026-08-26 15:14:53  Ensuring containers are up (docker compose up -d).
2026-08-26 15:14:54     Container t-coop-local-db Running 
2026-08-26 15:14:54     Container t-coop-backend Running 
2026-08-26 15:14:54     Container t-coop-local-db Waiting 
2026-08-26 15:14:54     Container t-coop-local-db Healthy 
2026-08-26 15:14:54     Container t-coop-backend-db-init-1 Starting 
2026-08-26 15:14:54     Container t-coop-backend-db-init-1 Started 
2026-08-26 15:14:54     Container t-coop-backend-db-init-1 Waiting 
2026-08-26 15:14:55     Container t-coop-backend-db-init-1 Exited 
2026-08-26 15:14:56  ngrok is already running (PID 3452).
2026-08-26 15:14:56  === keep-alive check complete ===
2026-08-26 15:20:33  === keep-alive check starting ===
2026-08-26 15:20:41  Ensuring containers are up (docker compose up -d).
2026-08-26 15:20:42     Container t-coop-local-db Running 
2026-08-26 15:20:42     Container t-coop-backend Running 
2026-08-26 15:20:42     Container t-coop-local-db Waiting 
2026-08-26 15:20:42     Container t-coop-local-db Healthy 
2026-08-26 15:20:42     Container t-coop-backend-db-init-1 Starting 
2026-08-26 15:20:43     Container t-coop-backend-db-init-1 Started 
2026-08-26 15:20:43     Container t-coop-backend-db-init-1 Waiting 
2026-08-26 15:20:43     Container t-coop-backend-db-init-1 Exited 
2026-08-26 15:20:44  ngrok is already running (PID 3452).
2026-08-26 15:20:44  === keep-alive check complete ===
2026-08-26 15:24:48  === keep-alive check starting ===
2026-08-26 15:24:49  Ensuring containers are up (docker compose up -d).
2026-08-26 15:24:50     Container t-coop-backend Running 
2026-08-26 15:24:50     Container t-coop-local-db Running 
2026-08-26 15:24:50     Container t-coop-local-db Waiting 
2026-08-26 15:24:50     Container t-coop-local-db Healthy 
2026-08-26 15:24:50     Container t-coop-backend-db-init-1 Starting 
2026-08-26 15:24:50     Container t-coop-backend-db-init-1 Started 
2026-08-26 15:24:50     Container t-coop-backend-db-init-1 Waiting 
2026-08-26 15:24:51     Container t-coop-backend-db-init-1 Exited 
2026-08-26 15:24:51  ngrok is already running (PID 3452).
2026-08-26 15:24:51  === keep-alive check complete ===
2026-08-26 15:29:47  === keep-alive check starting ===
2026-08-26 15:29:48  Ensuring containers are up (docker compose up -d).
2026-08-26 15:29:48     Container t-coop-backend Running 
2026-08-26 15:29:48     Container t-coop-local-db Running 
2026-08-26 15:29:48     Container t-coop-local-db Waiting 
2026-08-26 15:29:48     Container t-coop-local-db Healthy 
2026-08-26 15:29:48     Container t-coop-backend-db-init-1 Starting 
2026-08-26 15:29:49     Container t-coop-backend-db-init-1 Started 
2026-08-26 15:29:49     Container t-coop-backend-db-init-1 Waiting 
2026-08-26 15:29:49     Container t-coop-backend-db-init-1 Exited 
2026-08-26 15:29:50  ngrok is already running (PID 3452).
2026-08-26 15:29:50  === keep-alive check complete ===
2026-08-26 15:34:48  === keep-alive check starting ===
2026-08-26 15:34:53  Ensuring containers are up (docker compose up -d).
2026-08-26 15:34:53     Container t-coop-backend Running 
2026-08-26 15:34:53     Container t-coop-local-db Running 
2026-08-26 15:34:53     Container t-coop-local-db Waiting 
2026-08-26 15:34:54     Container t-coop-local-db Healthy 
2026-08-26 15:34:54     Container t-coop-backend-db-init-1 Starting 
2026-08-26 15:34:54     Container t-coop-backend-db-init-1 Started 
2026-08-26 15:34:54     Container t-coop-backend-db-init-1 Waiting 
2026-08-26 15:34:54     Container t-coop-backend-db-init-1 Exited 
2026-08-26 15:34:55  ngrok is already running (PID 3452).
2026-08-26 15:34:55  === keep-alive check complete ===
2026-08-26 15:39:50  === keep-alive check starting ===
2026-08-26 15:39:55  Ensuring containers are up (docker compose up -d).
2026-08-26 15:39:55     Container t-coop-backend Running 
2026-08-26 15:39:55     Container t-coop-local-db Running 
2026-08-26 15:39:55     Container t-coop-local-db Waiting 
2026-08-26 15:39:55     Container t-coop-local-db Healthy 
2026-08-26 15:39:55     Container t-coop-backend-db-init-1 Starting 
2026-08-26 15:39:56     Container t-coop-backend-db-init-1 Started 
2026-08-26 15:39:56     Container t-coop-backend-db-init-1 Waiting 
2026-08-26 15:39:56     Container t-coop-backend-db-init-1 Exited 
2026-08-26 15:39:57  ngrok is already running (PID 3452).
2026-08-26 15:39:57  === keep-alive check complete ===
2026-08-26 15:44:48  === keep-alive check starting ===
2026-08-26 15:44:52  Ensuring containers are up (docker compose up -d).
2026-08-26 15:44:53     Container t-coop-backend Running 
2026-08-26 15:44:53     Container t-coop-local-db Running 
2026-08-26 15:44:53     Container t-coop-local-db Waiting 
2026-08-26 15:44:53     Container t-coop-local-db Healthy 
2026-08-26 15:44:53     Container t-coop-backend-db-init-1 Starting 
2026-08-26 15:44:53     Container t-coop-backend-db-init-1 Started 
2026-08-26 15:44:53     Container t-coop-backend-db-init-1 Waiting 
2026-08-26 15:44:54     Container t-coop-backend-db-init-1 Exited 
2026-08-26 15:44:55  ngrok is already running (PID 3452).
2026-08-26 15:44:55  === keep-alive check complete ===
2026-08-26 15:49:50  === keep-alive check starting ===
2026-08-26 15:49:55  Ensuring containers are up (docker compose up -d).
2026-08-26 15:49:55     Container t-coop-local-db Running 
2026-08-26 15:49:56     Container t-coop-backend Running 
2026-08-26 15:49:56     Container t-coop-local-db Waiting 
2026-08-26 15:49:56     Container t-coop-local-db Healthy 
2026-08-26 15:49:56     Container t-coop-backend-db-init-1 Starting 
2026-08-26 15:49:56     Container t-coop-backend-db-init-1 Started 
2026-08-26 15:49:56     Container t-coop-backend-db-init-1 Waiting 
2026-08-26 15:49:57     Container t-coop-backend-db-init-1 Exited 
2026-08-26 15:49:57  ngrok is already running (PID 3452).
2026-08-26 15:49:57  === keep-alive check complete ===
2026-08-26 15:54:31  === keep-alive check starting ===
2026-08-26 15:54:35  Docker Desktop not running - launching it.
2026-08-26 15:54:56  Docker engine is ready.
2026-08-26 15:55:00  Ensuring containers are up (docker compose up -d).
2026-08-26 15:55:01     Container t-coop-backend Running 
2026-08-26 15:55:01     Container t-coop-local-db Starting 
2026-08-26 15:55:02     Container t-coop-local-db Started 
2026-08-26 15:55:02     Container t-coop-local-db Waiting 
2026-08-26 15:55:13     Container t-coop-local-db Healthy 
2026-08-26 15:55:13     Container t-coop-backend-db-init-1 Starting 
2026-08-26 15:55:14     Container t-coop-backend-db-init-1 Started 
2026-08-26 15:55:14     Container t-coop-backend-db-init-1 Waiting 
2026-08-26 15:55:14     Container t-coop-backend-db-init-1 Exited 
2026-08-26 15:55:22  ngrok is not running - starting tunnel on hamster-probiotic-compile.ngrok-free.dev.
2026-08-26 15:55:22  === keep-alive check complete ===
2026-08-26 15:59:47  === keep-alive check starting ===
2026-08-26 15:59:50  Ensuring containers are up (docker compose up -d).
2026-08-26 15:59:51     Container t-coop-backend Running 
2026-08-26 15:59:51     Container t-coop-local-db Running 
2026-08-26 15:59:51     Container t-coop-local-db Waiting 
2026-08-26 15:59:51     Container t-coop-local-db Healthy 
2026-08-26 15:59:51     Container t-coop-backend-db-init-1 Starting 
2026-08-26 15:59:51     Container t-coop-backend-db-init-1 Started 
2026-08-26 15:59:51     Container t-coop-backend-db-init-1 Waiting 
2026-08-26 15:59:52     Container t-coop-backend-db-init-1 Exited 
2026-08-26 15:59:53  ngrok is already running (PID 19808).
2026-08-26 15:59:53  === keep-alive check complete ===
2026-08-26 16:04:47  === keep-alive check starting ===
2026-08-26 16:04:51  Ensuring containers are up (docker compose up -d).
2026-08-26 16:04:52     Container t-coop-backend Running 
2026-08-26 16:04:52     Container t-coop-local-db Running 
2026-08-26 16:04:52     Container t-coop-local-db Waiting 
2026-08-26 16:04:52     Container t-coop-local-db Healthy 
2026-08-26 16:04:52     Container t-coop-backend-db-init-1 Starting 
2026-08-26 16:04:52     Container t-coop-backend-db-init-1 Started 
2026-08-26 16:04:52     Container t-coop-backend-db-init-1 Waiting 
2026-08-26 16:04:53     Container t-coop-backend-db-init-1 Exited 
2026-08-26 16:04:54  ngrok is already running (PID 19808).
2026-08-26 16:04:54  === keep-alive check complete ===
2026-08-26 16:09:48  === keep-alive check starting ===
2026-08-26 16:09:52  Ensuring containers are up (docker compose up -d).
2026-08-26 16:09:52     Container t-coop-local-db Running 
2026-08-26 16:09:52     Container t-coop-backend Running 
2026-08-26 16:09:52     Container t-coop-local-db Waiting 
2026-08-26 16:09:53     Container t-coop-local-db Healthy 
2026-08-26 16:09:53     Container t-coop-backend-db-init-1 Starting 
2026-08-26 16:09:53     Container t-coop-backend-db-init-1 Started 
2026-08-26 16:09:53     Container t-coop-backend-db-init-1 Waiting 
2026-08-26 16:09:53     Container t-coop-backend-db-init-1 Exited 
2026-08-26 16:09:54  ngrok is already running (PID 19808).
2026-08-26 16:09:54  === keep-alive check complete ===
2026-08-26 16:14:48  === keep-alive check starting ===
2026-08-26 16:14:51  Ensuring containers are up (docker compose up -d).
2026-08-26 16:14:51     Container t-coop-local-db Running 
2026-08-26 16:14:51     Container t-coop-backend Running 
2026-08-26 16:14:51     Container t-coop-local-db Waiting 
2026-08-26 16:14:52     Container t-coop-local-db Healthy 
2026-08-26 16:14:52     Container t-coop-backend-db-init-1 Starting 
2026-08-26 16:14:52     Container t-coop-backend-db-init-1 Started 
2026-08-26 16:14:52     Container t-coop-backend-db-init-1 Waiting 
2026-08-26 16:14:52     Container t-coop-backend-db-init-1 Exited 
2026-08-26 16:14:53  ngrok is already running (PID 19808).
2026-08-26 16:14:53  === keep-alive check complete ===
2026-08-26 16:16:50  === keep-alive check starting ===
2026-08-26 16:16:58  Docker Desktop not running - launching it.
2026-08-26 16:17:15  Docker engine is ready.
2026-08-26 16:17:17  Ensuring containers are up (docker compose up -d).
2026-08-26 16:17:17     Container t-coop-backend Running 
2026-08-26 16:17:18     Container t-coop-local-db Starting 
2026-08-26 16:17:18     Container t-coop-local-db Started 
2026-08-26 16:17:18     Container t-coop-local-db Waiting 
2026-08-26 16:17:31     Container t-coop-local-db Healthy 
2026-08-26 16:17:31     Container t-coop-backend-db-init-1 Starting 
2026-08-26 16:17:32     Container t-coop-backend-db-init-1 Started 
2026-08-26 16:17:32     Container t-coop-backend-db-init-1 Waiting 
2026-08-26 16:17:32     Container t-coop-backend-db-init-1 Exited 
2026-08-26 16:17:35  ngrok is not running - starting tunnel on hamster-probiotic-compile.ngrok-free.dev.
2026-08-26 16:17:35  === keep-alive check complete ===
2026-08-26 16:19:49  === keep-alive check starting ===
2026-08-26 16:19:59  Ensuring containers are up (docker compose up -d).
2026-08-26 16:19:59     Container t-coop-backend Running 
2026-08-26 16:19:59     Container t-coop-local-db Running 
2026-08-26 16:19:59     Container t-coop-local-db Waiting 
2026-08-26 16:20:00     Container t-coop-local-db Healthy 
2026-08-26 16:20:00     Container t-coop-backend-db-init-1 Starting 
2026-08-26 16:20:00     Container t-coop-backend-db-init-1 Started 
2026-08-26 16:20:00     Container t-coop-backend-db-init-1 Waiting 
2026-08-26 16:20:00     Container t-coop-backend-db-init-1 Exited 
2026-08-26 16:20:01  ngrok is already running (PID 19148).
2026-08-26 16:20:01  === keep-alive check complete ===
2026-08-26 16:24:47  === keep-alive check starting ===
2026-08-26 16:24:51  Ensuring containers are up (docker compose up -d).
2026-08-26 16:24:51     Container t-coop-backend Running 
2026-08-26 16:24:51     Container t-coop-local-db Running 
2026-08-26 16:24:51     Container t-coop-local-db Waiting 
2026-08-26 16:24:52     Container t-coop-local-db Healthy 
2026-08-26 16:24:52     Container t-coop-backend-db-init-1 Starting 
2026-08-26 16:24:52     Container t-coop-backend-db-init-1 Started 
2026-08-26 16:24:52     Container t-coop-backend-db-init-1 Waiting 
2026-08-26 16:24:53     Container t-coop-backend-db-init-1 Exited 
2026-08-26 16:24:53  ngrok is already running (PID 19148).
2026-08-26 16:24:53  === keep-alive check complete ===
2026-08-26 16:28:13  === keep-alive check starting ===
2026-08-26 16:28:17  Docker Desktop not running - launching it.
2026-08-26 16:28:29  Docker engine is ready.
2026-08-26 16:28:32  Ensuring containers are up (docker compose up -d).
2026-08-26 16:28:32     Container t-coop-backend Running 
2026-08-26 16:28:32     Container t-coop-local-db Starting 
2026-08-26 16:28:33     Container t-coop-local-db Started 
2026-08-26 16:28:33     Container t-coop-local-db Waiting 
2026-08-26 16:28:44     Container t-coop-local-db Healthy 
2026-08-26 16:28:44     Container t-coop-backend-db-init-1 Starting 
2026-08-26 16:28:44     Container t-coop-backend-db-init-1 Started 
2026-08-26 16:28:44     Container t-coop-backend-db-init-1 Waiting 
2026-08-26 16:28:45     Container t-coop-backend-db-init-1 Exited 
2026-08-26 16:28:46  ngrok is not running - starting tunnel on hamster-probiotic-compile.ngrok-free.dev.
2026-08-26 16:28:46  === keep-alive check complete ===
2026-08-26 16:29:46  === keep-alive check starting ===
2026-08-26 16:29:47  Ensuring containers are up (docker compose up -d).
2026-08-26 16:29:47     Container t-coop-backend Running 
2026-08-26 16:29:47     Container t-coop-local-db Running 
2026-08-26 16:29:47     Container t-coop-local-db Waiting 
2026-08-26 16:29:48     Container t-coop-local-db Healthy 
2026-08-26 16:29:48     Container t-coop-backend-db-init-1 Starting 
2026-08-26 16:29:48     Container t-coop-backend-db-init-1 Started 
2026-08-26 16:29:48     Container t-coop-backend-db-init-1 Waiting 
2026-08-26 16:29:48     Container t-coop-backend-db-init-1 Exited 
2026-08-26 16:29:50  ngrok is already running (PID 5640).
2026-08-26 16:29:50  === keep-alive check complete ===
2026-08-26 16:34:48  === keep-alive check starting ===
2026-08-26 16:34:51  Ensuring containers are up (docker compose up -d).
2026-08-26 16:34:51     Container t-coop-local-db Running 
2026-08-26 16:34:51     Container t-coop-backend Running 
2026-08-26 16:34:51     Container t-coop-local-db Waiting 
2026-08-26 16:34:52     Container t-coop-local-db Healthy 
2026-08-26 16:34:52     Container t-coop-backend-db-init-1 Starting 
2026-08-26 16:34:52     Container t-coop-backend-db-init-1 Started 
2026-08-26 16:34:52     Container t-coop-backend-db-init-1 Waiting 
2026-08-26 16:34:52     Container t-coop-backend-db-init-1 Exited 
2026-08-26 16:34:53  ngrok is already running (PID 5640).
2026-08-26 16:34:53  === keep-alive check complete ===
2026-08-26 16:39:50  === keep-alive check starting ===
2026-08-26 16:39:55  Ensuring containers are up (docker compose up -d).
2026-08-26 16:39:55     Container t-coop-backend Running 
2026-08-26 16:39:55     Container t-coop-local-db Running 
2026-08-26 16:39:55     Container t-coop-local-db Waiting 
2026-08-26 16:39:55     Container t-coop-local-db Healthy 
2026-08-26 16:39:55     Container t-coop-backend-db-init-1 Starting 
2026-08-26 16:39:56     Container t-coop-backend-db-init-1 Started 
2026-08-26 16:39:56     Container t-coop-backend-db-init-1 Waiting 
2026-08-26 16:39:56     Container t-coop-backend-db-init-1 Exited 
2026-08-26 16:39:57  ngrok is already running (PID 5640).
2026-08-26 16:39:57  === keep-alive check complete ===
2026-08-26 16:44:47  === keep-alive check starting ===
2026-08-26 16:44:50  Ensuring containers are up (docker compose up -d).
2026-08-26 16:44:50     Container t-coop-local-db Running 
2026-08-26 16:44:50     Container t-coop-backend Running 
2026-08-26 16:44:50     Container t-coop-local-db Waiting 
2026-08-26 16:44:51     Container t-coop-local-db Healthy 
2026-08-26 16:44:51     Container t-coop-backend-db-init-1 Starting 
2026-08-26 16:44:51     Container t-coop-backend-db-init-1 Started 
2026-08-26 16:44:51     Container t-coop-backend-db-init-1 Waiting 
2026-08-26 16:44:52     Container t-coop-backend-db-init-1 Exited 
2026-08-26 16:44:52  ngrok is already running (PID 5640).
2026-08-26 16:44:52  === keep-alive check complete ===
2026-08-26 16:49:48  === keep-alive check starting ===
2026-08-26 16:49:49  Ensuring containers are up (docker compose up -d).
2026-08-26 16:49:49     Container t-coop-local-db Running 
2026-08-26 16:49:49     Container t-coop-backend Running 
2026-08-26 16:49:49     Container t-coop-local-db Waiting 
2026-08-26 16:49:50     Container t-coop-local-db Healthy 
2026-08-26 16:49:50     Container t-coop-backend-db-init-1 Starting 
2026-08-26 16:49:50     Container t-coop-backend-db-init-1 Started 
2026-08-26 16:49:50     Container t-coop-backend-db-init-1 Waiting 
2026-08-26 16:49:50     Container t-coop-backend-db-init-1 Exited 
2026-08-26 16:49:51  ngrok is already running (PID 5640).
2026-08-26 16:49:51  === keep-alive check complete ===
2026-08-26 16:54:49  === keep-alive check starting ===
2026-08-26 16:54:50  Ensuring containers are up (docker compose up -d).
2026-08-26 16:54:50     Container t-coop-backend Running 
2026-08-26 16:54:50     Container t-coop-local-db Running 
2026-08-26 16:54:50     Container t-coop-local-db Waiting 
2026-08-26 16:54:51     Container t-coop-local-db Healthy 
2026-08-26 16:54:51     Container t-coop-backend-db-init-1 Starting 
2026-08-26 16:54:51     Container t-coop-backend-db-init-1 Started 
2026-08-26 16:54:51     Container t-coop-backend-db-init-1 Waiting 
2026-08-26 16:54:51     Container t-coop-backend-db-init-1 Exited 
2026-08-26 16:54:52  ngrok is already running (PID 5640).
2026-08-26 16:54:52  === keep-alive check complete ===
2026-08-26 17:42:35  === keep-alive check starting ===
2026-08-26 17:42:36  Ensuring containers are up (docker compose up -d).
2026-08-26 17:42:37     Container t-coop-backend Running 
2026-08-26 17:42:37     Container t-coop-local-db Running 
2026-08-26 17:42:37     Container t-coop-local-db Waiting 
2026-08-26 17:42:37     Container t-coop-local-db Healthy 
2026-08-26 17:42:37     Container t-coop-backend-db-init-1 Starting 
2026-08-26 17:42:38     Container t-coop-backend-db-init-1 Started 
2026-08-26 17:42:38     Container t-coop-backend-db-init-1 Waiting 
2026-08-26 17:42:38     Container t-coop-backend-db-init-1 Exited 
2026-08-26 17:42:39  ngrok is already running (PID 5640).
2026-08-26 17:42:39  === keep-alive check complete ===
2026-08-26 17:44:41  === keep-alive check starting ===
2026-08-26 17:44:41  Docker Desktop not running - launching it.
2026-08-26 17:44:50  Docker engine is ready.
2026-08-26 17:44:52  Ensuring containers are up (docker compose up -d).
2026-08-26 17:44:53     Container t-coop-backend Running 
2026-08-26 17:44:53     Container t-coop-local-db Starting 
2026-08-26 17:44:54     Container t-coop-local-db Started 
2026-08-26 17:44:54     Container t-coop-local-db Waiting 
2026-08-26 17:46:27  === keep-alive check starting ===
2026-08-26 17:46:31  Docker Desktop not running - launching it.
2026-08-26 17:46:44  Docker engine is ready.
2026-08-26 17:46:47  Ensuring containers are up (docker compose up -d).
2026-08-26 17:46:48     Container t-coop-backend Running 
2026-08-26 17:46:48     Container t-coop-local-db Starting 
2026-08-26 17:46:49     Container t-coop-local-db Started 
2026-08-26 17:46:49     Container t-coop-local-db Waiting 
2026-08-26 17:47:00     Container t-coop-local-db Healthy 
2026-08-26 17:47:00     Container t-coop-backend-db-init-1 Starting 
2026-08-26 17:47:01     Container t-coop-backend-db-init-1 Started 
2026-08-26 17:47:01     Container t-coop-backend-db-init-1 Waiting 
2026-08-26 17:47:01     Container t-coop-backend-db-init-1 Exited 
2026-08-26 17:47:04  ngrok is not running - starting tunnel on hamster-probiotic-compile.ngrok-free.dev.
2026-08-26 17:47:04  === keep-alive check complete ===
2026-08-26 17:49:49  === keep-alive check starting ===
2026-08-26 17:49:50  Ensuring containers are up (docker compose up -d).
2026-08-26 17:49:50     Container t-coop-local-db Running 
2026-08-26 17:49:50     Container t-coop-backend Running 
2026-08-26 17:49:50     Container t-coop-local-db Waiting 
2026-08-26 17:49:51     Container t-coop-local-db Healthy 
2026-08-26 17:49:51     Container t-coop-backend-db-init-1 Starting 
2026-08-26 17:49:51     Container t-coop-backend-db-init-1 Started 
2026-08-26 17:49:51     Container t-coop-backend-db-init-1 Waiting 
2026-08-26 17:49:51     Container t-coop-backend-db-init-1 Exited 
2026-08-26 17:49:52  ngrok is already running (PID 20128).
2026-08-26 17:49:52  === keep-alive check complete ===
2026-08-26 17:54:58  === keep-alive check starting ===
2026-08-26 17:55:18  Ensuring containers are up (docker compose up -d).
2026-08-26 17:55:18     Container t-coop-backend Running 
2026-08-26 17:55:18     Container t-coop-local-db Running 
2026-08-26 17:55:18     Container t-coop-local-db Waiting 
2026-08-26 17:55:19     Container t-coop-local-db Healthy 
2026-08-26 17:55:19     Container t-coop-backend-db-init-1 Starting 
2026-08-26 17:55:19     Container t-coop-backend-db-init-1 Started 
2026-08-26 17:55:19     Container t-coop-backend-db-init-1 Waiting 
2026-08-26 17:55:20     Container t-coop-backend-db-init-1 Exited 
2026-08-26 17:55:20  ngrok is already running (PID 20128).
2026-08-26 17:55:20  === keep-alive check complete ===
2026-08-26 17:59:48  === keep-alive check starting ===
2026-08-26 17:59:51  Ensuring containers are up (docker compose up -d).
2026-08-26 17:59:51     Container t-coop-local-db Running 
2026-08-26 17:59:51     Container t-coop-backend Running 
2026-08-26 17:59:51     Container t-coop-local-db Waiting 
2026-08-26 17:59:51     Container t-coop-local-db Healthy 
2026-08-26 17:59:51     Container t-coop-backend-db-init-1 Starting 
2026-08-26 17:59:52     Container t-coop-backend-db-init-1 Started 
2026-08-26 17:59:52     Container t-coop-backend-db-init-1 Waiting 
2026-08-26 17:59:52     Container t-coop-backend-db-init-1 Exited 
2026-08-26 17:59:53  ngrok is already running (PID 20128).
2026-08-26 17:59:53  === keep-alive check complete ===
2026-08-26 18:04:47  === keep-alive check starting ===
2026-08-26 18:04:48  Ensuring containers are up (docker compose up -d).
2026-08-26 18:04:48     Container t-coop-backend Running 
2026-08-26 18:04:48     Container t-coop-local-db Running 
2026-08-26 18:04:48     Container t-coop-local-db Waiting 
2026-08-26 18:04:49     Container t-coop-local-db Healthy 
2026-08-26 18:04:49     Container t-coop-backend-db-init-1 Starting 
2026-08-26 18:04:49     Container t-coop-backend-db-init-1 Started 
2026-08-26 18:04:49     Container t-coop-backend-db-init-1 Waiting 
2026-08-26 18:04:49     Container t-coop-backend-db-init-1 Exited 
2026-08-26 18:04:50  ngrok is already running (PID 20128).
2026-08-26 18:04:50  === keep-alive check complete ===
2026-08-26 18:09:47  === keep-alive check starting ===
2026-08-26 18:09:51  Ensuring containers are up (docker compose up -d).
2026-08-26 18:09:51     Container t-coop-backend Running 
2026-08-26 18:09:52     Container t-coop-local-db Running 
2026-08-26 18:09:52     Container t-coop-local-db Waiting 
2026-08-26 18:09:52     Container t-coop-local-db Healthy 
2026-08-26 18:09:52     Container t-coop-backend-db-init-1 Starting 
2026-08-26 18:09:52     Container t-coop-backend-db-init-1 Started 
2026-08-26 18:09:52     Container t-coop-backend-db-init-1 Waiting 
2026-08-26 18:09:53     Container t-coop-backend-db-init-1 Exited 
2026-08-26 18:09:53  ngrok is already running (PID 20128).
2026-08-26 18:09:53  === keep-alive check complete ===
2026-08-26 18:15:05  === keep-alive check starting ===
2026-08-26 18:15:08  Ensuring containers are up (docker compose up -d).
2026-08-26 18:15:08     Container t-coop-backend Running 
2026-08-26 18:15:08     Container t-coop-local-db Running 
2026-08-26 18:15:08     Container t-coop-local-db Waiting 
2026-08-26 18:15:08     Container t-coop-local-db Healthy 
2026-08-26 18:15:08     Container t-coop-backend-db-init-1 Starting 
2026-08-26 18:15:08     Container t-coop-backend-db-init-1 Started 
2026-08-26 18:15:08     Container t-coop-backend-db-init-1 Waiting 
2026-08-26 18:15:09     Container t-coop-backend-db-init-1 Exited 
2026-08-26 18:15:10  ngrok is already running (PID 20128).
2026-08-26 18:15:10  === keep-alive check complete ===
2026-08-26 18:19:47  === keep-alive check starting ===
2026-08-26 18:19:50  Ensuring containers are up (docker compose up -d).
2026-08-26 18:19:50     Container t-coop-backend Running 
2026-08-26 18:19:50     Container t-coop-local-db Running 
2026-08-26 18:19:50     Container t-coop-local-db Waiting 
2026-08-26 18:19:51     Container t-coop-local-db Healthy 
2026-08-26 18:19:51     Container t-coop-backend-db-init-1 Starting 
2026-08-26 18:19:51     Container t-coop-backend-db-init-1 Started 
2026-08-26 18:19:51     Container t-coop-backend-db-init-1 Waiting 
2026-08-26 18:19:52     Container t-coop-backend-db-init-1 Exited 
2026-08-26 18:19:52  ngrok is already running (PID 20128).
2026-08-26 18:19:52  === keep-alive check complete ===
2026-08-26 18:24:48  === keep-alive check starting ===
2026-08-26 18:24:53  Ensuring containers are up (docker compose up -d).
2026-08-26 18:24:54     Container t-coop-local-db Running 
2026-08-26 18:24:54     Container t-coop-backend Running 
2026-08-26 18:24:54     Container t-coop-local-db Waiting 
2026-08-26 18:24:54     Container t-coop-local-db Healthy 
2026-08-26 18:24:54     Container t-coop-backend-db-init-1 Starting 
2026-08-26 18:24:54     Container t-coop-backend-db-init-1 Started 
2026-08-26 18:24:54     Container t-coop-backend-db-init-1 Waiting 
2026-08-26 18:24:55     Container t-coop-backend-db-init-1 Exited 
2026-08-26 18:24:56  ngrok is already running (PID 20128).
2026-08-26 18:24:56  === keep-alive check complete ===
2026-08-26 18:29:47  === keep-alive check starting ===
2026-08-26 18:29:49  Ensuring containers are up (docker compose up -d).
2026-08-26 18:29:50     Container t-coop-backend Running 
2026-08-26 18:29:50     Container t-coop-local-db Running 
2026-08-26 18:29:50     Container t-coop-local-db Waiting 
2026-08-26 18:29:50     Container t-coop-local-db Healthy 
2026-08-26 18:29:50     Container t-coop-backend-db-init-1 Starting 
2026-08-26 18:29:50     Container t-coop-backend-db-init-1 Started 
2026-08-26 18:29:50     Container t-coop-backend-db-init-1 Waiting 
2026-08-26 18:29:51     Container t-coop-backend-db-init-1 Exited 
2026-08-26 18:29:52  ngrok is already running (PID 20128).
2026-08-26 18:29:52  === keep-alive check complete ===
2026-08-27 07:50:02  === keep-alive check starting ===
2026-08-27 07:50:07  Docker Desktop not running - launching it.
2026-08-27 07:50:18  Docker engine is ready.
2026-08-27 07:50:20  Ensuring containers are up (docker compose up -d).
2026-08-27 07:50:21     Container t-coop-backend Running 
2026-08-27 07:50:21     Container t-coop-local-db Starting 
2026-08-27 07:50:21     Container t-coop-local-db Started 
2026-08-27 07:50:21     Container t-coop-local-db Waiting 
2026-08-27 07:50:32     Container t-coop-local-db Healthy 
2026-08-27 07:50:32     Container t-coop-backend-db-init-1 Starting 
2026-08-27 07:50:32     Container t-coop-backend-db-init-1 Started 
2026-08-27 07:50:32     Container t-coop-backend-db-init-1 Waiting 
2026-08-27 07:50:32     Container t-coop-backend-db-init-1 Exited 
2026-08-27 07:50:33  ngrok is not running - starting tunnel on hamster-probiotic-compile.ngrok-free.dev.
2026-08-27 07:50:34  === keep-alive check complete ===
2026-08-27 07:55:46  === keep-alive check starting ===
2026-08-27 07:55:54  Ensuring containers are up (docker compose up -d).
2026-08-27 07:55:54     Container t-coop-backend Running 
2026-08-27 07:55:54     Container t-coop-local-db Running 
2026-08-27 07:55:54     Container t-coop-local-db Waiting 
2026-08-27 07:55:55     Container t-coop-local-db Healthy 
2026-08-27 07:55:55     Container t-coop-backend-db-init-1 Starting 
2026-08-27 07:55:55     Container t-coop-backend-db-init-1 Started 
2026-08-27 07:55:55     Container t-coop-backend-db-init-1 Waiting 
2026-08-27 07:55:55     Container t-coop-backend-db-init-1 Exited 
2026-08-27 07:55:57  ngrok is already running (PID 21184).
2026-08-27 07:55:57  === keep-alive check complete ===
2026-08-27 07:59:55  === keep-alive check starting ===
2026-08-27 07:59:56  Ensuring containers are up (docker compose up -d).
2026-08-27 07:59:57     Container t-coop-backend Running 
2026-08-27 07:59:57     Container t-coop-local-db Running 
2026-08-27 07:59:57     Container t-coop-local-db Waiting 
2026-08-27 07:59:57     Container t-coop-local-db Healthy 
2026-08-27 07:59:57     Container t-coop-backend-db-init-1 Starting 
2026-08-27 07:59:57     Container t-coop-backend-db-init-1 Started 
2026-08-27 07:59:57     Container t-coop-backend-db-init-1 Waiting 
2026-08-27 07:59:58     Container t-coop-backend-db-init-1 Exited 
2026-08-27 07:59:59  ngrok is already running (PID 21184).
2026-08-27 07:59:59  === keep-alive check complete ===
2026-08-27 08:09:50  === keep-alive check starting ===
2026-08-27 08:09:56  Ensuring containers are up (docker compose up -d).
2026-08-27 08:09:56     Container t-coop-backend Running 
2026-08-27 08:09:56     Container t-coop-local-db Running 
2026-08-27 08:09:56     Container t-coop-local-db Waiting 
2026-08-27 08:09:57     Container t-coop-local-db Healthy 
2026-08-27 08:09:57     Container t-coop-backend-db-init-1 Starting 
2026-08-27 08:09:57     Container t-coop-backend-db-init-1 Started 
2026-08-27 08:09:57     Container t-coop-backend-db-init-1 Waiting 
2026-08-27 08:09:58     Container t-coop-backend-db-init-1 Exited 
2026-08-27 08:09:59  ngrok is already running (PID 21184).
2026-08-27 08:09:59  === keep-alive check complete ===
2026-08-27 08:14:47  === keep-alive check starting ===
2026-08-27 08:14:48  Ensuring containers are up (docker compose up -d).
2026-08-27 08:14:49     Container t-coop-backend Running 
2026-08-27 08:14:49     Container t-coop-local-db Running 
2026-08-27 08:14:49     Container t-coop-local-db Waiting 
2026-08-27 08:14:49     Container t-coop-local-db Healthy 
2026-08-27 08:14:49     Container t-coop-backend-db-init-1 Starting 
2026-08-27 08:14:49     Container t-coop-backend-db-init-1 Started 
2026-08-27 08:14:49     Container t-coop-backend-db-init-1 Waiting 
2026-08-27 08:14:50     Container t-coop-backend-db-init-1 Exited 
2026-08-27 08:14:51  ngrok is already running (PID 21184).
2026-08-27 08:14:51  === keep-alive check complete ===
2026-08-27 08:29:48  === keep-alive check starting ===
2026-08-27 08:29:49  Ensuring containers are up (docker compose up -d).
2026-08-27 08:29:49     Container t-coop-backend Running 
2026-08-27 08:29:49     Container t-coop-local-db Running 
2026-08-27 08:29:49     Container t-coop-local-db Waiting 
2026-08-27 08:29:50     Container t-coop-local-db Healthy 
2026-08-27 08:29:50     Container t-coop-backend-db-init-1 Starting 
2026-08-27 08:29:50     Container t-coop-backend-db-init-1 Started 
2026-08-27 08:29:50     Container t-coop-backend-db-init-1 Waiting 
2026-08-27 08:29:51     Container t-coop-backend-db-init-1 Exited 
2026-08-27 08:29:52  ngrok is already running (PID 21184).
2026-08-27 08:29:52  === keep-alive check complete ===
2026-08-27 09:13:28  === keep-alive check starting ===
2026-08-27 09:13:32  Ensuring containers are up (docker compose up -d).
2026-08-27 09:13:32     Container t-coop-backend Running 
2026-08-27 09:13:32     Container t-coop-local-db Running 
2026-08-27 09:13:32     Container t-coop-local-db Waiting 
2026-08-27 09:13:33     Container t-coop-local-db Healthy 
2026-08-27 09:13:33     Container t-coop-backend-db-init-1 Starting 
2026-08-27 09:13:33     Container t-coop-backend-db-init-1 Started 
2026-08-27 09:13:33     Container t-coop-backend-db-init-1 Waiting 
2026-08-27 09:13:34     Container t-coop-backend-db-init-1 Exited 
2026-08-27 09:13:35  ngrok is already running (PID 21184).
2026-08-27 09:13:35  === keep-alive check complete ===
2026-08-27 09:14:50  === keep-alive check starting ===
2026-08-27 09:14:52  Ensuring containers are up (docker compose up -d).
2026-08-27 09:14:52     Container t-coop-backend Running 
2026-08-27 09:14:52     Container t-coop-local-db Running 
2026-08-27 09:14:52     Container t-coop-local-db Waiting 
2026-08-27 09:14:53     Container t-coop-local-db Healthy 
2026-08-27 09:14:53     Container t-coop-backend-db-init-1 Starting 
2026-08-27 09:14:53     Container t-coop-backend-db-init-1 Started 
2026-08-27 09:14:53     Container t-coop-backend-db-init-1 Waiting 
2026-08-27 09:14:53     Container t-coop-backend-db-init-1 Exited 
2026-08-27 09:14:54  ngrok is already running (PID 21184).
2026-08-27 09:14:54  === keep-alive check complete ===
2026-08-27 09:19:48  === keep-alive check starting ===
2026-08-27 09:19:49  Ensuring containers are up (docker compose up -d).
2026-08-27 09:19:50     Container t-coop-backend Running 
2026-08-27 09:19:50     Container t-coop-local-db Running 
2026-08-27 09:19:50     Container t-coop-local-db Waiting 
2026-08-27 09:19:50     Container t-coop-local-db Healthy 
2026-08-27 09:19:50     Container t-coop-backend-db-init-1 Starting 
2026-08-27 09:19:51     Container t-coop-backend-db-init-1 Started 
2026-08-27 09:19:51     Container t-coop-backend-db-init-1 Waiting 
2026-08-27 09:19:51     Container t-coop-backend-db-init-1 Exited 
2026-08-27 09:19:52  ngrok is already running (PID 21184).
2026-08-27 09:19:52  === keep-alive check complete ===
2026-08-27 09:24:50  === keep-alive check starting ===
2026-08-27 09:24:52  Ensuring containers are up (docker compose up -d).
2026-08-27 09:24:52     Container t-coop-backend Running 
2026-08-27 09:24:52     Container t-coop-local-db Running 
2026-08-27 09:24:52     Container t-coop-local-db Waiting 
2026-08-27 09:24:52     Container t-coop-local-db Healthy 
2026-08-27 09:24:52     Container t-coop-backend-db-init-1 Starting 
2026-08-27 09:24:53     Container t-coop-backend-db-init-1 Started 
2026-08-27 09:24:53     Container t-coop-backend-db-init-1 Waiting 
2026-08-27 09:24:53     Container t-coop-backend-db-init-1 Exited 
2026-08-27 09:24:54  ngrok is already running (PID 21184).
2026-08-27 09:24:54  === keep-alive check complete ===
2026-08-27 09:29:49  === keep-alive check starting ===
2026-08-27 09:29:51  Ensuring containers are up (docker compose up -d).
2026-08-27 09:29:51     Container t-coop-backend Running 
2026-08-27 09:29:51     Container t-coop-local-db Running 
2026-08-27 09:29:51     Container t-coop-local-db Waiting 
2026-08-27 09:29:52     Container t-coop-local-db Healthy 
2026-08-27 09:29:52     Container t-coop-backend-db-init-1 Starting 
2026-08-27 09:29:52     Container t-coop-backend-db-init-1 Started 
2026-08-27 09:29:52     Container t-coop-backend-db-init-1 Waiting 
2026-08-27 09:29:53     Container t-coop-backend-db-init-1 Exited 
2026-08-27 09:29:54  ngrok is already running (PID 21184).
2026-08-27 09:29:54  === keep-alive check complete ===
2026-08-27 09:34:53  === keep-alive check starting ===
2026-08-27 09:34:54  Ensuring containers are up (docker compose up -d).
2026-08-27 09:34:54     Container t-coop-backend Running 
2026-08-27 09:34:54     Container t-coop-local-db Running 
2026-08-27 09:34:54     Container t-coop-local-db Waiting 
2026-08-27 09:34:55     Container t-coop-local-db Healthy 
2026-08-27 09:34:55     Container t-coop-backend-db-init-1 Starting 
2026-08-27 09:34:55     Container t-coop-backend-db-init-1 Started 
2026-08-27 09:34:55     Container t-coop-backend-db-init-1 Waiting 
2026-08-27 09:34:56     Container t-coop-backend-db-init-1 Exited 
2026-08-27 09:34:57  ngrok is already running (PID 21184).
2026-08-27 09:34:57  === keep-alive check complete ===
2026-08-27 09:39:48  === keep-alive check starting ===
2026-08-27 09:39:50  Ensuring containers are up (docker compose up -d).
2026-08-27 09:39:50     Container t-coop-backend Running 
2026-08-27 09:39:50     Container t-coop-local-db Running 
2026-08-27 09:39:50     Container t-coop-local-db Waiting 
2026-08-27 09:39:51     Container t-coop-local-db Healthy 
2026-08-27 09:39:51     Container t-coop-backend-db-init-1 Starting 
2026-08-27 09:39:51     Container t-coop-backend-db-init-1 Started 
2026-08-27 09:39:51     Container t-coop-backend-db-init-1 Waiting 
2026-08-27 09:39:52     Container t-coop-backend-db-init-1 Exited 
2026-08-27 09:39:53  ngrok is already running (PID 21184).
2026-08-27 09:39:53  === keep-alive check complete ===
2026-08-27 09:44:48  === keep-alive check starting ===
2026-08-27 09:44:50  Ensuring containers are up (docker compose up -d).
2026-08-27 09:44:50     Container t-coop-backend Running 
2026-08-27 09:44:50     Container t-coop-local-db Running 
2026-08-27 09:44:50     Container t-coop-local-db Waiting 
2026-08-27 09:44:51     Container t-coop-local-db Healthy 
2026-08-27 09:44:51     Container t-coop-backend-db-init-1 Starting 
2026-08-27 09:44:51     Container t-coop-backend-db-init-1 Started 
2026-08-27 09:44:51     Container t-coop-backend-db-init-1 Waiting 
2026-08-27 09:44:51     Container t-coop-backend-db-init-1 Exited 
2026-08-27 09:44:52  ngrok is already running (PID 21184).
2026-08-27 09:44:52  === keep-alive check complete ===
2026-08-27 09:49:48  === keep-alive check starting ===
2026-08-27 09:49:50  Ensuring containers are up (docker compose up -d).
2026-08-27 09:49:50     Container t-coop-local-db Running 
2026-08-27 09:49:50     Container t-coop-backend Running 
2026-08-27 09:49:50     Container t-coop-local-db Waiting 
2026-08-27 09:49:51     Container t-coop-local-db Healthy 
2026-08-27 09:49:51     Container t-coop-backend-db-init-1 Starting 
2026-08-27 09:49:51     Container t-coop-backend-db-init-1 Started 
2026-08-27 09:49:51     Container t-coop-backend-db-init-1 Waiting 
2026-08-27 09:49:51     Container t-coop-backend-db-init-1 Exited 
2026-08-27 09:49:53  ngrok is already running (PID 21184).
2026-08-27 09:49:53  === keep-alive check complete ===
2026-08-27 10:04:43  === keep-alive check starting ===
2026-08-27 10:04:45  Ensuring containers are up (docker compose up -d).
2026-08-27 10:04:45     Container t-coop-backend Running 
2026-08-27 10:04:45     Container t-coop-local-db Running 
2026-08-27 10:04:45     Container t-coop-local-db Waiting 
2026-08-27 10:04:46     Container t-coop-local-db Healthy 
2026-08-27 10:04:46     Container t-coop-backend-db-init-1 Starting 
2026-08-27 10:04:46     Container t-coop-backend-db-init-1 Started 
2026-08-27 10:04:46     Container t-coop-backend-db-init-1 Waiting 
2026-08-27 10:04:47     Container t-coop-backend-db-init-1 Exited 
2026-08-27 10:04:47  ngrok is already running (PID 21184).
2026-08-27 10:04:47  === keep-alive check complete ===
2026-08-27 10:09:49  === keep-alive check starting ===
2026-08-27 10:09:51  Ensuring containers are up (docker compose up -d).
2026-08-27 10:09:52     Container t-coop-backend Running 
2026-08-27 10:09:52     Container t-coop-local-db Running 
2026-08-27 10:09:52     Container t-coop-local-db Waiting 
2026-08-27 10:09:52     Container t-coop-local-db Healthy 
2026-08-27 10:09:52     Container t-coop-backend-db-init-1 Starting 
2026-08-27 10:09:52     Container t-coop-backend-db-init-1 Started 
2026-08-27 10:09:52     Container t-coop-backend-db-init-1 Waiting 
2026-08-27 10:09:53     Container t-coop-backend-db-init-1 Exited 
2026-08-27 10:09:54  ngrok is already running (PID 21184).
2026-08-27 10:09:54  === keep-alive check complete ===
2026-08-27 10:14:52  === keep-alive check starting ===
2026-08-27 10:14:53  Ensuring containers are up (docker compose up -d).
2026-08-27 10:14:54     Container t-coop-backend Running 
2026-08-27 10:14:54     Container t-coop-local-db Running 
2026-08-27 10:14:54     Container t-coop-local-db Waiting 
2026-08-27 10:14:54     Container t-coop-local-db Healthy 
2026-08-27 10:14:54     Container t-coop-backend-db-init-1 Starting 
2026-08-27 10:14:54     Container t-coop-backend-db-init-1 Started 
2026-08-27 10:14:54     Container t-coop-backend-db-init-1 Waiting 
2026-08-27 10:14:55     Container t-coop-backend-db-init-1 Exited 
2026-08-27 10:14:56  ngrok is already running (PID 21184).
2026-08-27 10:14:56  === keep-alive check complete ===
2026-08-27 10:19:50  === keep-alive check starting ===
2026-08-27 10:19:51  Ensuring containers are up (docker compose up -d).
2026-08-27 10:19:52     Container t-coop-backend Running 
2026-08-27 10:19:52     Container t-coop-local-db Running 
2026-08-27 10:19:52     Container t-coop-local-db Waiting 
2026-08-27 10:19:52     Container t-coop-local-db Healthy 
2026-08-27 10:19:52     Container t-coop-backend-db-init-1 Starting 
2026-08-27 10:19:53     Container t-coop-backend-db-init-1 Started 
2026-08-27 10:19:53     Container t-coop-backend-db-init-1 Waiting 
2026-08-27 10:19:53     Container t-coop-backend-db-init-1 Exited 
2026-08-27 10:19:54  ngrok is already running (PID 21184).
2026-08-27 10:19:54  === keep-alive check complete ===
2026-08-27 10:24:49  === keep-alive check starting ===
2026-08-27 10:24:51  Ensuring containers are up (docker compose up -d).
2026-08-27 10:24:52     Container t-coop-backend Running 
2026-08-27 10:24:52     Container t-coop-local-db Running 
2026-08-27 10:24:52     Container t-coop-local-db Waiting 
2026-08-27 10:24:52     Container t-coop-local-db Healthy 
2026-08-27 10:24:52     Container t-coop-backend-db-init-1 Starting 
2026-08-27 10:24:52     Container t-coop-backend-db-init-1 Started 
2026-08-27 10:24:52     Container t-coop-backend-db-init-1 Waiting 
2026-08-27 10:24:53     Container t-coop-backend-db-init-1 Exited 
2026-08-27 10:24:54  ngrok is already running (PID 21184).
2026-08-27 10:24:54  === keep-alive check complete ===
2026-08-27 10:29:48  === keep-alive check starting ===
2026-08-27 10:29:49  Ensuring containers are up (docker compose up -d).
2026-08-27 10:29:50     Container t-coop-local-db Running 
2026-08-27 10:29:50     Container t-coop-backend Running 
2026-08-27 10:29:50     Container t-coop-local-db Waiting 
2026-08-27 10:29:50     Container t-coop-local-db Healthy 
2026-08-27 10:29:50     Container t-coop-backend-db-init-1 Starting 
2026-08-27 10:29:51     Container t-coop-backend-db-init-1 Started 
2026-08-27 10:29:51     Container t-coop-backend-db-init-1 Waiting 
2026-08-27 10:29:51     Container t-coop-backend-db-init-1 Exited 
2026-08-27 10:29:52  ngrok is already running (PID 21184).
2026-08-27 10:29:52  === keep-alive check complete ===
2026-08-27 10:34:49  === keep-alive check starting ===
2026-08-27 10:34:51  Ensuring containers are up (docker compose up -d).
2026-08-27 10:34:51     Container t-coop-backend Running 
2026-08-27 10:34:51     Container t-coop-local-db Running 
2026-08-27 10:34:51     Container t-coop-local-db Waiting 
2026-08-27 10:34:52     Container t-coop-local-db Healthy 
2026-08-27 10:34:52     Container t-coop-backend-db-init-1 Starting 
2026-08-27 10:34:52     Container t-coop-backend-db-init-1 Started 
2026-08-27 10:34:52     Container t-coop-backend-db-init-1 Waiting 
2026-08-27 10:34:53     Container t-coop-backend-db-init-1 Exited 
2026-08-27 10:34:56  ngrok is already running (PID 21184).
2026-08-27 10:34:56  === keep-alive check complete ===
2026-08-27 11:10:48  === keep-alive check starting ===
2026-08-27 11:10:50  Ensuring containers are up (docker compose up -d).
2026-08-27 11:10:51     Container t-coop-local-db Running 
2026-08-27 11:10:51     Container t-coop-backend Running 
2026-08-27 11:10:51     Container t-coop-local-db Waiting 
2026-08-27 11:10:51     Container t-coop-local-db Healthy 
2026-08-27 11:10:51     Container t-coop-backend-db-init-1 Starting 
2026-08-27 11:10:51     Container t-coop-backend-db-init-1 Started 
2026-08-27 11:10:51     Container t-coop-backend-db-init-1 Waiting 
2026-08-27 11:10:52     Container t-coop-backend-db-init-1 Exited 
2026-08-27 11:10:53  ngrok is already running (PID 21184).
2026-08-27 11:10:53  === keep-alive check complete ===
2026-08-27 11:27:12  === keep-alive check starting ===
2026-08-27 11:27:15  Ensuring containers are up (docker compose up -d).
2026-08-27 11:27:15     Container t-coop-backend Running 
2026-08-27 11:27:15     Container t-coop-local-db Running 
2026-08-27 11:27:15     Container t-coop-local-db Waiting 
2026-08-27 11:27:16     Container t-coop-local-db Healthy 
2026-08-27 11:27:16     Container t-coop-backend-db-init-1 Starting 
2026-08-27 11:27:16     Container t-coop-backend-db-init-1 Started 
2026-08-27 11:27:16     Container t-coop-backend-db-init-1 Waiting 
2026-08-27 11:27:17     Container t-coop-backend-db-init-1 Exited 
2026-08-27 11:27:18  ngrok is already running (PID 21184).
2026-08-27 11:27:18  === keep-alive check complete ===
2026-08-27 11:29:50  === keep-alive check starting ===
2026-08-27 11:29:52  Ensuring containers are up (docker compose up -d).
2026-08-27 11:29:52     Container t-coop-backend Running 
2026-08-27 11:29:52     Container t-coop-local-db Running 
2026-08-27 11:29:52     Container t-coop-local-db Waiting 
2026-08-27 11:29:53     Container t-coop-local-db Healthy 
2026-08-27 11:29:53     Container t-coop-backend-db-init-1 Starting 
2026-08-27 11:29:53     Container t-coop-backend-db-init-1 Started 
2026-08-27 11:29:53     Container t-coop-backend-db-init-1 Waiting 
2026-08-27 11:29:53     Container t-coop-backend-db-init-1 Exited 
2026-08-27 11:29:54  ngrok is already running (PID 21184).
2026-08-27 11:29:54  === keep-alive check complete ===
2026-08-27 11:35:02  === keep-alive check starting ===
2026-08-27 11:35:42  Ensuring containers are up (docker compose up -d).
2026-08-27 11:35:55     Container t-coop-local-db Running 
2026-08-27 11:35:55     Container t-coop-backend Running 
2026-08-27 11:35:55     Container t-coop-local-db Waiting 
2026-08-27 11:35:55     Container t-coop-local-db Healthy 
2026-08-27 11:35:55     Container t-coop-backend-db-init-1 Starting 
2026-08-27 11:35:56     Container t-coop-backend-db-init-1 Started 
2026-08-27 11:35:56     Container t-coop-backend-db-init-1 Waiting 
2026-08-27 11:35:56     Container t-coop-backend-db-init-1 Exited 
2026-08-27 11:35:58  ngrok is already running (PID 21184).
2026-08-27 11:35:58  === keep-alive check complete ===
2026-08-27 11:39:48  === keep-alive check starting ===
2026-08-27 11:39:52  Ensuring containers are up (docker compose up -d).
2026-08-27 11:39:53     Container t-coop-backend Running 
2026-08-27 11:39:53     Container t-coop-local-db Running 
2026-08-27 11:39:53     Container t-coop-local-db Waiting 
2026-08-27 11:39:53     Container t-coop-local-db Healthy 
2026-08-27 11:39:53     Container t-coop-backend-db-init-1 Starting 
2026-08-27 11:39:53     Container t-coop-backend-db-init-1 Started 
2026-08-27 11:39:53     Container t-coop-backend-db-init-1 Waiting 
2026-08-27 11:39:54     Container t-coop-backend-db-init-1 Exited 
2026-08-27 11:39:55  ngrok is already running (PID 21184).
2026-08-27 11:39:55  === keep-alive check complete ===
2026-08-27 11:44:50  === keep-alive check starting ===
2026-08-27 11:44:54  Ensuring containers are up (docker compose up -d).
2026-08-27 11:44:54     Container t-coop-backend Running 
2026-08-27 11:44:54     Container t-coop-local-db Running 
2026-08-27 11:44:54     Container t-coop-local-db Waiting 
2026-08-27 11:44:55     Container t-coop-local-db Healthy 
2026-08-27 11:44:55     Container t-coop-backend-db-init-1 Starting 
2026-08-27 11:44:55     Container t-coop-backend-db-init-1 Started 
2026-08-27 11:44:55     Container t-coop-backend-db-init-1 Waiting 
2026-08-27 11:44:56     Container t-coop-backend-db-init-1 Exited 
2026-08-27 11:44:57  ngrok is already running (PID 21184).
2026-08-27 11:44:57  === keep-alive check complete ===
2026-08-27 12:20:00  === keep-alive check starting ===
2026-08-27 12:20:04  Ensuring containers are up (docker compose up -d).
2026-08-27 12:20:05     Container t-coop-backend Running 
2026-08-27 12:20:05     Container t-coop-local-db Running 
2026-08-27 12:20:05     Container t-coop-local-db Waiting 
2026-08-27 12:20:05     Container t-coop-local-db Healthy 
2026-08-27 12:20:05     Container t-coop-backend-db-init-1 Starting 
2026-08-27 12:20:06     Container t-coop-backend-db-init-1 Started 
2026-08-27 12:20:06     Container t-coop-backend-db-init-1 Waiting 
2026-08-27 12:20:06     Container t-coop-backend-db-init-1 Exited 
2026-08-27 12:20:08  ngrok is already running (PID 21184).
2026-08-27 12:20:08  === keep-alive check complete ===
2026-08-27 12:24:47  === keep-alive check starting ===
2026-08-27 12:24:51  Ensuring containers are up (docker compose up -d).
2026-08-27 12:24:52     Container t-coop-local-db Running 
2026-08-27 12:24:52     Container t-coop-backend Running 
2026-08-27 12:24:52     Container t-coop-local-db Waiting 
2026-08-27 12:24:52     Container t-coop-local-db Healthy 
2026-08-27 12:24:52     Container t-coop-backend-db-init-1 Starting 
2026-08-27 12:24:53     Container t-coop-backend-db-init-1 Started 
2026-08-27 12:24:53     Container t-coop-backend-db-init-1 Waiting 
2026-08-27 12:24:53     Container t-coop-backend-db-init-1 Exited 
2026-08-27 12:24:55  ngrok is already running (PID 21184).
2026-08-27 12:24:55  === keep-alive check complete ===
2026-08-27 12:29:49  === keep-alive check starting ===
2026-08-27 12:29:54  Ensuring containers are up (docker compose up -d).
2026-08-27 12:29:54     Container t-coop-local-db Running 
2026-08-27 12:29:54     Container t-coop-backend Running 
2026-08-27 12:29:54     Container t-coop-local-db Waiting 
2026-08-27 12:29:55     Container t-coop-local-db Healthy 
2026-08-27 12:29:55     Container t-coop-backend-db-init-1 Starting 
2026-08-27 12:29:55     Container t-coop-backend-db-init-1 Started 
2026-08-27 12:29:55     Container t-coop-backend-db-init-1 Waiting 
2026-08-27 12:29:56     Container t-coop-backend-db-init-1 Exited 
2026-08-27 12:29:57  ngrok is already running (PID 21184).
2026-08-27 12:29:57  === keep-alive check complete ===
2026-08-27 12:34:48  === keep-alive check starting ===
2026-08-27 12:34:57  Ensuring containers are up (docker compose up -d).
2026-08-27 12:35:04     Container t-coop-backend Running 
2026-08-27 12:35:04     Container t-coop-local-db Running 
2026-08-27 12:35:04     Container t-coop-local-db Waiting 
2026-08-27 12:35:04     Container t-coop-local-db Healthy 
2026-08-27 12:35:04     Container t-coop-backend-db-init-1 Starting 
2026-08-27 12:35:05     Container t-coop-backend-db-init-1 Started 
2026-08-27 12:35:05     Container t-coop-backend-db-init-1 Waiting 
2026-08-27 12:35:05     Container t-coop-backend-db-init-1 Exited 
2026-08-27 12:35:07  ngrok is already running (PID 21184).
2026-08-27 12:35:07  === keep-alive check complete ===
2026-08-27 12:40:10  === keep-alive check starting ===
2026-08-27 12:40:27  Ensuring containers are up (docker compose up -d).
2026-08-27 12:40:28     Container t-coop-backend Running 
2026-08-27 12:40:28     Container t-coop-local-db Running 
2026-08-27 12:40:28     Container t-coop-local-db Waiting 
2026-08-27 12:40:28     Container t-coop-local-db Healthy 
2026-08-27 12:40:28     Container t-coop-backend-db-init-1 Starting 
2026-08-27 12:40:29     Container t-coop-backend-db-init-1 Started 
2026-08-27 12:40:29     Container t-coop-backend-db-init-1 Waiting 
2026-08-27 12:40:29     Container t-coop-backend-db-init-1 Exited 
2026-08-27 12:40:31  ngrok is already running (PID 21184).
2026-08-27 12:40:31  === keep-alive check complete ===
2026-08-27 12:44:48  === keep-alive check starting ===
2026-08-27 12:44:54  Ensuring containers are up (docker compose up -d).
2026-08-27 12:44:54     Container t-coop-backend Running 
2026-08-27 12:44:54     Container t-coop-local-db Running 
2026-08-27 12:44:54     Container t-coop-local-db Waiting 
2026-08-27 12:44:55     Container t-coop-local-db Healthy 
2026-08-27 12:44:55     Container t-coop-backend-db-init-1 Starting 
2026-08-27 12:44:55     Container t-coop-backend-db-init-1 Started 
2026-08-27 12:44:55     Container t-coop-backend-db-init-1 Waiting 
2026-08-27 12:44:56     Container t-coop-backend-db-init-1 Exited 
2026-08-27 12:44:58  ngrok is already running (PID 21184).
2026-08-27 12:44:58  === keep-alive check complete ===
2026-08-27 12:49:47  === keep-alive check starting ===
2026-08-27 12:49:54  Ensuring containers are up (docker compose up -d).
2026-08-27 12:49:54     Container t-coop-backend Running 
2026-08-27 12:49:54     Container t-coop-local-db Running 
2026-08-27 12:49:54     Container t-coop-local-db Waiting 
2026-08-27 12:49:55     Container t-coop-local-db Healthy 
2026-08-27 12:49:55     Container t-coop-backend-db-init-1 Starting 
2026-08-27 12:49:55     Container t-coop-backend-db-init-1 Started 
2026-08-27 12:49:55     Container t-coop-backend-db-init-1 Waiting 
2026-08-27 12:49:56     Container t-coop-backend-db-init-1 Exited 
2026-08-27 12:49:58  ngrok is already running (PID 21184).
2026-08-27 12:49:58  === keep-alive check complete ===
2026-08-27 12:54:47  === keep-alive check starting ===
2026-08-27 12:54:55  Ensuring containers are up (docker compose up -d).
2026-08-27 12:54:56     Container t-coop-backend Running 
2026-08-27 12:54:56     Container t-coop-local-db Running 
2026-08-27 12:54:56     Container t-coop-local-db Waiting 
2026-08-27 12:54:56     Container t-coop-local-db Healthy 
2026-08-27 12:54:56     Container t-coop-backend-db-init-1 Starting 
2026-08-27 12:54:56     Container t-coop-backend-db-init-1 Started 
2026-08-27 12:54:56     Container t-coop-backend-db-init-1 Waiting 
2026-08-27 12:54:57     Container t-coop-backend-db-init-1 Exited 
2026-08-27 12:54:58  ngrok is already running (PID 21184).
2026-08-27 12:54:58  === keep-alive check complete ===
2026-08-27 12:59:50  === keep-alive check starting ===
2026-08-27 12:59:52  Ensuring containers are up (docker compose up -d).
2026-08-27 12:59:52     Container t-coop-local-db Running 
2026-08-27 12:59:52     Container t-coop-backend Running 
2026-08-27 12:59:52     Container t-coop-local-db Waiting 
2026-08-27 12:59:52     Container t-coop-local-db Healthy 
2026-08-27 12:59:52     Container t-coop-backend-db-init-1 Starting 
2026-08-27 12:59:53     Container t-coop-backend-db-init-1 Started 
2026-08-27 12:59:53     Container t-coop-backend-db-init-1 Waiting 
2026-08-27 12:59:53     Container t-coop-backend-db-init-1 Exited 
2026-08-27 12:59:55  ngrok is already running (PID 21184).
2026-08-27 12:59:55  === keep-alive check complete ===
2026-08-27 13:04:50  === keep-alive check starting ===
2026-08-27 13:04:52  Ensuring containers are up (docker compose up -d).
2026-08-27 13:04:52     Container t-coop-backend Running 
2026-08-27 13:04:52     Container t-coop-local-db Running 
2026-08-27 13:04:52     Container t-coop-local-db Waiting 
2026-08-27 13:04:53     Container t-coop-local-db Healthy 
2026-08-27 13:04:53     Container t-coop-backend-db-init-1 Starting 
2026-08-27 13:04:53     Container t-coop-backend-db-init-1 Started 
2026-08-27 13:04:53     Container t-coop-backend-db-init-1 Waiting 
2026-08-27 13:04:53     Container t-coop-backend-db-init-1 Exited 
2026-08-27 13:04:54  ngrok is already running (PID 21184).
2026-08-27 13:04:54  === keep-alive check complete ===
2026-08-27 13:09:49  === keep-alive check starting ===
2026-08-27 13:09:51  Ensuring containers are up (docker compose up -d).
2026-08-27 13:09:51     Container t-coop-backend Running 
2026-08-27 13:09:51     Container t-coop-local-db Running 
2026-08-27 13:09:51     Container t-coop-local-db Waiting 
2026-08-27 13:09:52     Container t-coop-local-db Healthy 
2026-08-27 13:09:52     Container t-coop-backend-db-init-1 Starting 
2026-08-27 13:09:52     Container t-coop-backend-db-init-1 Started 
2026-08-27 13:09:52     Container t-coop-backend-db-init-1 Waiting 
2026-08-27 13:09:52     Container t-coop-backend-db-init-1 Exited 
2026-08-27 13:09:53  ngrok is already running (PID 21184).
2026-08-27 13:09:53  === keep-alive check complete ===
2026-08-27 13:14:49  === keep-alive check starting ===
2026-08-27 13:14:54  Ensuring containers are up (docker compose up -d).
2026-08-27 13:14:54     Container t-coop-backend Running 
2026-08-27 13:14:54     Container t-coop-local-db Running 
2026-08-27 13:14:54     Container t-coop-local-db Waiting 
2026-08-27 13:14:55     Container t-coop-local-db Healthy 
2026-08-27 13:14:55     Container t-coop-backend-db-init-1 Starting 
2026-08-27 13:14:55     Container t-coop-backend-db-init-1 Started 
2026-08-27 13:14:55     Container t-coop-backend-db-init-1 Waiting 
2026-08-27 13:14:56     Container t-coop-backend-db-init-1 Exited 
2026-08-27 13:14:57  ngrok is already running (PID 21184).
2026-08-27 13:14:57  === keep-alive check complete ===
2026-08-27 13:19:50  === keep-alive check starting ===
2026-08-27 13:19:52  Ensuring containers are up (docker compose up -d).
2026-08-27 13:19:53     Container t-coop-backend Running 
2026-08-27 13:19:53     Container t-coop-local-db Running 
2026-08-27 13:19:53     Container t-coop-local-db Waiting 
2026-08-27 13:19:53     Container t-coop-local-db Healthy 
2026-08-27 13:19:53     Container t-coop-backend-db-init-1 Starting 
2026-08-27 13:19:54     Container t-coop-backend-db-init-1 Started 
2026-08-27 13:19:54     Container t-coop-backend-db-init-1 Waiting 
2026-08-27 13:19:55     Container t-coop-backend-db-init-1 Exited 
2026-08-27 13:19:56  ngrok is already running (PID 21184).
2026-08-27 13:19:56  === keep-alive check complete ===
2026-08-27 13:24:55  === keep-alive check starting ===
2026-08-27 13:25:02  Ensuring containers are up (docker compose up -d).
2026-08-27 13:25:03     Container t-coop-backend Running 
2026-08-27 13:25:03     Container t-coop-local-db Running 
2026-08-27 13:25:03     Container t-coop-local-db Waiting 
2026-08-27 13:25:03     Container t-coop-local-db Healthy 
2026-08-27 13:25:03     Container t-coop-backend-db-init-1 Starting 
2026-08-27 13:25:04     Container t-coop-backend-db-init-1 Started 
2026-08-27 13:25:04     Container t-coop-backend-db-init-1 Waiting 
2026-08-27 13:25:04     Container t-coop-backend-db-init-1 Exited 
2026-08-27 13:25:06  ngrok is already running (PID 21184).
2026-08-27 13:25:06  === keep-alive check complete ===
2026-08-27 13:29:53  === keep-alive check starting ===
2026-08-27 13:29:57  Ensuring containers are up (docker compose up -d).
2026-08-27 13:29:57     Container t-coop-backend Running 
2026-08-27 13:29:57     Container t-coop-local-db Running 
2026-08-27 13:29:57     Container t-coop-local-db Waiting 
2026-08-27 13:29:58     Container t-coop-local-db Healthy 
2026-08-27 13:29:58     Container t-coop-backend-db-init-1 Starting 
2026-08-27 13:29:58     Container t-coop-backend-db-init-1 Started 
2026-08-27 13:29:58     Container t-coop-backend-db-init-1 Waiting 
2026-08-27 13:29:58     Container t-coop-backend-db-init-1 Exited 
2026-08-27 13:29:59  ngrok is already running (PID 21184).
2026-08-27 13:29:59  === keep-alive check complete ===
2026-08-27 13:34:48  === keep-alive check starting ===
2026-08-27 13:34:51  Ensuring containers are up (docker compose up -d).
2026-08-27 13:34:51     Container t-coop-local-db Running 
2026-08-27 13:34:51     Container t-coop-backend Running 
2026-08-27 13:34:51     Container t-coop-local-db Waiting 
2026-08-27 13:34:52     Container t-coop-local-db Healthy 
2026-08-27 13:34:52     Container t-coop-backend-db-init-1 Starting 
2026-08-27 13:34:52     Container t-coop-backend-db-init-1 Started 
2026-08-27 13:34:52     Container t-coop-backend-db-init-1 Waiting 
2026-08-27 13:34:52     Container t-coop-backend-db-init-1 Exited 
2026-08-27 13:34:53  ngrok is already running (PID 21184).
2026-08-27 13:34:53  === keep-alive check complete ===
2026-08-27 13:39:48  === keep-alive check starting ===
2026-08-27 13:39:50  Ensuring containers are up (docker compose up -d).
2026-08-27 13:39:50     Container t-coop-backend Running 
2026-08-27 13:39:50     Container t-coop-local-db Running 
2026-08-27 13:39:50     Container t-coop-local-db Waiting 
2026-08-27 13:39:50     Container t-coop-local-db Healthy 
2026-08-27 13:39:50     Container t-coop-backend-db-init-1 Starting 
2026-08-27 13:39:51     Container t-coop-backend-db-init-1 Started 
2026-08-27 13:39:51     Container t-coop-backend-db-init-1 Waiting 
2026-08-27 13:39:51     Container t-coop-backend-db-init-1 Exited 
2026-08-27 13:39:52  ngrok is already running (PID 21184).
2026-08-27 13:39:52  === keep-alive check complete ===
2026-08-27 13:44:46  === keep-alive check starting ===
2026-08-27 13:44:51  Ensuring containers are up (docker compose up -d).
2026-08-27 13:44:51     Container t-coop-backend Running 
2026-08-27 13:44:51     Container t-coop-local-db Running 
2026-08-27 13:44:51     Container t-coop-local-db Waiting 
2026-08-27 13:44:52     Container t-coop-local-db Healthy 
2026-08-27 13:44:52     Container t-coop-backend-db-init-1 Starting 
2026-08-27 13:44:52     Container t-coop-backend-db-init-1 Started 
2026-08-27 13:44:52     Container t-coop-backend-db-init-1 Waiting 
2026-08-27 13:44:52     Container t-coop-backend-db-init-1 Exited 
2026-08-27 13:44:53  ngrok is already running (PID 21184).
2026-08-27 13:44:53  === keep-alive check complete ===
2026-08-27 13:49:50  === keep-alive check starting ===
2026-08-27 13:49:54  Ensuring containers are up (docker compose up -d).
2026-08-27 13:49:54     Container t-coop-backend Running 
2026-08-27 13:49:54     Container t-coop-local-db Running 
2026-08-27 13:49:54     Container t-coop-local-db Waiting 
2026-08-27 13:49:54     Container t-coop-local-db Healthy 
2026-08-27 13:49:54     Container t-coop-backend-db-init-1 Starting 
2026-08-27 13:49:55     Container t-coop-backend-db-init-1 Started 
2026-08-27 13:49:55     Container t-coop-backend-db-init-1 Waiting 
2026-08-27 13:49:55     Container t-coop-backend-db-init-1 Exited 
2026-08-27 13:49:56  ngrok is already running (PID 21184).
2026-08-27 13:49:56  === keep-alive check complete ===
2026-08-27 13:54:49  === keep-alive check starting ===
2026-08-27 13:54:53  Ensuring containers are up (docker compose up -d).
2026-08-27 13:54:53     Container t-coop-backend Running 
2026-08-27 13:54:53     Container t-coop-local-db Running 
2026-08-27 13:54:53     Container t-coop-local-db Waiting 
2026-08-27 13:54:54     Container t-coop-local-db Healthy 
2026-08-27 13:54:54     Container t-coop-backend-db-init-1 Starting 
2026-08-27 13:54:54     Container t-coop-backend-db-init-1 Started 
2026-08-27 13:54:54     Container t-coop-backend-db-init-1 Waiting 
2026-08-27 13:54:54     Container t-coop-backend-db-init-1 Exited 
2026-08-27 13:54:55  ngrok is already running (PID 21184).
2026-08-27 13:54:55  === keep-alive check complete ===
2026-08-27 13:59:52  === keep-alive check starting ===
2026-08-27 14:00:01  Ensuring containers are up (docker compose up -d).
2026-08-27 14:00:02     Container t-coop-local-db Running 
2026-08-27 14:00:02     Container t-coop-backend Running 
2026-08-27 14:00:02     Container t-coop-local-db Waiting 
2026-08-27 14:00:02     Container t-coop-local-db Healthy 
2026-08-27 14:00:02     Container t-coop-backend-db-init-1 Starting 
2026-08-27 14:00:03     Container t-coop-backend-db-init-1 Started 
2026-08-27 14:00:03     Container t-coop-backend-db-init-1 Waiting 
2026-08-27 14:00:03     Container t-coop-backend-db-init-1 Exited 
2026-08-27 14:00:05  ngrok is already running (PID 21184).
2026-08-27 14:00:05  === keep-alive check complete ===
2026-08-27 14:04:48  === keep-alive check starting ===
2026-08-27 14:04:51  Ensuring containers are up (docker compose up -d).
2026-08-27 14:04:51     Container t-coop-backend Running 
2026-08-27 14:04:51     Container t-coop-local-db Running 
2026-08-27 14:04:51     Container t-coop-local-db Waiting 
2026-08-27 14:04:52     Container t-coop-local-db Healthy 
2026-08-27 14:04:52     Container t-coop-backend-db-init-1 Starting 
2026-08-27 14:04:52     Container t-coop-backend-db-init-1 Started 
2026-08-27 14:04:52     Container t-coop-backend-db-init-1 Waiting 
2026-08-27 14:04:53     Container t-coop-backend-db-init-1 Exited 
2026-08-27 14:04:53  ngrok is already running (PID 21184).
2026-08-27 14:04:53  === keep-alive check complete ===
2026-08-27 14:09:49  === keep-alive check starting ===
2026-08-27 14:09:53  Ensuring containers are up (docker compose up -d).
2026-08-27 14:09:53     Container t-coop-local-db Running 
2026-08-27 14:09:53     Container t-coop-backend Running 
2026-08-27 14:09:53     Container t-coop-local-db Waiting 
2026-08-27 14:09:54     Container t-coop-local-db Healthy 
2026-08-27 14:09:54     Container t-coop-backend-db-init-1 Starting 
2026-08-27 14:09:54     Container t-coop-backend-db-init-1 Started 
2026-08-27 14:09:54     Container t-coop-backend-db-init-1 Waiting 
2026-08-27 14:09:54     Container t-coop-backend-db-init-1 Exited 
2026-08-27 14:09:55  ngrok is already running (PID 21184).
2026-08-27 14:09:55  === keep-alive check complete ===
2026-08-27 14:14:46  === keep-alive check starting ===
2026-08-27 14:14:50  Ensuring containers are up (docker compose up -d).
2026-08-27 14:14:50     Container t-coop-local-db Running 
2026-08-27 14:14:50     Container t-coop-backend Running 
2026-08-27 14:14:50     Container t-coop-local-db Waiting 
2026-08-27 14:14:51     Container t-coop-local-db Healthy 
2026-08-27 14:14:51     Container t-coop-backend-db-init-1 Starting 
2026-08-27 14:14:51     Container t-coop-backend-db-init-1 Started 
2026-08-27 14:14:51     Container t-coop-backend-db-init-1 Waiting 
2026-08-27 14:14:51     Container t-coop-backend-db-init-1 Exited 
2026-08-27 14:14:52  ngrok is already running (PID 21184).
2026-08-27 14:14:52  === keep-alive check complete ===
2026-08-27 14:19:47  === keep-alive check starting ===
2026-08-27 14:19:50  Ensuring containers are up (docker compose up -d).
2026-08-27 14:19:51     Container t-coop-local-db Running 
2026-08-27 14:19:51     Container t-coop-backend Running 
2026-08-27 14:19:51     Container t-coop-local-db Waiting 
2026-08-27 14:19:51     Container t-coop-local-db Healthy 
2026-08-27 14:19:51     Container t-coop-backend-db-init-1 Starting 
2026-08-27 14:19:51     Container t-coop-backend-db-init-1 Started 
2026-08-27 14:19:51     Container t-coop-backend-db-init-1 Waiting 
2026-08-27 14:19:52     Container t-coop-backend-db-init-1 Exited 
2026-08-27 14:19:53  ngrok is already running (PID 21184).
2026-08-27 14:19:53  === keep-alive check complete ===
2026-08-27 14:24:47  === keep-alive check starting ===
2026-08-27 14:24:50  Ensuring containers are up (docker compose up -d).
2026-08-27 14:24:50     Container t-coop-backend Running 
2026-08-27 14:24:50     Container t-coop-local-db Running 
2026-08-27 14:24:50     Container t-coop-local-db Waiting 
2026-08-27 14:24:50     Container t-coop-local-db Healthy 
2026-08-27 14:24:50     Container t-coop-backend-db-init-1 Starting 
2026-08-27 14:24:51     Container t-coop-backend-db-init-1 Started 
2026-08-27 14:24:51     Container t-coop-backend-db-init-1 Waiting 
2026-08-27 14:24:51     Container t-coop-backend-db-init-1 Exited 
2026-08-27 14:24:52  ngrok is already running (PID 21184).
2026-08-27 14:24:52  === keep-alive check complete ===
2026-08-27 14:29:46  === keep-alive check starting ===
2026-08-27 14:29:48  Ensuring containers are up (docker compose up -d).
2026-08-27 14:29:48     Container t-coop-backend Running 
2026-08-27 14:29:48     Container t-coop-local-db Running 
2026-08-27 14:29:48     Container t-coop-local-db Waiting 
2026-08-27 14:29:49     Container t-coop-local-db Healthy 
2026-08-27 14:29:49     Container t-coop-backend-db-init-1 Starting 
2026-08-27 14:29:49     Container t-coop-backend-db-init-1 Started 
2026-08-27 14:29:49     Container t-coop-backend-db-init-1 Waiting 
2026-08-27 14:29:49     Container t-coop-backend-db-init-1 Exited 
2026-08-27 14:29:51  ngrok is already running (PID 21184).
2026-08-27 14:29:51  === keep-alive check complete ===
2026-08-27 14:34:48  === keep-alive check starting ===
2026-08-27 14:34:57  Ensuring containers are up (docker compose up -d).
2026-08-27 14:34:59     Container t-coop-backend Running 
2026-08-27 14:34:59     Container t-coop-local-db Running 
2026-08-27 14:34:59     Container t-coop-local-db Waiting 
2026-08-27 14:35:00     Container t-coop-local-db Healthy 
2026-08-27 14:35:00     Container t-coop-backend-db-init-1 Starting 
2026-08-27 14:35:00     Container t-coop-backend-db-init-1 Started 
2026-08-27 14:35:00     Container t-coop-backend-db-init-1 Waiting 
2026-08-27 14:35:01     Container t-coop-backend-db-init-1 Exited 
2026-08-27 14:35:02  ngrok is already running (PID 21184).
2026-08-27 14:35:02  === keep-alive check complete ===
2026-08-27 14:39:47  === keep-alive check starting ===
2026-08-27 14:39:48  Ensuring containers are up (docker compose up -d).
2026-08-27 14:39:48     Container t-coop-backend Running 
2026-08-27 14:39:48     Container t-coop-local-db Running 
2026-08-27 14:39:48     Container t-coop-local-db Waiting 
2026-08-27 14:39:49     Container t-coop-local-db Healthy 
2026-08-27 14:39:49     Container t-coop-backend-db-init-1 Starting 
2026-08-27 14:39:49     Container t-coop-backend-db-init-1 Started 
2026-08-27 14:39:49     Container t-coop-backend-db-init-1 Waiting 
2026-08-27 14:39:50     Container t-coop-backend-db-init-1 Exited 
2026-08-27 14:39:50  ngrok is already running (PID 21184).
2026-08-27 14:39:50  === keep-alive check complete ===
2026-08-27 14:44:49  === keep-alive check starting ===
2026-08-27 14:44:52  Ensuring containers are up (docker compose up -d).
2026-08-27 14:44:52     Container t-coop-backend Running 
2026-08-27 14:44:52     Container t-coop-local-db Running 
2026-08-27 14:44:52     Container t-coop-local-db Waiting 
2026-08-27 14:44:53     Container t-coop-local-db Healthy 
2026-08-27 14:44:53     Container t-coop-backend-db-init-1 Starting 
2026-08-27 14:44:53     Container t-coop-backend-db-init-1 Started 
2026-08-27 14:44:53     Container t-coop-backend-db-init-1 Waiting 
2026-08-27 14:44:53     Container t-coop-backend-db-init-1 Exited 
2026-08-27 14:44:54  ngrok is already running (PID 21184).
2026-08-27 14:44:54  === keep-alive check complete ===
2026-08-27 14:49:48  === keep-alive check starting ===
2026-08-27 14:49:49  Ensuring containers are up (docker compose up -d).
2026-08-27 14:49:50     Container t-coop-backend Running 
2026-08-27 14:49:50     Container t-coop-local-db Running 
2026-08-27 14:49:50     Container t-coop-local-db Waiting 
2026-08-27 14:49:50     Container t-coop-local-db Healthy 
2026-08-27 14:49:50     Container t-coop-backend-db-init-1 Starting 
2026-08-27 14:49:50     Container t-coop-backend-db-init-1 Started 
2026-08-27 14:49:50     Container t-coop-backend-db-init-1 Waiting 
2026-08-27 14:49:51     Container t-coop-backend-db-init-1 Exited 
2026-08-27 14:49:51  ngrok is already running (PID 21184).
2026-08-27 14:49:51  === keep-alive check complete ===
2026-08-27 14:54:51  === keep-alive check starting ===
2026-08-27 14:54:53  Ensuring containers are up (docker compose up -d).
2026-08-27 14:54:53     Container t-coop-backend Running 
2026-08-27 14:54:53     Container t-coop-local-db Running 
2026-08-27 14:54:53     Container t-coop-local-db Waiting 
2026-08-27 14:54:53     Container t-coop-local-db Healthy 
2026-08-27 14:54:54     Container t-coop-backend-db-init-1 Starting 
2026-08-27 14:54:54     Container t-coop-backend-db-init-1 Started 
2026-08-27 14:54:54     Container t-coop-backend-db-init-1 Waiting 
2026-08-27 14:54:55     Container t-coop-backend-db-init-1 Exited 
2026-08-27 14:54:55  ngrok is already running (PID 21184).
2026-08-27 14:54:55  === keep-alive check complete ===
2026-08-27 14:59:49  === keep-alive check starting ===
2026-08-27 14:59:50  Ensuring containers are up (docker compose up -d).
2026-08-27 14:59:51     Container t-coop-backend Running 
2026-08-27 14:59:51     Container t-coop-local-db Running 
2026-08-27 14:59:51     Container t-coop-local-db Waiting 
2026-08-27 14:59:51     Container t-coop-local-db Healthy 
2026-08-27 14:59:51     Container t-coop-backend-db-init-1 Starting 
2026-08-27 14:59:51     Container t-coop-backend-db-init-1 Started 
2026-08-27 14:59:51     Container t-coop-backend-db-init-1 Waiting 
2026-08-27 14:59:52     Container t-coop-backend-db-init-1 Exited 
2026-08-27 14:59:53  ngrok is already running (PID 21184).
2026-08-27 14:59:53  === keep-alive check complete ===
2026-08-27 15:04:48  === keep-alive check starting ===
2026-08-27 15:04:49  Ensuring containers are up (docker compose up -d).
2026-08-27 15:04:49     Container t-coop-backend Running 
2026-08-27 15:04:49     Container t-coop-local-db Running 
2026-08-27 15:04:49     Container t-coop-local-db Waiting 
2026-08-27 15:04:50     Container t-coop-local-db Healthy 
2026-08-27 15:04:50     Container t-coop-backend-db-init-1 Starting 
2026-08-27 15:04:50     Container t-coop-backend-db-init-1 Started 
2026-08-27 15:04:50     Container t-coop-backend-db-init-1 Waiting 
2026-08-27 15:04:50     Container t-coop-backend-db-init-1 Exited 
2026-08-27 15:04:51  ngrok is already running (PID 21184).
2026-08-27 15:04:51  === keep-alive check complete ===
2026-08-27 15:09:56  === keep-alive check starting ===
2026-08-27 15:09:57  Ensuring containers are up (docker compose up -d).
2026-08-27 15:09:57     Container t-coop-local-db Running 
2026-08-27 15:09:57     Container t-coop-backend Running 
2026-08-27 15:09:57     Container t-coop-local-db Waiting 
2026-08-27 15:09:58     Container t-coop-local-db Healthy 
2026-08-27 15:09:58     Container t-coop-backend-db-init-1 Starting 
2026-08-27 15:09:58     Container t-coop-backend-db-init-1 Started 
2026-08-27 15:09:58     Container t-coop-backend-db-init-1 Waiting 
2026-08-27 15:09:59     Container t-coop-backend-db-init-1 Exited 
2026-08-27 15:09:59  ngrok is already running (PID 21184).
2026-08-27 15:09:59  === keep-alive check complete ===
2026-08-27 15:14:56  === keep-alive check starting ===
2026-08-27 15:14:57  Ensuring containers are up (docker compose up -d).
2026-08-27 15:14:57     Container t-coop-backend Running 
2026-08-27 15:14:57     Container t-coop-local-db Running 
2026-08-27 15:14:57     Container t-coop-local-db Waiting 
2026-08-27 15:14:58     Container t-coop-local-db Healthy 
2026-08-27 15:14:58     Container t-coop-backend-db-init-1 Starting 
2026-08-27 15:14:58     Container t-coop-backend-db-init-1 Started 
2026-08-27 15:14:58     Container t-coop-backend-db-init-1 Waiting 
2026-08-27 15:14:59     Container t-coop-backend-db-init-1 Exited 
2026-08-27 15:14:59  ngrok is already running (PID 21184).
2026-08-27 15:14:59  === keep-alive check complete ===
2026-08-27 15:19:46  === keep-alive check starting ===
2026-08-27 15:19:47  Ensuring containers are up (docker compose up -d).
2026-08-27 15:19:47     Container t-coop-local-db Running 
2026-08-27 15:19:47     Container t-coop-backend Running 
2026-08-27 15:19:47     Container t-coop-local-db Waiting 
2026-08-27 15:19:48     Container t-coop-local-db Healthy 
2026-08-27 15:19:48     Container t-coop-backend-db-init-1 Starting 
2026-08-27 15:19:48     Container t-coop-backend-db-init-1 Started 
2026-08-27 15:19:48     Container t-coop-backend-db-init-1 Waiting 
2026-08-27 15:19:48     Container t-coop-backend-db-init-1 Exited 
2026-08-27 15:19:50  ngrok is already running (PID 21184).
2026-08-27 15:19:50  === keep-alive check complete ===
2026-08-27 15:24:56  === keep-alive check starting ===
2026-08-27 15:24:57  Ensuring containers are up (docker compose up -d).
2026-08-27 15:24:57     Container t-coop-backend Running 
2026-08-27 15:24:57     Container t-coop-local-db Running 
2026-08-27 15:24:57     Container t-coop-local-db Waiting 
2026-08-27 15:24:58     Container t-coop-local-db Healthy 
2026-08-27 15:24:58     Container t-coop-backend-db-init-1 Starting 
2026-08-27 15:24:58     Container t-coop-backend-db-init-1 Started 
2026-08-27 15:24:58     Container t-coop-backend-db-init-1 Waiting 
2026-08-27 15:24:58     Container t-coop-backend-db-init-1 Exited 
2026-08-27 15:24:59  ngrok is already running (PID 21184).
2026-08-27 15:24:59  === keep-alive check complete ===
2026-08-27 15:29:54  === keep-alive check starting ===
2026-08-27 15:29:55  Ensuring containers are up (docker compose up -d).
2026-08-27 15:29:55     Container t-coop-backend Running 
2026-08-27 15:29:55     Container t-coop-local-db Running 
2026-08-27 15:29:55     Container t-coop-local-db Waiting 
2026-08-27 15:29:55     Container t-coop-local-db Healthy 
2026-08-27 15:29:55     Container t-coop-backend-db-init-1 Starting 
2026-08-27 15:29:56     Container t-coop-backend-db-init-1 Started 
2026-08-27 15:29:56     Container t-coop-backend-db-init-1 Waiting 
2026-08-27 15:29:56     Container t-coop-backend-db-init-1 Exited 
2026-08-27 15:29:57  ngrok is already running (PID 21184).
2026-08-27 15:29:57  === keep-alive check complete ===
2026-08-27 15:34:57  === keep-alive check starting ===
2026-08-27 15:34:58  Ensuring containers are up (docker compose up -d).
2026-08-27 15:34:59     Container t-coop-local-db Running 
2026-08-27 15:34:59     Container t-coop-backend Running 
2026-08-27 15:34:59     Container t-coop-local-db Waiting 
2026-08-27 15:34:59     Container t-coop-local-db Healthy 
2026-08-27 15:34:59     Container t-coop-backend-db-init-1 Starting 
2026-08-27 15:34:59     Container t-coop-backend-db-init-1 Started 
2026-08-27 15:34:59     Container t-coop-backend-db-init-1 Waiting 
2026-08-27 15:35:00     Container t-coop-backend-db-init-1 Exited 
2026-08-27 15:35:00  ngrok is already running (PID 21184).
2026-08-27 15:35:00  === keep-alive check complete ===
2026-08-27 15:39:46  === keep-alive check starting ===
2026-08-27 15:39:47  Ensuring containers are up (docker compose up -d).
2026-08-27 15:39:48     Container t-coop-backend Running 
2026-08-27 15:39:48     Container t-coop-local-db Running 
2026-08-27 15:39:48     Container t-coop-local-db Waiting 
2026-08-27 15:39:48     Container t-coop-local-db Healthy 
2026-08-27 15:39:48     Container t-coop-backend-db-init-1 Starting 
2026-08-27 15:39:48     Container t-coop-backend-db-init-1 Started 
2026-08-27 15:39:48     Container t-coop-backend-db-init-1 Waiting 
2026-08-27 15:39:49     Container t-coop-backend-db-init-1 Exited 
2026-08-27 15:39:50  ngrok is already running (PID 21184).
2026-08-27 15:39:50  === keep-alive check complete ===
2026-08-27 15:44:47  === keep-alive check starting ===
2026-08-27 15:44:48  Ensuring containers are up (docker compose up -d).
2026-08-27 15:44:48     Container t-coop-backend Running 
2026-08-27 15:44:48     Container t-coop-local-db Running 
2026-08-27 15:44:48     Container t-coop-local-db Waiting 
2026-08-27 15:44:49     Container t-coop-local-db Healthy 
2026-08-27 15:44:49     Container t-coop-backend-db-init-1 Starting 
2026-08-27 15:44:49     Container t-coop-backend-db-init-1 Started 
2026-08-27 15:44:49     Container t-coop-backend-db-init-1 Waiting 
2026-08-27 15:44:49     Container t-coop-backend-db-init-1 Exited 
2026-08-27 15:44:50  ngrok is already running (PID 21184).
2026-08-27 15:44:50  === keep-alive check complete ===
2026-08-27 15:49:54  === keep-alive check starting ===
2026-08-27 15:49:58  Ensuring containers are up (docker compose up -d).
2026-08-27 15:49:58     Container t-coop-local-db Running 
2026-08-27 15:49:58     Container t-coop-backend Running 
2026-08-27 15:49:58     Container t-coop-local-db Waiting 
2026-08-27 15:49:59     Container t-coop-local-db Healthy 
2026-08-27 15:49:59     Container t-coop-backend-db-init-1 Starting 
2026-08-27 15:49:59     Container t-coop-backend-db-init-1 Started 
2026-08-27 15:49:59     Container t-coop-backend-db-init-1 Waiting 
2026-08-27 15:50:00     Container t-coop-backend-db-init-1 Exited 
2026-08-27 15:50:00  ngrok is already running (PID 21184).
2026-08-27 15:50:00  === keep-alive check complete ===
2026-08-27 15:55:00  === keep-alive check starting ===
2026-08-27 15:55:06  Ensuring containers are up (docker compose up -d).
2026-08-27 15:55:07     Container t-coop-backend Running 
2026-08-27 15:55:07     Container t-coop-local-db Running 
2026-08-27 15:55:07     Container t-coop-local-db Waiting 
2026-08-27 15:55:07     Container t-coop-local-db Healthy 
2026-08-27 15:55:07     Container t-coop-backend-db-init-1 Starting 
2026-08-27 15:55:07     Container t-coop-backend-db-init-1 Started 
2026-08-27 15:55:07     Container t-coop-backend-db-init-1 Waiting 
2026-08-27 15:55:08     Container t-coop-backend-db-init-1 Exited 
2026-08-27 15:55:09  ngrok is already running (PID 21184).
2026-08-27 15:55:09  === keep-alive check complete ===
2026-08-27 15:59:49  === keep-alive check starting ===
2026-08-27 15:59:53  Ensuring containers are up (docker compose up -d).
2026-08-27 15:59:54     Container t-coop-backend Running 
2026-08-27 15:59:54     Container t-coop-local-db Running 
2026-08-27 15:59:54     Container t-coop-local-db Waiting 
2026-08-27 15:59:54     Container t-coop-local-db Healthy 
2026-08-27 15:59:54     Container t-coop-backend-db-init-1 Starting 
2026-08-27 15:59:54     Container t-coop-backend-db-init-1 Started 
2026-08-27 15:59:54     Container t-coop-backend-db-init-1 Waiting 
2026-08-27 15:59:55     Container t-coop-backend-db-init-1 Exited 
2026-08-27 15:59:56  ngrok is already running (PID 21184).
2026-08-27 15:59:56  === keep-alive check complete ===
2026-08-27 16:04:47  === keep-alive check starting ===
2026-08-27 16:04:52  Ensuring containers are up (docker compose up -d).
2026-08-27 16:04:52     Container t-coop-backend Running 
2026-08-27 16:04:52     Container t-coop-local-db Running 
2026-08-27 16:04:52     Container t-coop-local-db Waiting 
2026-08-27 16:04:53     Container t-coop-local-db Healthy 
2026-08-27 16:04:53     Container t-coop-backend-db-init-1 Starting 
2026-08-27 16:04:53     Container t-coop-backend-db-init-1 Started 
2026-08-27 16:04:53     Container t-coop-backend-db-init-1 Waiting 
2026-08-27 16:04:54     Container t-coop-backend-db-init-1 Exited 
2026-08-27 16:04:55  ngrok is already running (PID 21184).
2026-08-27 16:04:55  === keep-alive check complete ===
2026-08-27 16:10:01  === keep-alive check starting ===
2026-08-27 16:10:04  Ensuring containers are up (docker compose up -d).
2026-08-27 16:10:04     Container t-coop-backend Running 
2026-08-27 16:10:04     Container t-coop-local-db Running 
2026-08-27 16:10:04     Container t-coop-local-db Waiting 
2026-08-27 16:10:05     Container t-coop-local-db Healthy 
2026-08-27 16:10:05     Container t-coop-backend-db-init-1 Starting 
2026-08-27 16:10:05     Container t-coop-backend-db-init-1 Started 
2026-08-27 16:10:05     Container t-coop-backend-db-init-1 Waiting 
2026-08-27 16:10:06     Container t-coop-backend-db-init-1 Exited 
2026-08-27 16:10:07  ngrok is already running (PID 21184).
2026-08-27 16:10:07  === keep-alive check complete ===
2026-08-27 16:14:53  === keep-alive check starting ===
2026-08-27 16:15:04  Ensuring containers are up (docker compose up -d).
2026-08-27 16:15:04     Container t-coop-local-db Running 
2026-08-27 16:15:04     Container t-coop-backend Running 
2026-08-27 16:15:04     Container t-coop-local-db Waiting 
2026-08-27 16:15:05     Container t-coop-local-db Healthy 
2026-08-27 16:15:05     Container t-coop-backend-db-init-1 Starting 
2026-08-27 16:15:05     Container t-coop-backend-db-init-1 Started 
2026-08-27 16:15:05     Container t-coop-backend-db-init-1 Waiting 
2026-08-27 16:15:05     Container t-coop-backend-db-init-1 Exited 
2026-08-27 16:15:06  ngrok is already running (PID 21184).
2026-08-27 16:15:06  === keep-alive check complete ===
2026-08-27 16:19:53  === keep-alive check starting ===
2026-08-27 16:19:54  Ensuring containers are up (docker compose up -d).
2026-08-27 16:19:55     Container t-coop-backend Running 
2026-08-27 16:19:55     Container t-coop-local-db Running 
2026-08-27 16:19:55     Container t-coop-local-db Waiting 
2026-08-27 16:19:55     Container t-coop-local-db Healthy 
2026-08-27 16:19:55     Container t-coop-backend-db-init-1 Starting 
2026-08-27 16:19:55     Container t-coop-backend-db-init-1 Started 
2026-08-27 16:19:55     Container t-coop-backend-db-init-1 Waiting 
2026-08-27 16:19:56     Container t-coop-backend-db-init-1 Exited 
2026-08-27 16:19:57  ngrok is already running (PID 21184).
2026-08-27 16:19:57  === keep-alive check complete ===
2026-08-27 16:24:53  === keep-alive check starting ===
2026-08-27 16:24:54  Ensuring containers are up (docker compose up -d).
2026-08-27 16:24:54     Container t-coop-backend Running 
2026-08-27 16:24:54     Container t-coop-local-db Running 
2026-08-27 16:24:54     Container t-coop-local-db Waiting 
2026-08-27 16:24:55     Container t-coop-local-db Healthy 
2026-08-27 16:24:55     Container t-coop-backend-db-init-1 Starting 
2026-08-27 16:24:55     Container t-coop-backend-db-init-1 Started 
2026-08-27 16:24:55     Container t-coop-backend-db-init-1 Waiting 
2026-08-27 16:24:56     Container t-coop-backend-db-init-1 Exited 
2026-08-27 16:24:56  ngrok is already running (PID 21184).
2026-08-27 16:24:56  === keep-alive check complete ===
2026-08-27 16:29:52  === keep-alive check starting ===
2026-08-27 16:29:53  Ensuring containers are up (docker compose up -d).
2026-08-27 16:29:54     Container t-coop-local-db Running 
2026-08-27 16:29:54     Container t-coop-backend Running 
2026-08-27 16:29:54     Container t-coop-local-db Waiting 
2026-08-27 16:29:55     Container t-coop-local-db Healthy 
2026-08-27 16:29:55     Container t-coop-backend-db-init-1 Starting 
2026-08-27 16:29:55     Container t-coop-backend-db-init-1 Started 
2026-08-27 16:29:55     Container t-coop-backend-db-init-1 Waiting 
2026-08-27 16:29:56     Container t-coop-backend-db-init-1 Exited 
2026-08-27 16:29:56  ngrok is already running (PID 21184).
2026-08-27 16:29:56  === keep-alive check complete ===
2026-08-27 19:05:09  === keep-alive check starting ===
2026-08-27 19:05:19  Ensuring containers are up (docker compose up -d).
2026-08-27 19:05:19     Container t-coop-backend Running 
2026-08-27 19:05:19     Container t-coop-local-db Running 
2026-08-27 19:05:19     Container t-coop-local-db Waiting 
2026-08-27 19:05:20     Container t-coop-local-db Healthy 
2026-08-27 19:05:20     Container t-coop-backend-db-init-1 Starting 
2026-08-27 19:05:20     Container t-coop-backend-db-init-1 Started 
2026-08-27 19:05:20     Container t-coop-backend-db-init-1 Waiting 
2026-08-27 19:05:21     Container t-coop-backend-db-init-1 Exited 
2026-08-27 19:05:22  ngrok is already running (PID 21184).
2026-08-27 19:05:22  === keep-alive check complete ===
2026-08-27 19:09:55  === keep-alive check starting ===
2026-08-27 19:09:59  Ensuring containers are up (docker compose up -d).
2026-08-27 19:10:00     Container t-coop-backend Running 
2026-08-27 19:10:00     Container t-coop-local-db Running 
2026-08-27 19:10:00     Container t-coop-local-db Waiting 
2026-08-27 19:10:00     Container t-coop-local-db Healthy 
2026-08-27 19:10:00     Container t-coop-backend-db-init-1 Starting 
2026-08-27 19:10:01     Container t-coop-backend-db-init-1 Started 
2026-08-27 19:10:01     Container t-coop-backend-db-init-1 Waiting 
2026-08-27 19:10:01     Container t-coop-backend-db-init-1 Exited 
2026-08-27 19:10:02  ngrok is already running (PID 21184).
2026-08-27 19:10:02  === keep-alive check complete ===
2026-08-27 19:14:54  === keep-alive check starting ===
2026-08-27 19:14:58  Ensuring containers are up (docker compose up -d).
2026-08-27 19:14:58     Container t-coop-local-db Running 
2026-08-27 19:14:58     Container t-coop-backend Recreate 
2026-08-27 19:15:02     Container t-coop-backend Recreated 
2026-08-27 19:15:02     Container t-coop-local-db Waiting 
2026-08-27 19:15:02     Container t-coop-local-db Healthy 
2026-08-27 19:15:02     Container t-coop-backend-db-init-1 Starting 
2026-08-27 19:15:03     Container t-coop-backend-db-init-1 Started 
2026-08-27 19:15:03     Container t-coop-backend-db-init-1 Waiting 
2026-08-27 19:15:03     Container t-coop-backend-db-init-1 Exited 
2026-08-27 19:15:03     Container t-coop-backend Starting 
2026-08-27 19:15:03     Container t-coop-backend Started 
2026-08-27 19:15:05  ngrok is already running (PID 21184).
2026-08-27 19:15:05  === keep-alive check complete ===
2026-08-27 19:19:53  === keep-alive check starting ===
2026-08-27 19:19:57  Ensuring containers are up (docker compose up -d).
2026-08-27 19:19:57     Container t-coop-backend Running 
2026-08-27 19:19:57     Container t-coop-local-db Running 
2026-08-27 19:19:57     Container t-coop-local-db Waiting 
2026-08-27 19:19:58     Container t-coop-local-db Healthy 
2026-08-27 19:19:58     Container t-coop-backend-db-init-1 Starting 
2026-08-27 19:19:58     Container t-coop-backend-db-init-1 Started 
2026-08-27 19:19:58     Container t-coop-backend-db-init-1 Waiting 
2026-08-27 19:19:59     Container t-coop-backend-db-init-1 Exited 
2026-08-27 19:20:00  ngrok is already running (PID 21184).
2026-08-27 19:20:00  === keep-alive check complete ===
2026-08-27 19:24:54  === keep-alive check starting ===
2026-08-27 19:24:58  Ensuring containers are up (docker compose up -d).
2026-08-27 19:24:59     Container t-coop-backend Running 
2026-08-27 19:24:59     Container t-coop-local-db Running 
2026-08-27 19:24:59     Container t-coop-local-db Waiting 
2026-08-27 19:24:59     Container t-coop-local-db Healthy 
2026-08-27 19:24:59     Container t-coop-backend-db-init-1 Starting 
2026-08-27 19:24:59     Container t-coop-backend-db-init-1 Started 
2026-08-27 19:24:59     Container t-coop-backend-db-init-1 Waiting 
2026-08-27 19:25:00     Container t-coop-backend-db-init-1 Exited 
2026-08-27 19:25:01  ngrok is already running (PID 21184).
2026-08-27 19:25:01  === keep-alive check complete ===
2026-08-27 19:30:01  === keep-alive check starting ===
2026-08-27 19:30:07  Ensuring containers are up (docker compose up -d).
2026-08-27 19:30:08     Container t-coop-backend Running 
2026-08-27 19:30:08     Container t-coop-local-db Running 
2026-08-27 19:30:08     Container t-coop-local-db Waiting 
2026-08-27 19:30:09     Container t-coop-local-db Healthy 
2026-08-27 19:30:09     Container t-coop-backend-db-init-1 Starting 
2026-08-27 19:30:09     Container t-coop-backend-db-init-1 Started 
2026-08-27 19:30:09     Container t-coop-backend-db-init-1 Waiting 
2026-08-27 19:30:10     Container t-coop-backend-db-init-1 Exited 
2026-08-27 19:30:11  ngrok is already running (PID 21184).
2026-08-27 19:30:11  === keep-alive check complete ===
2026-08-27 19:44:53  === keep-alive check starting ===
2026-08-27 19:44:56  Ensuring containers are up (docker compose up -d).
2026-08-27 19:44:56     Container t-coop-local-db Running 
2026-08-27 19:44:56     Container t-coop-backend Running 
2026-08-27 19:44:56     Container t-coop-local-db Waiting 
2026-08-27 19:44:57     Container t-coop-local-db Healthy 
2026-08-27 19:44:57     Container t-coop-backend-db-init-1 Starting 
2026-08-27 19:44:57     Container t-coop-backend-db-init-1 Started 
2026-08-27 19:44:57     Container t-coop-backend-db-init-1 Waiting 
2026-08-27 19:44:58     Container t-coop-backend-db-init-1 Exited 
2026-08-27 19:44:59  ngrok is already running (PID 21184).
2026-08-27 19:44:59  === keep-alive check complete ===
2026-08-27 19:49:41  === keep-alive check starting ===
2026-08-27 19:49:47  Docker Desktop not running - launching it.
2026-08-27 19:50:14  Docker engine is ready.
2026-08-27 19:50:17  Ensuring containers are up (docker compose up -d).
2026-08-27 19:50:17     Container t-coop-backend Running 
2026-08-27 19:50:17     Container t-coop-local-db Starting 
2026-08-27 19:50:18     Container t-coop-local-db Started 
2026-08-27 19:50:18     Container t-coop-local-db Waiting 
2026-08-27 19:50:43     Container t-coop-local-db Healthy 
2026-08-27 19:50:43     Container t-coop-backend-db-init-1 Starting 
2026-08-27 19:50:44     Container t-coop-backend-db-init-1 Started 
2026-08-27 19:50:44     Container t-coop-backend-db-init-1 Waiting 
2026-08-27 19:50:44     Container t-coop-backend-db-init-1 Exited 
2026-08-27 19:50:45  ngrok is not running - starting tunnel on hamster-probiotic-compile.ngrok-free.dev.
2026-08-27 19:50:45  === keep-alive check complete ===
2026-08-27 19:59:56  === keep-alive check starting ===
2026-08-27 20:00:01  Ensuring containers are up (docker compose up -d).
2026-08-27 20:00:02     Container t-coop-backend Running 
2026-08-27 20:00:02     Container t-coop-local-db Running 
2026-08-27 20:00:02     Container t-coop-local-db Waiting 
2026-08-27 20:00:02     Container t-coop-local-db Healthy 
2026-08-27 20:00:02     Container t-coop-backend-db-init-1 Starting 
2026-08-27 20:00:03     Container t-coop-backend-db-init-1 Started 
2026-08-27 20:00:03     Container t-coop-backend-db-init-1 Waiting 
2026-08-27 20:00:03     Container t-coop-backend-db-init-1 Exited 
2026-08-27 20:00:04  ngrok is already running (PID 22656).
2026-08-27 20:00:04  === keep-alive check complete ===
2026-08-27 20:04:53  === keep-alive check starting ===
2026-08-27 20:04:56  Ensuring containers are up (docker compose up -d).
2026-08-27 20:04:57     Container t-coop-local-db Running 
2026-08-27 20:04:57     Container t-coop-backend Running 
2026-08-27 20:04:57     Container t-coop-local-db Waiting 
2026-08-27 20:04:57     Container t-coop-local-db Healthy 
2026-08-27 20:04:57     Container t-coop-backend-db-init-1 Starting 
2026-08-27 20:04:58     Container t-coop-backend-db-init-1 Started 
2026-08-27 20:04:58     Container t-coop-backend-db-init-1 Waiting 
2026-08-27 20:04:58     Container t-coop-backend-db-init-1 Exited 
2026-08-27 20:04:59  ngrok is already running (PID 22656).
2026-08-27 20:04:59  === keep-alive check complete ===
2026-08-27 20:09:52  === keep-alive check starting ===
2026-08-27 20:09:54  Ensuring containers are up (docker compose up -d).
2026-08-27 20:09:55     Container t-coop-backend Running 
2026-08-27 20:09:55     Container t-coop-local-db Running 
2026-08-27 20:09:55     Container t-coop-local-db Waiting 
2026-08-27 20:09:55     Container t-coop-local-db Healthy 
2026-08-27 20:09:55     Container t-coop-backend-db-init-1 Starting 
2026-08-27 20:09:55     Container t-coop-backend-db-init-1 Started 
2026-08-27 20:09:55     Container t-coop-backend-db-init-1 Waiting 
2026-08-27 20:09:56     Container t-coop-backend-db-init-1 Exited 
2026-08-27 20:09:57  ngrok is already running (PID 22656).
2026-08-27 20:09:57  === keep-alive check complete ===
2026-08-27 20:14:59  === keep-alive check starting ===
2026-08-27 20:15:01  Ensuring containers are up (docker compose up -d).
2026-08-27 20:15:01     Container t-coop-local-db Running 
2026-08-27 20:15:01     Container t-coop-backend Running 
2026-08-27 20:15:01     Container t-coop-local-db Waiting 
2026-08-27 20:15:02     Container t-coop-local-db Healthy 
2026-08-27 20:15:02     Container t-coop-backend-db-init-1 Starting 
2026-08-27 20:15:02     Container t-coop-backend-db-init-1 Started 
2026-08-27 20:15:02     Container t-coop-backend-db-init-1 Waiting 
2026-08-27 20:15:03     Container t-coop-backend-db-init-1 Exited 
2026-08-27 20:15:04  ngrok is already running (PID 22656).
2026-08-27 20:15:04  === keep-alive check complete ===
2026-08-27 20:19:53  === keep-alive check starting ===
2026-08-27 20:19:56  Ensuring containers are up (docker compose up -d).
2026-08-27 20:19:56     Container t-coop-backend Running 
2026-08-27 20:19:56     Container t-coop-local-db Running 
2026-08-27 20:19:56     Container t-coop-local-db Waiting 
2026-08-27 20:19:57     Container t-coop-local-db Healthy 
2026-08-27 20:19:57     Container t-coop-backend-db-init-1 Starting 
2026-08-27 20:19:57     Container t-coop-backend-db-init-1 Started 
2026-08-27 20:19:57     Container t-coop-backend-db-init-1 Waiting 
2026-08-27 20:19:58     Container t-coop-backend-db-init-1 Exited 
2026-08-27 20:19:59  ngrok is already running (PID 22656).
2026-08-27 20:19:59  === keep-alive check complete ===
2026-08-27 20:25:02  === keep-alive check starting ===
2026-08-27 20:25:04  Ensuring containers are up (docker compose up -d).
2026-08-27 20:25:04     Container t-coop-local-db Running 
2026-08-27 20:25:05     Container t-coop-backend Running 
2026-08-27 20:25:05     Container t-coop-local-db Waiting 
2026-08-27 20:25:05     Container t-coop-local-db Healthy 
2026-08-27 20:25:05     Container t-coop-backend-db-init-1 Starting 
2026-08-27 20:25:05     Container t-coop-backend-db-init-1 Started 
2026-08-27 20:25:06     Container t-coop-backend-db-init-1 Waiting 
2026-08-27 20:25:06     Container t-coop-backend-db-init-1 Exited 
2026-08-27 20:25:07  ngrok is already running (PID 22656).
2026-08-27 20:25:07  === keep-alive check complete ===
2026-08-27 20:30:03  === keep-alive check starting ===
2026-08-27 20:30:05  Ensuring containers are up (docker compose up -d).
2026-08-27 20:30:06     Container t-coop-backend Running 
2026-08-27 20:30:06     Container t-coop-local-db Running 
2026-08-27 20:30:06     Container t-coop-local-db Waiting 
2026-08-27 20:30:06     Container t-coop-local-db Healthy 
2026-08-27 20:30:06     Container t-coop-backend-db-init-1 Starting 
2026-08-27 20:30:06     Container t-coop-backend-db-init-1 Started 
2026-08-27 20:30:06     Container t-coop-backend-db-init-1 Waiting 
2026-08-27 20:30:07     Container t-coop-backend-db-init-1 Exited 
2026-08-27 20:30:08  ngrok is already running (PID 22656).
2026-08-27 20:30:08  === keep-alive check complete ===
2026-08-27 20:34:56  === keep-alive check starting ===
2026-08-27 20:34:58  Ensuring containers are up (docker compose up -d).
2026-08-27 20:34:59     Container t-coop-backend Running 
2026-08-27 20:34:59     Container t-coop-local-db Running 
2026-08-27 20:34:59     Container t-coop-local-db Waiting 
2026-08-27 20:34:59     Container t-coop-local-db Healthy 
2026-08-27 20:34:59     Container t-coop-backend-db-init-1 Starting 
2026-08-27 20:35:00     Container t-coop-backend-db-init-1 Started 
2026-08-27 20:35:00     Container t-coop-backend-db-init-1 Waiting 
2026-08-27 20:35:00     Container t-coop-backend-db-init-1 Exited 
2026-08-27 20:35:01  ngrok is already running (PID 22656).
2026-08-27 20:35:01  === keep-alive check complete ===
2026-08-27 20:39:58  === keep-alive check starting ===
2026-08-27 20:40:00  Ensuring containers are up (docker compose up -d).
2026-08-27 20:40:01     Container t-coop-local-db Running 
2026-08-27 20:40:01     Container t-coop-backend Running 
2026-08-27 20:40:01     Container t-coop-local-db Waiting 
2026-08-27 20:40:02     Container t-coop-local-db Healthy 
2026-08-27 20:40:02     Container t-coop-backend-db-init-1 Starting 
2026-08-27 20:40:02     Container t-coop-backend-db-init-1 Started 
2026-08-27 20:40:02     Container t-coop-backend-db-init-1 Waiting 
2026-08-27 20:40:03     Container t-coop-backend-db-init-1 Exited 
2026-08-27 20:40:04  ngrok is already running (PID 22656).
2026-08-27 20:40:04  === keep-alive check complete ===
2026-08-27 20:44:59  === keep-alive check starting ===
2026-08-27 20:45:01  Ensuring containers are up (docker compose up -d).
2026-08-27 20:45:01     Container t-coop-local-db Running 
2026-08-27 20:45:01     Container t-coop-backend Running 
2026-08-27 20:45:01     Container t-coop-local-db Waiting 
2026-08-27 20:45:02     Container t-coop-local-db Healthy 
2026-08-27 20:45:02     Container t-coop-backend-db-init-1 Starting 
2026-08-27 20:45:02     Container t-coop-backend-db-init-1 Started 
2026-08-27 20:45:02     Container t-coop-backend-db-init-1 Waiting 
2026-08-27 20:45:02     Container t-coop-backend-db-init-1 Exited 
2026-08-27 20:45:03  ngrok is already running (PID 22656).
2026-08-27 20:45:03  === keep-alive check complete ===
2026-08-27 20:50:01  === keep-alive check starting ===
2026-08-27 20:50:06  Ensuring containers are up (docker compose up -d).
2026-08-27 20:50:07     Container t-coop-backend Running 
2026-08-27 20:50:07     Container t-coop-local-db Running 
2026-08-27 20:50:07     Container t-coop-local-db Waiting 
2026-08-27 20:50:07     Container t-coop-local-db Healthy 
2026-08-27 20:50:07     Container t-coop-backend-db-init-1 Starting 
2026-08-27 20:50:08     Container t-coop-backend-db-init-1 Started 
2026-08-27 20:50:08     Container t-coop-backend-db-init-1 Waiting 
2026-08-27 20:50:08     Container t-coop-backend-db-init-1 Exited 
2026-08-27 20:50:10  ngrok is already running (PID 22656).
2026-08-27 20:50:10  === keep-alive check complete ===
2026-08-27 20:54:53  === keep-alive check starting ===
2026-08-27 20:54:56  Ensuring containers are up (docker compose up -d).
2026-08-27 20:54:57     Container t-coop-backend Running 
2026-08-27 20:54:57     Container t-coop-local-db Running 
2026-08-27 20:54:57     Container t-coop-local-db Waiting 
2026-08-27 20:54:57     Container t-coop-local-db Healthy 
2026-08-27 20:54:57     Container t-coop-backend-db-init-1 Starting 
2026-08-27 20:54:58     Container t-coop-backend-db-init-1 Started 
2026-08-27 20:54:58     Container t-coop-backend-db-init-1 Waiting 
2026-08-27 20:54:58     Container t-coop-backend-db-init-1 Exited 
2026-08-27 20:54:59  ngrok is already running (PID 22656).
2026-08-27 20:54:59  === keep-alive check complete ===
2026-08-27 20:59:53  === keep-alive check starting ===
2026-08-27 20:59:56  Ensuring containers are up (docker compose up -d).
2026-08-27 20:59:57     Container t-coop-local-db Running 
2026-08-27 20:59:57     Container t-coop-backend Running 
2026-08-27 20:59:57     Container t-coop-local-db Waiting 
2026-08-27 20:59:57     Container t-coop-local-db Healthy 
2026-08-27 20:59:57     Container t-coop-backend-db-init-1 Starting 
2026-08-27 20:59:57     Container t-coop-backend-db-init-1 Started 
2026-08-27 20:59:57     Container t-coop-backend-db-init-1 Waiting 
2026-08-27 20:59:58     Container t-coop-backend-db-init-1 Exited 
2026-08-27 20:59:59  ngrok is already running (PID 22656).
2026-08-27 20:59:59  === keep-alive check complete ===
2026-08-27 21:04:54  === keep-alive check starting ===
2026-08-27 21:04:57  Ensuring containers are up (docker compose up -d).
2026-08-27 21:04:58     Container t-coop-backend Running 
2026-08-27 21:04:58     Container t-coop-local-db Running 
2026-08-27 21:04:58     Container t-coop-local-db Waiting 
2026-08-27 21:04:58     Container t-coop-local-db Healthy 
2026-08-27 21:04:58     Container t-coop-backend-db-init-1 Starting 
2026-08-27 21:04:59     Container t-coop-backend-db-init-1 Started 
2026-08-27 21:04:59     Container t-coop-backend-db-init-1 Waiting 
2026-08-27 21:04:59     Container t-coop-backend-db-init-1 Exited 
2026-08-27 21:05:00  ngrok is already running (PID 22656).
2026-08-27 21:05:00  === keep-alive check complete ===
2026-08-27 21:09:53  === keep-alive check starting ===
2026-08-27 21:09:59  Ensuring containers are up (docker compose up -d).
2026-08-27 21:09:59     Container t-coop-backend Running 
2026-08-27 21:09:59     Container t-coop-local-db Running 
2026-08-27 21:09:59     Container t-coop-local-db Waiting 
2026-08-27 21:10:00     Container t-coop-local-db Healthy 
2026-08-27 21:10:00     Container t-coop-backend-db-init-1 Starting 
2026-08-27 21:10:00     Container t-coop-backend-db-init-1 Started 
2026-08-27 21:10:00     Container t-coop-backend-db-init-1 Waiting 
2026-08-27 21:10:00     Container t-coop-backend-db-init-1 Exited 
2026-08-27 21:10:02  ngrok is already running (PID 22656).
2026-08-27 21:10:02  === keep-alive check complete ===
2026-08-27 21:14:56  === keep-alive check starting ===
2026-08-27 21:15:00  Ensuring containers are up (docker compose up -d).
2026-08-27 21:15:01     Container t-coop-local-db Running 
2026-08-27 21:15:01     Container t-coop-backend Running 
2026-08-27 21:15:01     Container t-coop-local-db Waiting 
2026-08-27 21:15:01     Container t-coop-local-db Healthy 
2026-08-27 21:15:01     Container t-coop-backend-db-init-1 Starting 
2026-08-27 21:15:01     Container t-coop-backend-db-init-1 Started 
2026-08-27 21:15:01     Container t-coop-backend-db-init-1 Waiting 
2026-08-27 21:15:02     Container t-coop-backend-db-init-1 Exited 
2026-08-27 21:15:03  ngrok is already running (PID 22656).
2026-08-27 21:15:03  === keep-alive check complete ===
2026-08-27 21:19:57  === keep-alive check starting ===
2026-08-27 21:20:01  Ensuring containers are up (docker compose up -d).
2026-08-27 21:20:01     Container t-coop-local-db Running 
2026-08-27 21:20:01     Container t-coop-backend Running 
2026-08-27 21:20:01     Container t-coop-local-db Waiting 
2026-08-27 21:20:02     Container t-coop-local-db Healthy 
2026-08-27 21:20:02     Container t-coop-backend-db-init-1 Starting 
2026-08-27 21:20:02     Container t-coop-backend-db-init-1 Started 
2026-08-27 21:20:02     Container t-coop-backend-db-init-1 Waiting 
2026-08-27 21:20:03     Container t-coop-backend-db-init-1 Exited 
2026-08-27 21:20:04  ngrok is already running (PID 22656).
2026-08-27 21:20:04  === keep-alive check complete ===
2026-08-27 21:24:54  === keep-alive check starting ===
2026-08-27 21:24:58  Ensuring containers are up (docker compose up -d).
2026-08-27 21:24:58     Container t-coop-backend Running 
2026-08-27 21:24:58     Container t-coop-local-db Running 
2026-08-27 21:24:58     Container t-coop-local-db Waiting 
2026-08-27 21:24:59     Container t-coop-local-db Healthy 
2026-08-27 21:24:59     Container t-coop-backend-db-init-1 Starting 
2026-08-27 21:24:59     Container t-coop-backend-db-init-1 Started 
2026-08-27 21:24:59     Container t-coop-backend-db-init-1 Waiting 
2026-08-27 21:25:00     Container t-coop-backend-db-init-1 Exited 
2026-08-27 21:25:01  ngrok is already running (PID 22656).
2026-08-27 21:25:01  === keep-alive check complete ===
2026-08-27 21:34:59  === keep-alive check starting ===
2026-08-27 21:35:02  Ensuring containers are up (docker compose up -d).
2026-08-27 21:35:03     Container t-coop-backend Running 
2026-08-27 21:35:03     Container t-coop-local-db Running 
2026-08-27 21:35:03     Container t-coop-local-db Waiting 
2026-08-27 21:35:03     Container t-coop-local-db Healthy 
2026-08-27 21:35:03     Container t-coop-backend-db-init-1 Starting 
2026-08-27 21:35:04     Container t-coop-backend-db-init-1 Started 
2026-08-27 21:35:04     Container t-coop-backend-db-init-1 Waiting 
2026-08-27 21:35:04     Container t-coop-backend-db-init-1 Exited 
2026-08-27 21:35:05  ngrok is already running (PID 22656).
2026-08-27 21:35:05  === keep-alive check complete ===
2026-08-27 21:39:58  === keep-alive check starting ===
2026-08-27 21:40:00  Ensuring containers are up (docker compose up -d).
2026-08-27 21:40:01     Container t-coop-backend Running 
2026-08-27 21:40:01     Container t-coop-local-db Running 
2026-08-27 21:40:01     Container t-coop-local-db Waiting 
2026-08-27 21:40:02     Container t-coop-local-db Healthy 
2026-08-27 21:40:02     Container t-coop-backend-db-init-1 Starting 
2026-08-27 21:40:02     Container t-coop-backend-db-init-1 Started 
2026-08-27 21:40:02     Container t-coop-backend-db-init-1 Waiting 
2026-08-27 21:40:03     Container t-coop-backend-db-init-1 Exited 
2026-08-27 21:40:04  ngrok is already running (PID 22656).
2026-08-27 21:40:04  === keep-alive check complete ===
2026-08-27 21:44:59  === keep-alive check starting ===
2026-08-27 21:45:00  Ensuring containers are up (docker compose up -d).
2026-08-27 21:45:01     Container t-coop-backend Running 
2026-08-27 21:45:01     Container t-coop-local-db Running 
2026-08-27 21:45:01     Container t-coop-local-db Waiting 
2026-08-27 21:45:01     Container t-coop-local-db Healthy 
2026-08-27 21:45:01     Container t-coop-backend-db-init-1 Starting 
2026-08-27 21:45:02     Container t-coop-backend-db-init-1 Started 
2026-08-27 21:45:02     Container t-coop-backend-db-init-1 Waiting 
2026-08-27 21:45:02     Container t-coop-backend-db-init-1 Exited 
2026-08-27 21:45:03  ngrok is already running (PID 22656).
2026-08-27 21:45:03  === keep-alive check complete ===
2026-08-27 21:50:04  === keep-alive check starting ===
2026-08-27 21:50:06  Ensuring containers are up (docker compose up -d).
2026-08-27 21:50:07     Container t-coop-backend Running 
2026-08-27 21:50:07     Container t-coop-local-db Running 
2026-08-27 21:50:07     Container t-coop-local-db Waiting 
2026-08-27 21:50:07     Container t-coop-local-db Healthy 
2026-08-27 21:50:07     Container t-coop-backend-db-init-1 Starting 
2026-08-27 21:50:08     Container t-coop-backend-db-init-1 Started 
2026-08-27 21:50:08     Container t-coop-backend-db-init-1 Waiting 
2026-08-27 21:50:08     Container t-coop-backend-db-init-1 Exited 
2026-08-27 21:50:09  ngrok is already running (PID 22656).
2026-08-27 21:50:09  === keep-alive check complete ===
2026-08-27 21:54:58  === keep-alive check starting ===
2026-08-27 21:55:01  Ensuring containers are up (docker compose up -d).
2026-08-27 21:55:01     Container t-coop-local-db Running 
2026-08-27 21:55:01     Container t-coop-backend Running 
2026-08-27 21:55:01     Container t-coop-local-db Waiting 
2026-08-27 21:55:02     Container t-coop-local-db Healthy 
2026-08-27 21:55:02     Container t-coop-backend-db-init-1 Starting 
2026-08-27 21:55:02     Container t-coop-backend-db-init-1 Started 
2026-08-27 21:55:02     Container t-coop-backend-db-init-1 Waiting 
2026-08-27 21:55:03     Container t-coop-backend-db-init-1 Exited 
2026-08-27 21:55:04  ngrok is already running (PID 22656).
2026-08-27 21:55:04  === keep-alive check complete ===
2026-08-27 22:00:01  === keep-alive check starting ===
2026-08-27 22:00:04  Ensuring containers are up (docker compose up -d).
2026-08-27 22:00:04     Container t-coop-backend Running 
2026-08-27 22:00:04     Container t-coop-local-db Running 
2026-08-27 22:00:04     Container t-coop-local-db Waiting 
2026-08-27 22:00:05     Container t-coop-local-db Healthy 
2026-08-27 22:00:05     Container t-coop-backend-db-init-1 Starting 
2026-08-27 22:00:05     Container t-coop-backend-db-init-1 Started 
2026-08-27 22:00:05     Container t-coop-backend-db-init-1 Waiting 
2026-08-27 22:00:06     Container t-coop-backend-db-init-1 Exited 
2026-08-27 22:00:07  ngrok is already running (PID 22656).
2026-08-27 22:00:07  === keep-alive check complete ===
2026-08-27 22:04:57  === keep-alive check starting ===
2026-08-27 22:04:59  Ensuring containers are up (docker compose up -d).
2026-08-27 22:05:00     Container t-coop-backend Running 
2026-08-27 22:05:00     Container t-coop-local-db Running 
2026-08-27 22:05:00     Container t-coop-local-db Waiting 
2026-08-27 22:05:00     Container t-coop-local-db Healthy 
2026-08-27 22:05:00     Container t-coop-backend-db-init-1 Starting 
2026-08-27 22:05:00     Container t-coop-backend-db-init-1 Started 
2026-08-27 22:05:00     Container t-coop-backend-db-init-1 Waiting 
2026-08-27 22:05:01     Container t-coop-backend-db-init-1 Exited 
2026-08-27 22:05:02  ngrok is already running (PID 22656).
2026-08-27 22:05:02  === keep-alive check complete ===
2026-08-28 05:10:33  === keep-alive check starting ===
2026-08-28 05:10:45  Ensuring containers are up (docker compose up -d).
2026-08-28 05:10:46     Container t-coop-backend Running 
2026-08-28 05:10:46     Container t-coop-local-db Running 
2026-08-28 05:10:46     Container t-coop-local-db Waiting 
2026-08-28 05:10:46     Container t-coop-local-db Healthy 
2026-08-28 05:10:46     Container t-coop-backend-db-init-1 Starting 
2026-08-28 05:10:47     Container t-coop-backend-db-init-1 Started 
2026-08-28 05:10:47     Container t-coop-backend-db-init-1 Waiting 
2026-08-28 05:10:47     Container t-coop-backend-db-init-1 Exited 
2026-08-28 05:10:49  ngrok is already running (PID 22656).
2026-08-28 05:10:49  === keep-alive check complete ===
2026-08-28 05:15:00  === keep-alive check starting ===
2026-08-28 05:15:07  Ensuring containers are up (docker compose up -d).
2026-08-28 05:15:08     Container t-coop-local-db Running 
2026-08-28 05:15:08     Container t-coop-backend Running 
2026-08-28 05:15:08     Container t-coop-local-db Waiting 
2026-08-28 05:15:09     Container t-coop-local-db Healthy 
2026-08-28 05:15:09     Container t-coop-backend-db-init-1 Starting 
2026-08-28 05:15:09     Container t-coop-backend-db-init-1 Started 
2026-08-28 05:15:09     Container t-coop-backend-db-init-1 Waiting 
2026-08-28 05:15:10     Container t-coop-backend-db-init-1 Exited 
2026-08-28 05:15:11  ngrok is already running (PID 22656).
2026-08-28 05:15:11  === keep-alive check complete ===
2026-08-28 05:20:20  === keep-alive check starting ===
2026-08-28 05:20:38  Ensuring containers are up (docker compose up -d).
2026-08-28 05:20:39     Container t-coop-backend Running 
2026-08-28 05:20:39     Container t-coop-local-db Running 
2026-08-28 05:20:39     Container t-coop-local-db Waiting 
2026-08-28 05:20:40     Container t-coop-local-db Healthy 
2026-08-28 05:20:40     Container t-coop-backend-db-init-1 Starting 
2026-08-28 05:20:40     Container t-coop-backend-db-init-1 Started 
2026-08-28 05:20:40     Container t-coop-backend-db-init-1 Waiting 
2026-08-28 05:20:40     Container t-coop-backend-db-init-1 Exited 
2026-08-28 05:20:42  ngrok is already running (PID 22656).
2026-08-28 05:20:42  === keep-alive check complete ===
2026-08-28 05:47:05  === keep-alive check starting ===
2026-08-28 05:47:07  Ensuring containers are up (docker compose up -d).
2026-08-28 05:47:08     Container t-coop-backend Running 
2026-08-28 05:47:08     Container t-coop-local-db Running 
2026-08-28 05:47:08     Container t-coop-local-db Waiting 
2026-08-28 05:47:09     Container t-coop-local-db Healthy 
2026-08-28 05:47:09     Container t-coop-backend-db-init-1 Starting 
2026-08-28 05:47:09     Container t-coop-backend-db-init-1 Started 
2026-08-28 05:47:09     Container t-coop-backend-db-init-1 Waiting 
2026-08-28 05:47:10     Container t-coop-backend-db-init-1 Exited 
2026-08-28 05:47:11  ngrok is already running (PID 22656).
2026-08-28 05:47:11  === keep-alive check complete ===
2026-08-28 05:49:59  === keep-alive check starting ===
2026-08-28 05:50:01  Ensuring containers are up (docker compose up -d).
2026-08-28 05:50:02     Container t-coop-backend Running 
2026-08-28 05:50:02     Container t-coop-local-db Running 
2026-08-28 05:50:02     Container t-coop-local-db Waiting 
2026-08-28 05:50:02     Container t-coop-local-db Healthy 
2026-08-28 05:50:02     Container t-coop-backend-db-init-1 Starting 
2026-08-28 05:50:03     Container t-coop-backend-db-init-1 Started 
2026-08-28 05:50:03     Container t-coop-backend-db-init-1 Waiting 
2026-08-28 05:50:03     Container t-coop-backend-db-init-1 Exited 
2026-08-28 05:50:04  ngrok is already running (PID 22656).
2026-08-28 05:50:04  === keep-alive check complete ===
2026-08-28 06:13:23  === keep-alive check starting ===
2026-08-28 06:13:27  Ensuring containers are up (docker compose up -d).
2026-08-28 06:13:27     Container t-coop-backend Running 
2026-08-28 06:13:27     Container t-coop-local-db Running 
2026-08-28 06:13:27     Container t-coop-local-db Waiting 
2026-08-28 06:13:28     Container t-coop-local-db Healthy 
2026-08-28 06:13:28     Container t-coop-backend-db-init-1 Starting 
2026-08-28 06:13:28     Container t-coop-backend-db-init-1 Started 
2026-08-28 06:13:28     Container t-coop-backend-db-init-1 Waiting 
2026-08-28 06:13:29     Container t-coop-backend-db-init-1 Exited 
2026-08-28 06:13:30  ngrok is already running (PID 22656).
2026-08-28 06:13:30  === keep-alive check complete ===
2026-08-28 06:14:59  === keep-alive check starting ===
2026-08-28 06:15:01  Ensuring containers are up (docker compose up -d).
2026-08-28 06:15:02     Container t-coop-backend Running 
2026-08-28 06:15:02     Container t-coop-local-db Running 
2026-08-28 06:15:02     Container t-coop-local-db Waiting 
2026-08-28 06:15:02     Container t-coop-local-db Healthy 
2026-08-28 06:15:02     Container t-coop-backend-db-init-1 Starting 
2026-08-28 06:15:03     Container t-coop-backend-db-init-1 Started 
2026-08-28 06:15:03     Container t-coop-backend-db-init-1 Waiting 
2026-08-28 06:15:03     Container t-coop-backend-db-init-1 Exited 
2026-08-28 06:15:04  ngrok is already running (PID 22656).
2026-08-28 06:15:04  === keep-alive check complete ===
2026-08-28 06:28:06  === keep-alive check starting ===
2026-08-28 06:28:13  Ensuring containers are up (docker compose up -d).
2026-08-28 06:28:14     Container t-coop-backend Running 
2026-08-28 06:28:14     Container t-coop-local-db Running 
2026-08-28 06:28:14     Container t-coop-local-db Waiting 
2026-08-28 06:28:14     Container t-coop-local-db Healthy 
2026-08-28 06:28:14     Container t-coop-backend-db-init-1 Starting 
2026-08-28 06:28:15     Container t-coop-backend-db-init-1 Started 
2026-08-28 06:28:15     Container t-coop-backend-db-init-1 Waiting 
2026-08-28 06:28:15     Container t-coop-backend-db-init-1 Exited 
2026-08-28 06:28:17  ngrok is already running (PID 22656).
2026-08-28 06:28:17  === keep-alive check complete ===
2026-08-28 06:30:00  === keep-alive check starting ===
2026-08-28 06:30:03  Ensuring containers are up (docker compose up -d).
2026-08-28 06:30:04     Container t-coop-local-db Running 
2026-08-28 06:30:04     Container t-coop-backend Running 
2026-08-28 06:30:04     Container t-coop-local-db Waiting 
2026-08-28 06:30:04     Container t-coop-local-db Healthy 
2026-08-28 06:30:04     Container t-coop-backend-db-init-1 Starting 
2026-08-28 06:30:05     Container t-coop-backend-db-init-1 Started 
2026-08-28 06:30:05     Container t-coop-backend-db-init-1 Waiting 
2026-08-28 06:30:05     Container t-coop-backend-db-init-1 Exited 
2026-08-28 06:30:06  ngrok is already running (PID 22656).
2026-08-28 06:30:06  === keep-alive check complete ===
2026-08-28 06:50:38  === keep-alive check starting ===
2026-08-28 06:50:40  Ensuring containers are up (docker compose up -d).
2026-08-28 06:50:40     Container t-coop-backend Running 
2026-08-28 06:50:40     Container t-coop-local-db Running 
2026-08-28 06:50:40     Container t-coop-local-db Waiting 
2026-08-28 06:50:41     Container t-coop-local-db Healthy 
2026-08-28 06:50:41     Container t-coop-backend-db-init-1 Starting 
2026-08-28 06:50:41     Container t-coop-backend-db-init-1 Started 
2026-08-28 06:50:41     Container t-coop-backend-db-init-1 Waiting 
2026-08-28 06:50:42     Container t-coop-backend-db-init-1 Exited 
2026-08-28 06:50:43  ngrok is already running (PID 22656).
2026-08-28 06:50:43  === keep-alive check complete ===
2026-08-28 06:55:03  === keep-alive check starting ===
2026-08-28 06:55:09  Ensuring containers are up (docker compose up -d).
2026-08-28 06:55:09     Container t-coop-local-db Running 
2026-08-28 06:55:09     Container t-coop-backend Running 
2026-08-28 06:55:09     Container t-coop-local-db Waiting 
2026-08-28 06:55:10     Container t-coop-local-db Healthy 
2026-08-28 06:55:10     Container t-coop-backend-db-init-1 Starting 
2026-08-28 06:55:10     Container t-coop-backend-db-init-1 Started 
2026-08-28 06:55:10     Container t-coop-backend-db-init-1 Waiting 
2026-08-28 06:55:11     Container t-coop-backend-db-init-1 Exited 
2026-08-28 06:55:12  ngrok is already running (PID 22656).
2026-08-28 06:55:12  === keep-alive check complete ===
2026-08-28 07:00:05  === keep-alive check starting ===
2026-08-28 07:00:07  Ensuring containers are up (docker compose up -d).
2026-08-28 07:00:08     Container t-coop-backend Running 
2026-08-28 07:00:08     Container t-coop-local-db Running 
2026-08-28 07:00:08     Container t-coop-local-db Waiting 
2026-08-28 07:00:09     Container t-coop-local-db Healthy 
2026-08-28 07:00:09     Container t-coop-backend-db-init-1 Starting 
2026-08-28 07:00:09     Container t-coop-backend-db-init-1 Started 
2026-08-28 07:00:09     Container t-coop-backend-db-init-1 Waiting 
2026-08-28 07:00:10     Container t-coop-backend-db-init-1 Exited 
2026-08-28 07:00:11  ngrok is already running (PID 22656).
2026-08-28 07:00:11  === keep-alive check complete ===
2026-08-28 07:05:02  === keep-alive check starting ===
2026-08-28 07:05:09  Ensuring containers are up (docker compose up -d).
2026-08-28 07:05:09     Container t-coop-backend Running 
2026-08-28 07:05:09     Container t-coop-local-db Running 
2026-08-28 07:05:09     Container t-coop-local-db Waiting 
2026-08-28 07:05:10     Container t-coop-local-db Healthy 
2026-08-28 07:05:10     Container t-coop-backend-db-init-1 Starting 
2026-08-28 07:05:10     Container t-coop-backend-db-init-1 Started 
2026-08-28 07:05:10     Container t-coop-backend-db-init-1 Waiting 
2026-08-28 07:05:11     Container t-coop-backend-db-init-1 Exited 
2026-08-28 07:05:12  ngrok is already running (PID 22656).
2026-08-28 07:05:12  === keep-alive check complete ===
2026-08-28 08:04:38  === keep-alive check starting ===
2026-08-28 08:04:48  Ensuring containers are up (docker compose up -d).
2026-08-28 08:04:49     Container t-coop-backend Running 
2026-08-28 08:04:49     Container t-coop-local-db Running 
2026-08-28 08:04:49     Container t-coop-local-db Waiting 
2026-08-28 08:04:49     Container t-coop-local-db Healthy 
2026-08-28 08:04:49     Container t-coop-backend-db-init-1 Starting 
2026-08-28 08:04:49     Container t-coop-backend-db-init-1 Started 
2026-08-28 08:04:49     Container t-coop-backend-db-init-1 Waiting 
2026-08-28 08:04:50     Container t-coop-backend-db-init-1 Exited 
2026-08-28 08:04:52  ngrok is already running (PID 22656).
2026-08-28 08:04:52  === keep-alive check complete ===
2026-08-28 08:10:06  === keep-alive check starting ===
2026-08-28 08:10:08  Ensuring containers are up (docker compose up -d).
2026-08-28 08:10:09     Container t-coop-backend Running 
2026-08-28 08:10:09     Container t-coop-local-db Running 
2026-08-28 08:10:09     Container t-coop-local-db Waiting 
2026-08-28 08:10:09     Container t-coop-local-db Healthy 
2026-08-28 08:10:09     Container t-coop-backend-db-init-1 Starting 
2026-08-28 08:10:10     Container t-coop-backend-db-init-1 Started 
2026-08-28 08:10:10     Container t-coop-backend-db-init-1 Waiting 
2026-08-28 08:10:10     Container t-coop-backend-db-init-1 Exited 
2026-08-28 08:10:11  ngrok is already running (PID 22656).
2026-08-28 08:10:11  === keep-alive check complete ===
2026-08-28 08:15:06  === keep-alive check starting ===
2026-08-28 08:15:12  Ensuring containers are up (docker compose up -d).
2026-08-28 08:15:13     Container t-coop-local-db Running 
2026-08-28 08:15:13     Container t-coop-backend Running 
2026-08-28 08:15:13     Container t-coop-local-db Waiting 
2026-08-28 08:15:14     Container t-coop-local-db Healthy 
2026-08-28 08:15:14     Container t-coop-backend-db-init-1 Starting 
2026-08-28 08:15:14     Container t-coop-backend-db-init-1 Started 
2026-08-28 08:15:14     Container t-coop-backend-db-init-1 Waiting 
2026-08-28 08:15:15     Container t-coop-backend-db-init-1 Exited 
2026-08-28 08:15:16  ngrok is already running (PID 22656).
2026-08-28 08:15:16  === keep-alive check complete ===
2026-08-28 08:20:11  === keep-alive check starting ===
2026-08-28 08:20:46  Ensuring containers are up (docker compose up -d).
2026-08-28 08:20:47     Container t-coop-backend Running 
2026-08-28 08:20:47     Container t-coop-local-db Running 
2026-08-28 08:20:47     Container t-coop-local-db Waiting 
2026-08-28 08:20:47     Container t-coop-local-db Healthy 
2026-08-28 08:20:47     Container t-coop-backend-db-init-1 Starting 
2026-08-28 08:20:47     Container t-coop-backend-db-init-1 Started 
2026-08-28 08:20:47     Container t-coop-backend-db-init-1 Waiting 
2026-08-28 08:20:48     Container t-coop-backend-db-init-1 Exited 
2026-08-28 08:20:49  ngrok is already running (PID 22656).
2026-08-28 08:20:49  === keep-alive check complete ===
2026-08-28 08:25:20  === keep-alive check starting ===
2026-08-28 08:25:37  Ensuring containers are up (docker compose up -d).
2026-08-28 08:25:37     Container t-coop-backend Running 
2026-08-28 08:25:37     Container t-coop-local-db Running 
2026-08-28 08:25:37     Container t-coop-local-db Waiting 
2026-08-28 08:25:38     Container t-coop-local-db Healthy 
2026-08-28 08:25:38     Container t-coop-backend-db-init-1 Starting 
2026-08-28 08:25:38     Container t-coop-backend-db-init-1 Started 
2026-08-28 08:25:38     Container t-coop-backend-db-init-1 Waiting 
2026-08-28 08:25:39     Container t-coop-backend-db-init-1 Exited 
2026-08-28 08:25:40  ngrok is already running (PID 22656).
2026-08-28 08:25:40  === keep-alive check complete ===
2026-08-28 08:29:55  === keep-alive check starting ===
2026-08-28 08:30:10  Ensuring containers are up (docker compose up -d).
2026-08-28 08:30:11     Container t-coop-backend Running 
2026-08-28 08:30:11     Container t-coop-local-db Running 
2026-08-28 08:30:11     Container t-coop-local-db Waiting 
2026-08-28 08:30:11     Container t-coop-local-db Healthy 
2026-08-28 08:30:11     Container t-coop-backend-db-init-1 Starting 
2026-08-28 08:30:12     Container t-coop-backend-db-init-1 Started 
2026-08-28 08:30:12     Container t-coop-backend-db-init-1 Waiting 
2026-08-28 08:30:12     Container t-coop-backend-db-init-1 Exited 
2026-08-28 08:30:13  ngrok is already running (PID 22656).
2026-08-28 08:30:13  === keep-alive check complete ===
2026-08-28 08:34:55  === keep-alive check starting ===
2026-08-28 08:35:02  Ensuring containers are up (docker compose up -d).
2026-08-28 08:35:03     Container t-coop-backend Running 
2026-08-28 08:35:03     Container t-coop-local-db Running 
2026-08-28 08:35:03     Container t-coop-local-db Waiting 
2026-08-28 08:35:03     Container t-coop-local-db Healthy 
2026-08-28 08:35:03     Container t-coop-backend-db-init-1 Starting 
2026-08-28 08:35:03     Container t-coop-backend-db-init-1 Started 
2026-08-28 08:35:03     Container t-coop-backend-db-init-1 Waiting 
2026-08-28 08:35:04     Container t-coop-backend-db-init-1 Exited 
2026-08-28 08:35:05  ngrok is already running (PID 22656).
2026-08-28 08:35:05  === keep-alive check complete ===
2026-08-28 08:39:52  === keep-alive check starting ===
2026-08-28 08:39:57  Ensuring containers are up (docker compose up -d).
2026-08-28 08:39:57     Container t-coop-local-db Running 
2026-08-28 08:39:57     Container t-coop-backend Running 
2026-08-28 08:39:57     Container t-coop-local-db Waiting 
2026-08-28 08:39:58     Container t-coop-local-db Healthy 
2026-08-28 08:39:58     Container t-coop-backend-db-init-1 Starting 
2026-08-28 08:39:58     Container t-coop-backend-db-init-1 Started 
2026-08-28 08:39:58     Container t-coop-backend-db-init-1 Waiting 
2026-08-28 08:39:59     Container t-coop-backend-db-init-1 Exited 
2026-08-28 08:39:59  ngrok is already running (PID 22656).
2026-08-28 08:39:59  === keep-alive check complete ===
2026-08-28 08:44:55  === keep-alive check starting ===
2026-08-28 08:44:59  Ensuring containers are up (docker compose up -d).
2026-08-28 08:45:00     Container t-coop-backend Running 
2026-08-28 08:45:00     Container t-coop-local-db Running 
2026-08-28 08:45:00     Container t-coop-local-db Waiting 
2026-08-28 08:45:00     Container t-coop-local-db Healthy 
2026-08-28 08:45:00     Container t-coop-backend-db-init-1 Starting 
2026-08-28 08:45:00     Container t-coop-backend-db-init-1 Started 
2026-08-28 08:45:00     Container t-coop-backend-db-init-1 Waiting 
2026-08-28 08:45:01     Container t-coop-backend-db-init-1 Exited 
2026-08-28 08:45:02  ngrok is already running (PID 22656).
2026-08-28 08:45:02  === keep-alive check complete ===
2026-08-28 08:59:54  === keep-alive check starting ===
2026-08-28 08:59:58  Ensuring containers are up (docker compose up -d).
2026-08-28 08:59:59     Container t-coop-backend Running 
2026-08-28 08:59:59     Container t-coop-local-db Running 
2026-08-28 08:59:59     Container t-coop-local-db Waiting 
2026-08-28 08:59:59     Container t-coop-local-db Healthy 
2026-08-28 08:59:59     Container t-coop-backend-db-init-1 Starting 
2026-08-28 08:59:59     Container t-coop-backend-db-init-1 Started 
2026-08-28 08:59:59     Container t-coop-backend-db-init-1 Waiting 
2026-08-28 09:00:00     Container t-coop-backend-db-init-1 Exited 
2026-08-28 09:00:01  ngrok is already running (PID 22656).
2026-08-28 09:00:01  === keep-alive check complete ===
2026-08-28 09:04:54  === keep-alive check starting ===
2026-08-28 09:04:55  Ensuring containers are up (docker compose up -d).
2026-08-28 09:04:55     Container t-coop-backend Running 
2026-08-28 09:04:55     Container t-coop-local-db Running 
2026-08-28 09:04:55     Container t-coop-local-db Waiting 
2026-08-28 09:04:56     Container t-coop-local-db Healthy 
2026-08-28 09:04:56     Container t-coop-backend-db-init-1 Starting 
2026-08-28 09:04:56     Container t-coop-backend-db-init-1 Started 
2026-08-28 09:04:56     Container t-coop-backend-db-init-1 Waiting 
2026-08-28 09:04:56     Container t-coop-backend-db-init-1 Exited 
2026-08-28 09:04:57  ngrok is already running (PID 22656).
2026-08-28 09:04:57  === keep-alive check complete ===
2026-08-28 09:09:53  === keep-alive check starting ===
2026-08-28 09:09:57  Ensuring containers are up (docker compose up -d).
2026-08-28 09:09:57     Container t-coop-local-db Running 
2026-08-28 09:09:57     Container t-coop-backend Running 
2026-08-28 09:09:57     Container t-coop-local-db Waiting 
2026-08-28 09:09:58     Container t-coop-local-db Healthy 
2026-08-28 09:09:58     Container t-coop-backend-db-init-1 Starting 
2026-08-28 09:09:58     Container t-coop-backend-db-init-1 Started 
2026-08-28 09:09:58     Container t-coop-backend-db-init-1 Waiting 
2026-08-28 09:09:59     Container t-coop-backend-db-init-1 Exited 
2026-08-28 09:10:00  ngrok is already running (PID 22656).
2026-08-28 09:10:00  === keep-alive check complete ===
2026-08-28 09:14:54  === keep-alive check starting ===
2026-08-28 09:14:57  Ensuring containers are up (docker compose up -d).
2026-08-28 09:14:57     Container t-coop-local-db Running 
2026-08-28 09:14:57     Container t-coop-backend Running 
2026-08-28 09:14:57     Container t-coop-local-db Waiting 
2026-08-28 09:14:58     Container t-coop-local-db Healthy 
2026-08-28 09:14:58     Container t-coop-backend-db-init-1 Starting 
2026-08-28 09:14:58     Container t-coop-backend-db-init-1 Started 
2026-08-28 09:14:58     Container t-coop-backend-db-init-1 Waiting 
2026-08-28 09:14:58     Container t-coop-backend-db-init-1 Exited 
2026-08-28 09:14:59  ngrok is already running (PID 22656).
2026-08-28 09:14:59  === keep-alive check complete ===
2026-08-28 09:19:53  === keep-alive check starting ===
2026-08-28 09:19:55  Ensuring containers are up (docker compose up -d).
2026-08-28 09:19:55     Container t-coop-backend Running 
2026-08-28 09:19:55     Container t-coop-local-db Running 
2026-08-28 09:19:55     Container t-coop-local-db Waiting 
2026-08-28 09:19:55     Container t-coop-local-db Healthy 
2026-08-28 09:19:55     Container t-coop-backend-db-init-1 Starting 
2026-08-28 09:19:56     Container t-coop-backend-db-init-1 Started 
2026-08-28 09:19:56     Container t-coop-backend-db-init-1 Waiting 
2026-08-28 09:19:56     Container t-coop-backend-db-init-1 Exited 
2026-08-28 09:19:57  ngrok is already running (PID 22656).
2026-08-28 09:19:57  === keep-alive check complete ===
2026-08-28 09:24:53  === keep-alive check starting ===
2026-08-28 09:24:54  Ensuring containers are up (docker compose up -d).
2026-08-28 09:24:55     Container t-coop-backend Running 
2026-08-28 09:24:55     Container t-coop-local-db Running 
2026-08-28 09:24:55     Container t-coop-local-db Waiting 
2026-08-28 09:24:55     Container t-coop-local-db Healthy 
2026-08-28 09:24:55     Container t-coop-backend-db-init-1 Starting 
2026-08-28 09:24:55     Container t-coop-backend-db-init-1 Started 
2026-08-28 09:24:55     Container t-coop-backend-db-init-1 Waiting 
2026-08-28 09:24:56     Container t-coop-backend-db-init-1 Exited 
2026-08-28 09:24:56  ngrok is already running (PID 22656).
2026-08-28 09:24:56  === keep-alive check complete ===
2026-08-28 09:29:54  === keep-alive check starting ===
2026-08-28 09:30:19  Ensuring containers are up (docker compose up -d).
2026-08-28 09:30:20     Container t-coop-local-db Running 
2026-08-28 09:30:20     Container t-coop-backend Running 
2026-08-28 09:30:20     Container t-coop-local-db Waiting 
2026-08-28 09:30:20     Container t-coop-local-db Healthy 
2026-08-28 09:30:20     Container t-coop-backend-db-init-1 Starting 
2026-08-28 09:30:21     Container t-coop-backend-db-init-1 Started 
2026-08-28 09:30:21     Container t-coop-backend-db-init-1 Waiting 
2026-08-28 09:30:21     Container t-coop-backend-db-init-1 Exited 
2026-08-28 09:30:23  ngrok is already running (PID 22656).
2026-08-28 09:30:23  === keep-alive check complete ===
2026-08-28 09:34:54  === keep-alive check starting ===
2026-08-28 09:34:58  Ensuring containers are up (docker compose up -d).
2026-08-28 09:34:58     Container t-coop-local-db Running 
2026-08-28 09:34:58     Container t-coop-backend Running 
2026-08-28 09:34:58     Container t-coop-local-db Waiting 
2026-08-28 09:34:59     Container t-coop-local-db Healthy 
2026-08-28 09:34:59     Container t-coop-backend-db-init-1 Starting 
2026-08-28 09:34:59     Container t-coop-backend-db-init-1 Started 
2026-08-28 09:34:59     Container t-coop-backend-db-init-1 Waiting 
2026-08-28 09:35:00     Container t-coop-backend-db-init-1 Exited 
2026-08-28 09:35:00  ngrok is already running (PID 22656).
2026-08-28 09:35:00  === keep-alive check complete ===
2026-08-28 09:39:59  === keep-alive check starting ===
2026-08-28 09:40:06  Ensuring containers are up (docker compose up -d).
2026-08-28 09:40:06     Container t-coop-backend Running 
2026-08-28 09:40:06     Container t-coop-local-db Running 
2026-08-28 09:40:06     Container t-coop-local-db Waiting 
2026-08-28 09:40:06     Container t-coop-local-db Healthy 
2026-08-28 09:40:06     Container t-coop-backend-db-init-1 Starting 
2026-08-28 09:40:07     Container t-coop-backend-db-init-1 Started 
2026-08-28 09:40:07     Container t-coop-backend-db-init-1 Waiting 
2026-08-28 09:40:07     Container t-coop-backend-db-init-1 Exited 
2026-08-28 09:40:08  ngrok is already running (PID 22656).
2026-08-28 09:40:08  === keep-alive check complete ===
2026-08-28 09:44:55  === keep-alive check starting ===
2026-08-28 09:45:11  Ensuring containers are up (docker compose up -d).
2026-08-28 09:45:11     Container t-coop-backend Running 
2026-08-28 09:45:11     Container t-coop-local-db Running 
2026-08-28 09:45:11     Container t-coop-local-db Waiting 
2026-08-28 09:45:12     Container t-coop-local-db Healthy 
2026-08-28 09:45:12     Container t-coop-backend-db-init-1 Starting 
2026-08-28 09:45:12     Container t-coop-backend-db-init-1 Started 
2026-08-28 09:45:12     Container t-coop-backend-db-init-1 Waiting 
2026-08-28 09:45:13     Container t-coop-backend-db-init-1 Exited 
2026-08-28 09:45:14  ngrok is already running (PID 22656).
2026-08-28 09:45:14  === keep-alive check complete ===
2026-08-28 09:49:54  === keep-alive check starting ===
2026-08-28 09:50:01  Ensuring containers are up (docker compose up -d).
2026-08-28 09:50:01     Container t-coop-backend Running 
2026-08-28 09:50:01     Container t-coop-local-db Running 
2026-08-28 09:50:01     Container t-coop-local-db Waiting 
2026-08-28 09:50:02     Container t-coop-local-db Healthy 
2026-08-28 09:50:02     Container t-coop-backend-db-init-1 Starting 
2026-08-28 09:50:03     Container t-coop-backend-db-init-1 Started 
2026-08-28 09:50:03     Container t-coop-backend-db-init-1 Waiting 
2026-08-28 09:50:03     Container t-coop-backend-db-init-1 Exited 
2026-08-28 09:50:04  ngrok is already running (PID 22656).
2026-08-28 09:50:04  === keep-alive check complete ===
2026-08-28 09:54:53  === keep-alive check starting ===
2026-08-28 09:54:56  Ensuring containers are up (docker compose up -d).
2026-08-28 09:54:56     Container t-coop-local-db Running 
2026-08-28 09:54:56     Container t-coop-backend Running 
2026-08-28 09:54:56     Container t-coop-local-db Waiting 
2026-08-28 09:54:57     Container t-coop-local-db Healthy 
2026-08-28 09:54:57     Container t-coop-backend-db-init-1 Starting 
2026-08-28 09:54:57     Container t-coop-backend-db-init-1 Started 
2026-08-28 09:54:57     Container t-coop-backend-db-init-1 Waiting 
2026-08-28 09:54:58     Container t-coop-backend-db-init-1 Exited 
2026-08-28 09:54:59  ngrok is already running (PID 22656).
2026-08-28 09:54:59  === keep-alive check complete ===
2026-08-28 09:59:53  === keep-alive check starting ===
2026-08-28 09:59:56  Ensuring containers are up (docker compose up -d).
2026-08-28 09:59:57     Container t-coop-backend Running 
2026-08-28 09:59:57     Container t-coop-local-db Running 
2026-08-28 09:59:57     Container t-coop-local-db Waiting 
2026-08-28 09:59:57     Container t-coop-local-db Healthy 
2026-08-28 09:59:57     Container t-coop-backend-db-init-1 Starting 
2026-08-28 09:59:57     Container t-coop-backend-db-init-1 Started 
2026-08-28 09:59:57     Container t-coop-backend-db-init-1 Waiting 
2026-08-28 09:59:58     Container t-coop-backend-db-init-1 Exited 
2026-08-28 09:59:59  ngrok is already running (PID 22656).
2026-08-28 09:59:59  === keep-alive check complete ===
2026-08-28 10:04:53  === keep-alive check starting ===
2026-08-28 10:04:57  Ensuring containers are up (docker compose up -d).
2026-08-28 10:04:57     Container t-coop-backend Running 
2026-08-28 10:04:57     Container t-coop-local-db Running 
2026-08-28 10:04:57     Container t-coop-local-db Waiting 
2026-08-28 10:04:58     Container t-coop-local-db Healthy 
2026-08-28 10:04:58     Container t-coop-backend-db-init-1 Starting 
2026-08-28 10:04:58     Container t-coop-backend-db-init-1 Started 
2026-08-28 10:04:58     Container t-coop-backend-db-init-1 Waiting 
2026-08-28 10:04:59     Container t-coop-backend-db-init-1 Exited 
2026-08-28 10:05:00  ngrok is already running (PID 22656).
2026-08-28 10:05:00  === keep-alive check complete ===
2026-08-28 10:53:45  === keep-alive check starting ===
2026-08-28 10:54:12  Docker Desktop not running - launching it.
2026-08-28 10:54:40  Docker engine is ready.
2026-08-28 10:54:49  Ensuring containers are up (docker compose up -d).
2026-08-28 10:54:49     Container t-coop-backend Running 
2026-08-28 10:54:50     Container t-coop-local-db Starting 
2026-08-28 10:54:50     Container t-coop-local-db Started 
2026-08-28 10:54:51     Container t-coop-local-db Waiting 
2026-08-28 10:55:02     Container t-coop-local-db Healthy 
2026-08-28 10:55:03     Container t-coop-backend-db-init-1 Starting 
2026-08-28 10:55:03     Container t-coop-backend-db-init-1 Started 
2026-08-28 10:55:03     Container t-coop-backend-db-init-1 Waiting 
2026-08-28 10:55:04     Container t-coop-backend-db-init-1 Exited 
2026-08-28 10:55:05  ngrok is not running - starting tunnel on hamster-probiotic-compile.ngrok-free.dev.
2026-08-28 10:55:06  === keep-alive check complete ===
2026-08-28 10:59:52  === keep-alive check starting ===
2026-08-28 10:59:56  Ensuring containers are up (docker compose up -d).
2026-08-28 10:59:56     Container t-coop-backend Running 
2026-08-28 10:59:56     Container t-coop-local-db Running 
2026-08-28 10:59:56     Container t-coop-local-db Waiting 
2026-08-28 10:59:57     Container t-coop-local-db Healthy 
2026-08-28 10:59:57     Container t-coop-backend-db-init-1 Starting 
2026-08-28 10:59:57     Container t-coop-backend-db-init-1 Started 
2026-08-28 10:59:57     Container t-coop-backend-db-init-1 Waiting 
2026-08-28 10:59:58     Container t-coop-backend-db-init-1 Exited 
2026-08-28 10:59:58  ngrok is already running (PID 15708).
2026-08-28 10:59:58  === keep-alive check complete ===
2026-08-28 11:04:49  === keep-alive check starting ===
2026-08-28 11:04:53  Ensuring containers are up (docker compose up -d).
2026-08-28 11:04:54     Container t-coop-backend Running 
2026-08-28 11:04:54     Container t-coop-local-db Running 
2026-08-28 11:04:54     Container t-coop-local-db Waiting 
2026-08-28 11:04:54     Container t-coop-local-db Healthy 
2026-08-28 11:04:54     Container t-coop-backend-db-init-1 Starting 
2026-08-28 11:04:54     Container t-coop-backend-db-init-1 Started 
2026-08-28 11:04:54     Container t-coop-backend-db-init-1 Waiting 
2026-08-28 11:04:55     Container t-coop-backend-db-init-1 Exited 
2026-08-28 11:04:55  ngrok is already running (PID 15708).
2026-08-28 11:04:55  === keep-alive check complete ===
2026-08-28 11:09:50  === keep-alive check starting ===
2026-08-28 11:10:19  Ensuring containers are up (docker compose up -d).
2026-08-28 11:10:19     Container t-coop-backend Running 
2026-08-28 11:10:19     Container t-coop-local-db Running 
2026-08-28 11:10:19     Container t-coop-local-db Waiting 
2026-08-28 11:10:20     Container t-coop-local-db Healthy 
2026-08-28 11:10:20     Container t-coop-backend-db-init-1 Starting 
2026-08-28 11:10:20     Container t-coop-backend-db-init-1 Started 
2026-08-28 11:10:20     Container t-coop-backend-db-init-1 Waiting 
2026-08-28 11:10:20     Container t-coop-backend-db-init-1 Exited 
2026-08-28 11:10:21  ngrok is already running (PID 15708).
2026-08-28 11:10:21  === keep-alive check complete ===
2026-08-28 11:14:49  === keep-alive check starting ===
2026-08-28 11:14:51  Ensuring containers are up (docker compose up -d).
2026-08-28 11:14:52     Container t-coop-backend Running 
2026-08-28 11:14:52     Container t-coop-local-db Running 
2026-08-28 11:14:52     Container t-coop-local-db Waiting 
2026-08-28 11:14:52     Container t-coop-local-db Healthy 
2026-08-28 11:14:52     Container t-coop-backend-db-init-1 Starting 
2026-08-28 11:14:52     Container t-coop-backend-db-init-1 Started 
2026-08-28 11:14:52     Container t-coop-backend-db-init-1 Waiting 
2026-08-28 11:14:53     Container t-coop-backend-db-init-1 Exited 
2026-08-28 11:14:53  ngrok is already running (PID 15708).
2026-08-28 11:14:53  === keep-alive check complete ===
2026-08-28 11:19:48  === keep-alive check starting ===
2026-08-28 11:19:49  Ensuring containers are up (docker compose up -d).
2026-08-28 11:19:49     Container t-coop-local-db Running 
2026-08-28 11:19:50     Container t-coop-backend Running 
2026-08-28 11:19:50     Container t-coop-local-db Waiting 
2026-08-28 11:19:50     Container t-coop-local-db Healthy 
2026-08-28 11:19:50     Container t-coop-backend-db-init-1 Starting 
2026-08-28 11:19:50     Container t-coop-backend-db-init-1 Started 
2026-08-28 11:19:50     Container t-coop-backend-db-init-1 Waiting 
2026-08-28 11:19:51     Container t-coop-backend-db-init-1 Exited 
2026-08-28 11:19:51  ngrok is already running (PID 15708).
2026-08-28 11:19:51  === keep-alive check complete ===
2026-08-28 11:24:48  === keep-alive check starting ===
2026-08-28 11:24:49  Ensuring containers are up (docker compose up -d).
2026-08-28 11:24:49     Container t-coop-backend Running 
2026-08-28 11:24:49     Container t-coop-local-db Running 
2026-08-28 11:24:49     Container t-coop-local-db Waiting 
2026-08-28 11:24:50     Container t-coop-local-db Healthy 
2026-08-28 11:24:50     Container t-coop-backend-db-init-1 Starting 
2026-08-28 11:24:50     Container t-coop-backend-db-init-1 Started 
2026-08-28 11:24:50     Container t-coop-backend-db-init-1 Waiting 
2026-08-28 11:24:50     Container t-coop-backend-db-init-1 Exited 
2026-08-28 11:24:51  ngrok is already running (PID 15708).
2026-08-28 11:24:51  === keep-alive check complete ===
2026-08-28 11:29:48  === keep-alive check starting ===
2026-08-28 11:29:51  Ensuring containers are up (docker compose up -d).
2026-08-28 11:29:51     Container t-coop-backend Running 
2026-08-28 11:29:51     Container t-coop-local-db Running 
2026-08-28 11:29:51     Container t-coop-local-db Waiting 
2026-08-28 11:29:52     Container t-coop-local-db Healthy 
2026-08-28 11:29:52     Container t-coop-backend-db-init-1 Starting 
2026-08-28 11:29:52     Container t-coop-backend-db-init-1 Started 
2026-08-28 11:29:52     Container t-coop-backend-db-init-1 Waiting 
2026-08-28 11:29:52     Container t-coop-backend-db-init-1 Exited 
2026-08-28 11:29:53  ngrok is already running (PID 15708).
2026-08-28 11:29:53  === keep-alive check complete ===
2026-08-28 12:01:19  === keep-alive check starting ===
2026-08-28 12:01:48  Ensuring containers are up (docker compose up -d).
2026-08-28 12:01:49     Container t-coop-backend Running 
2026-08-28 12:01:49     Container t-coop-local-db Running 
2026-08-28 12:01:49     Container t-coop-local-db Waiting 
2026-08-28 12:01:49     Container t-coop-local-db Healthy 
2026-08-28 12:01:49     Container t-coop-backend-db-init-1 Starting 
2026-08-28 12:01:50     Container t-coop-backend-db-init-1 Started 
2026-08-28 12:01:50     Container t-coop-backend-db-init-1 Waiting 
2026-08-28 12:01:50     Container t-coop-backend-db-init-1 Exited 
2026-08-28 12:01:52  ngrok is already running (PID 15708).
2026-08-28 12:01:52  === keep-alive check complete ===
2026-08-28 12:04:51  === keep-alive check starting ===
2026-08-28 12:04:55  Ensuring containers are up (docker compose up -d).
2026-08-28 12:04:55     Container t-coop-local-db Running 
2026-08-28 12:04:55     Container t-coop-backend Running 
2026-08-28 12:04:55     Container t-coop-local-db Waiting 
2026-08-28 12:04:56     Container t-coop-local-db Healthy 
2026-08-28 12:04:56     Container t-coop-backend-db-init-1 Starting 
2026-08-28 12:04:56     Container t-coop-backend-db-init-1 Started 
2026-08-28 12:04:56     Container t-coop-backend-db-init-1 Waiting 
2026-08-28 12:04:56     Container t-coop-backend-db-init-1 Exited 
2026-08-28 12:04:57  ngrok is already running (PID 15708).
2026-08-28 12:04:57  === keep-alive check complete ===
2026-08-28 12:09:49  === keep-alive check starting ===
2026-08-28 12:09:53  Ensuring containers are up (docker compose up -d).
2026-08-28 12:09:53     Container t-coop-local-db Running 
2026-08-28 12:09:53     Container t-coop-backend Running 
2026-08-28 12:09:53     Container t-coop-local-db Waiting 
2026-08-28 12:09:54     Container t-coop-local-db Healthy 
2026-08-28 12:09:54     Container t-coop-backend-db-init-1 Starting 
2026-08-28 12:09:54     Container t-coop-backend-db-init-1 Started 
2026-08-28 12:09:54     Container t-coop-backend-db-init-1 Waiting 
2026-08-28 12:09:54     Container t-coop-backend-db-init-1 Exited 
2026-08-28 12:09:55  ngrok is already running (PID 15708).
2026-08-28 12:09:55  === keep-alive check complete ===
2026-08-28 12:14:49  === keep-alive check starting ===
2026-08-28 12:14:58  Ensuring containers are up (docker compose up -d).
2026-08-28 12:14:58     Container t-coop-backend Running 
2026-08-28 12:14:58     Container t-coop-local-db Running 
2026-08-28 12:14:58     Container t-coop-local-db Waiting 
2026-08-28 12:14:59     Container t-coop-local-db Healthy 
2026-08-28 12:14:59     Container t-coop-backend-db-init-1 Starting 
2026-08-28 12:14:59     Container t-coop-backend-db-init-1 Started 
2026-08-28 12:14:59     Container t-coop-backend-db-init-1 Waiting 
2026-08-28 12:14:59     Container t-coop-backend-db-init-1 Exited 
2026-08-28 12:15:00  ngrok is already running (PID 15708).
2026-08-28 12:15:00  === keep-alive check complete ===
2026-08-28 12:20:00  === keep-alive check starting ===
2026-08-28 12:20:05  Ensuring containers are up (docker compose up -d).
2026-08-28 12:20:06     Container t-coop-backend Running 
2026-08-28 12:20:06     Container t-coop-local-db Running 
2026-08-28 12:20:06     Container t-coop-local-db Waiting 
2026-08-28 12:20:06     Container t-coop-local-db Healthy 
2026-08-28 12:20:06     Container t-coop-backend-db-init-1 Starting 
2026-08-28 12:20:06     Container t-coop-backend-db-init-1 Started 
2026-08-28 12:20:06     Container t-coop-backend-db-init-1 Waiting 
2026-08-28 12:20:07     Container t-coop-backend-db-init-1 Exited 
2026-08-28 12:20:08  ngrok is already running (PID 15708).
2026-08-28 12:20:08  === keep-alive check complete ===
2026-08-28 12:24:49  === keep-alive check starting ===
2026-08-28 12:24:50  Ensuring containers are up (docker compose up -d).
2026-08-28 12:24:51     Container t-coop-local-db Running 
2026-08-28 12:24:51     Container t-coop-backend Running 
2026-08-28 12:24:51     Container t-coop-local-db Waiting 
2026-08-28 12:24:51     Container t-coop-local-db Healthy 
2026-08-28 12:24:51     Container t-coop-backend-db-init-1 Starting 
2026-08-28 12:24:51     Container t-coop-backend-db-init-1 Started 
2026-08-28 12:24:51     Container t-coop-backend-db-init-1 Waiting 
2026-08-28 12:24:52     Container t-coop-backend-db-init-1 Exited 
2026-08-28 12:24:52  ngrok is already running (PID 15708).
2026-08-28 12:24:52  === keep-alive check complete ===
2026-08-28 12:29:49  === keep-alive check starting ===
2026-08-28 12:29:50  Ensuring containers are up (docker compose up -d).
2026-08-28 12:29:50     Container t-coop-backend Running 
2026-08-28 12:29:50     Container t-coop-local-db Running 
2026-08-28 12:29:50     Container t-coop-local-db Waiting 
2026-08-28 12:29:51     Container t-coop-local-db Healthy 
2026-08-28 12:29:51     Container t-coop-backend-db-init-1 Starting 
2026-08-28 12:29:51     Container t-coop-backend-db-init-1 Started 
2026-08-28 12:29:51     Container t-coop-backend-db-init-1 Waiting 
2026-08-28 12:29:51     Container t-coop-backend-db-init-1 Exited 
2026-08-28 12:29:52  ngrok is already running (PID 15708).
2026-08-28 12:29:52  === keep-alive check complete ===
2026-08-28 12:35:07  === keep-alive check starting ===
2026-08-28 12:35:10  Ensuring containers are up (docker compose up -d).
2026-08-28 12:35:10     Container t-coop-local-db Running 
2026-08-28 12:35:10     Container t-coop-backend Running 
2026-08-28 12:35:10     Container t-coop-local-db Waiting 
2026-08-28 12:35:10     Container t-coop-local-db Healthy 
2026-08-28 12:35:10     Container t-coop-backend-db-init-1 Starting 
2026-08-28 12:35:10     Container t-coop-backend-db-init-1 Started 
2026-08-28 12:35:10     Container t-coop-backend-db-init-1 Waiting 
2026-08-28 12:35:11     Container t-coop-backend-db-init-1 Exited 
2026-08-28 12:35:12  ngrok is already running (PID 15708).
2026-08-28 12:35:12  === keep-alive check complete ===
2026-08-28 12:39:49  === keep-alive check starting ===
2026-08-28 12:39:52  Ensuring containers are up (docker compose up -d).
2026-08-28 12:39:52     Container t-coop-backend Running 
2026-08-28 12:39:52     Container t-coop-local-db Running 
2026-08-28 12:39:52     Container t-coop-local-db Waiting 
2026-08-28 12:39:53     Container t-coop-local-db Healthy 
2026-08-28 12:39:53     Container t-coop-backend-db-init-1 Starting 
2026-08-28 12:39:53     Container t-coop-backend-db-init-1 Started 
2026-08-28 12:39:53     Container t-coop-backend-db-init-1 Waiting 
2026-08-28 12:39:53     Container t-coop-backend-db-init-1 Exited 
2026-08-28 12:39:54  ngrok is already running (PID 15708).
2026-08-28 12:39:54  === keep-alive check complete ===
2026-08-28 12:44:49  === keep-alive check starting ===
2026-08-28 12:44:50  Ensuring containers are up (docker compose up -d).
2026-08-28 12:44:50     Container t-coop-backend Running 
2026-08-28 12:44:50     Container t-coop-local-db Running 
2026-08-28 12:44:50     Container t-coop-local-db Waiting 
2026-08-28 12:44:51     Container t-coop-local-db Healthy 
2026-08-28 12:44:51     Container t-coop-backend-db-init-1 Starting 
2026-08-28 12:44:51     Container t-coop-backend-db-init-1 Started 
2026-08-28 12:44:51     Container t-coop-backend-db-init-1 Waiting 
2026-08-28 12:44:51     Container t-coop-backend-db-init-1 Exited 
2026-08-28 12:44:53  ngrok is already running (PID 15708).
2026-08-28 12:44:53  === keep-alive check complete ===
2026-08-28 12:49:46  === keep-alive check starting ===
2026-08-28 12:49:49  Ensuring containers are up (docker compose up -d).
2026-08-28 12:49:50     Container t-coop-backend Running 
2026-08-28 12:49:50     Container t-coop-local-db Running 
2026-08-28 12:49:50     Container t-coop-local-db Waiting 
2026-08-28 12:49:50     Container t-coop-local-db Healthy 
2026-08-28 12:49:50     Container t-coop-backend-db-init-1 Starting 
2026-08-28 12:49:50     Container t-coop-backend-db-init-1 Started 
2026-08-28 12:49:50     Container t-coop-backend-db-init-1 Waiting 
2026-08-28 12:49:51     Container t-coop-backend-db-init-1 Exited 
2026-08-28 12:49:52  ngrok is already running (PID 15708).
2026-08-28 12:49:52  === keep-alive check complete ===
2026-08-28 12:54:46  === keep-alive check starting ===
2026-08-28 12:54:47  Ensuring containers are up (docker compose up -d).
2026-08-28 12:54:48     Container t-coop-backend Running 
2026-08-28 12:54:48     Container t-coop-local-db Running 
2026-08-28 12:54:48     Container t-coop-local-db Waiting 
2026-08-28 12:54:48     Container t-coop-local-db Healthy 
2026-08-28 12:54:48     Container t-coop-backend-db-init-1 Starting 
2026-08-28 12:54:48     Container t-coop-backend-db-init-1 Started 
2026-08-28 12:54:48     Container t-coop-backend-db-init-1 Waiting 
2026-08-28 12:54:49     Container t-coop-backend-db-init-1 Exited 
2026-08-28 12:54:50  ngrok is already running (PID 15708).
2026-08-28 12:54:50  === keep-alive check complete ===
2026-08-28 12:59:48  === keep-alive check starting ===
2026-08-28 12:59:49  Ensuring containers are up (docker compose up -d).
2026-08-28 12:59:50     Container t-coop-backend Running 
2026-08-28 12:59:50     Container t-coop-local-db Running 
2026-08-28 12:59:50     Container t-coop-local-db Waiting 
2026-08-28 12:59:50     Container t-coop-local-db Healthy 
2026-08-28 12:59:50     Container t-coop-backend-db-init-1 Starting 
2026-08-28 12:59:50     Container t-coop-backend-db-init-1 Started 
2026-08-28 12:59:50     Container t-coop-backend-db-init-1 Waiting 
2026-08-28 12:59:51     Container t-coop-backend-db-init-1 Exited 
2026-08-28 12:59:51  ngrok is already running (PID 15708).
2026-08-28 12:59:51  === keep-alive check complete ===
2026-08-28 13:04:48  === keep-alive check starting ===
2026-08-28 13:04:49  Ensuring containers are up (docker compose up -d).
2026-08-28 13:04:50     Container t-coop-backend Running 
2026-08-28 13:04:50     Container t-coop-local-db Running 
2026-08-28 13:04:50     Container t-coop-local-db Waiting 
2026-08-28 13:04:50     Container t-coop-local-db Healthy 
2026-08-28 13:04:50     Container t-coop-backend-db-init-1 Starting 
2026-08-28 13:04:50     Container t-coop-backend-db-init-1 Started 
2026-08-28 13:04:50     Container t-coop-backend-db-init-1 Waiting 
2026-08-28 13:04:51     Container t-coop-backend-db-init-1 Exited 
2026-08-28 13:04:51  ngrok is already running (PID 15708).
2026-08-28 13:04:51  === keep-alive check complete ===
2026-08-28 13:09:48  === keep-alive check starting ===
2026-08-28 13:09:49  Ensuring containers are up (docker compose up -d).
2026-08-28 13:09:50     Container t-coop-backend Running 
2026-08-28 13:09:50     Container t-coop-local-db Running 
2026-08-28 13:09:50     Container t-coop-local-db Waiting 
2026-08-28 13:09:50     Container t-coop-local-db Healthy 
2026-08-28 13:09:50     Container t-coop-backend-db-init-1 Starting 
2026-08-28 13:09:50     Container t-coop-backend-db-init-1 Started 
2026-08-28 13:09:50     Container t-coop-backend-db-init-1 Waiting 
2026-08-28 13:09:51     Container t-coop-backend-db-init-1 Exited 
2026-08-28 13:09:51  ngrok is already running (PID 15708).
2026-08-28 13:09:51  === keep-alive check complete ===
2026-08-28 13:14:48  === keep-alive check starting ===
2026-08-28 13:14:49  Ensuring containers are up (docker compose up -d).
2026-08-28 13:14:50     Container t-coop-local-db Running 
2026-08-28 13:14:50     Container t-coop-backend Running 
2026-08-28 13:14:50     Container t-coop-local-db Waiting 
2026-08-28 13:14:50     Container t-coop-local-db Healthy 
2026-08-28 13:14:50     Container t-coop-backend-db-init-1 Starting 
2026-08-28 13:14:50     Container t-coop-backend-db-init-1 Started 
2026-08-28 13:14:50     Container t-coop-backend-db-init-1 Waiting 
2026-08-28 13:14:51     Container t-coop-backend-db-init-1 Exited 
2026-08-28 13:14:51  ngrok is already running (PID 15708).
2026-08-28 13:14:51  === keep-alive check complete ===
2026-08-28 13:19:48  === keep-alive check starting ===
2026-08-28 13:19:50  Ensuring containers are up (docker compose up -d).
2026-08-28 13:19:50     Container t-coop-local-db Running 
2026-08-28 13:19:50     Container t-coop-backend Running 
2026-08-28 13:19:50     Container t-coop-local-db Waiting 
2026-08-28 13:19:50     Container t-coop-local-db Healthy 
2026-08-28 13:19:50     Container t-coop-backend-db-init-1 Starting 
2026-08-28 13:19:50     Container t-coop-backend-db-init-1 Started 
2026-08-28 13:19:50     Container t-coop-backend-db-init-1 Waiting 
2026-08-28 13:19:51     Container t-coop-backend-db-init-1 Exited 
2026-08-28 13:19:52  ngrok is already running (PID 15708).
2026-08-28 13:19:52  === keep-alive check complete ===
2026-08-28 13:24:48  === keep-alive check starting ===
2026-08-28 13:24:49  Ensuring containers are up (docker compose up -d).
2026-08-28 13:24:50     Container t-coop-backend Running 
2026-08-28 13:24:50     Container t-coop-local-db Running 
2026-08-28 13:24:50     Container t-coop-local-db Waiting 
2026-08-28 13:24:50     Container t-coop-local-db Healthy 
2026-08-28 13:24:50     Container t-coop-backend-db-init-1 Starting 
2026-08-28 13:24:50     Container t-coop-backend-db-init-1 Started 
2026-08-28 13:24:50     Container t-coop-backend-db-init-1 Waiting 
2026-08-28 13:24:51     Container t-coop-backend-db-init-1 Exited 
2026-08-28 13:24:52  ngrok is already running (PID 15708).
2026-08-28 13:24:52  === keep-alive check complete ===
2026-08-28 13:29:47  === keep-alive check starting ===
2026-08-28 13:29:47  Ensuring containers are up (docker compose up -d).
2026-08-28 13:29:48     Container t-coop-backend Running 
2026-08-28 13:29:48     Container t-coop-local-db Running 
2026-08-28 13:29:48     Container t-coop-local-db Waiting 
2026-08-28 13:29:48     Container t-coop-local-db Healthy 
2026-08-28 13:29:48     Container t-coop-backend-db-init-1 Starting 
2026-08-28 13:29:48     Container t-coop-backend-db-init-1 Started 
2026-08-28 13:29:48     Container t-coop-backend-db-init-1 Waiting 
2026-08-28 13:29:49     Container t-coop-backend-db-init-1 Exited 
2026-08-28 13:29:50  ngrok is already running (PID 15708).
2026-08-28 13:29:50  === keep-alive check complete ===
2026-08-28 13:34:46  === keep-alive check starting ===
2026-08-28 13:34:47  Ensuring containers are up (docker compose up -d).
2026-08-28 13:34:47     Container t-coop-backend Running 
2026-08-28 13:34:47     Container t-coop-local-db Running 
2026-08-28 13:34:47     Container t-coop-local-db Waiting 
2026-08-28 13:34:48     Container t-coop-local-db Healthy 
2026-08-28 13:34:48     Container t-coop-backend-db-init-1 Starting 
2026-08-28 13:34:48     Container t-coop-backend-db-init-1 Started 
2026-08-28 13:34:48     Container t-coop-backend-db-init-1 Waiting 
2026-08-28 13:34:49     Container t-coop-backend-db-init-1 Exited 
2026-08-28 13:34:49  ngrok is already running (PID 15708).
2026-08-28 13:34:49  === keep-alive check complete ===
2026-08-28 13:41:23  === keep-alive check starting ===
2026-08-28 13:41:28  Ensuring containers are up (docker compose up -d).
2026-08-28 13:41:28     Container t-coop-backend Running 
2026-08-28 13:41:28     Container t-coop-local-db Running 
2026-08-28 13:41:28     Container t-coop-local-db Waiting 
2026-08-28 13:41:29     Container t-coop-local-db Healthy 
2026-08-28 13:41:29     Container t-coop-backend-db-init-1 Starting 
2026-08-28 13:41:29     Container t-coop-backend-db-init-1 Started 
2026-08-28 13:41:29     Container t-coop-backend-db-init-1 Waiting 
2026-08-28 13:41:30     Container t-coop-backend-db-init-1 Exited 
2026-08-28 13:41:30  ngrok is already running (PID 15708).
2026-08-28 13:41:30  === keep-alive check complete ===
2026-08-28 13:44:49  === keep-alive check starting ===
2026-08-28 13:44:50  Ensuring containers are up (docker compose up -d).
2026-08-28 13:44:50     Container t-coop-backend Running 
2026-08-28 13:44:50     Container t-coop-local-db Running 
2026-08-28 13:44:50     Container t-coop-local-db Waiting 
2026-08-28 13:44:51     Container t-coop-local-db Healthy 
2026-08-28 13:44:51     Container t-coop-backend-db-init-1 Starting 
2026-08-28 13:44:51     Container t-coop-backend-db-init-1 Started 
2026-08-28 13:44:51     Container t-coop-backend-db-init-1 Waiting 
2026-08-28 13:44:51     Container t-coop-backend-db-init-1 Exited 
2026-08-28 13:44:52  ngrok is already running (PID 15708).
2026-08-28 13:44:52  === keep-alive check complete ===
2026-08-28 13:49:47  === keep-alive check starting ===
2026-08-28 13:49:48  Ensuring containers are up (docker compose up -d).
2026-08-28 13:49:48     Container t-coop-backend Running 
2026-08-28 13:49:48     Container t-coop-local-db Running 
2026-08-28 13:49:48     Container t-coop-local-db Waiting 
2026-08-28 13:49:49     Container t-coop-local-db Healthy 
2026-08-28 13:49:49     Container t-coop-backend-db-init-1 Starting 
2026-08-28 13:49:49     Container t-coop-backend-db-init-1 Started 
2026-08-28 13:49:49     Container t-coop-backend-db-init-1 Waiting 
2026-08-28 13:49:49     Container t-coop-backend-db-init-1 Exited 
2026-08-28 13:49:50  ngrok is already running (PID 15708).
2026-08-28 13:49:50  === keep-alive check complete ===
2026-08-28 13:54:49  === keep-alive check starting ===
2026-08-28 13:54:50  Ensuring containers are up (docker compose up -d).
2026-08-28 13:54:50     Container t-coop-backend Running 
2026-08-28 13:54:50     Container t-coop-local-db Running 
2026-08-28 13:54:50     Container t-coop-local-db Waiting 
2026-08-28 13:54:50     Container t-coop-local-db Healthy 
2026-08-28 13:54:50     Container t-coop-backend-db-init-1 Starting 
2026-08-28 13:54:50     Container t-coop-backend-db-init-1 Started 
2026-08-28 13:54:50     Container t-coop-backend-db-init-1 Waiting 
2026-08-28 13:54:51     Container t-coop-backend-db-init-1 Exited 
2026-08-28 13:54:51  ngrok is already running (PID 15708).
2026-08-28 13:54:52  === keep-alive check complete ===
2026-08-28 13:59:49  === keep-alive check starting ===
2026-08-28 13:59:50  Ensuring containers are up (docker compose up -d).
2026-08-28 13:59:50     Container t-coop-local-db Running 
2026-08-28 13:59:50     Container t-coop-backend Running 
2026-08-28 13:59:50     Container t-coop-local-db Waiting 
2026-08-28 13:59:51     Container t-coop-local-db Healthy 
2026-08-28 13:59:51     Container t-coop-backend-db-init-1 Starting 
2026-08-28 13:59:51     Container t-coop-backend-db-init-1 Started 
2026-08-28 13:59:51     Container t-coop-backend-db-init-1 Waiting 
2026-08-28 13:59:51     Container t-coop-backend-db-init-1 Exited 
2026-08-28 13:59:52  ngrok is already running (PID 15708).
2026-08-28 13:59:52  === keep-alive check complete ===
2026-08-28 14:04:49  === keep-alive check starting ===
2026-08-28 14:04:52  Ensuring containers are up (docker compose up -d).
2026-08-28 14:04:53     Container t-coop-local-db Running 
2026-08-28 14:04:53     Container t-coop-backend Running 
2026-08-28 14:04:53     Container t-coop-local-db Waiting 
2026-08-28 14:04:53     Container t-coop-local-db Healthy 
2026-08-28 14:04:53     Container t-coop-backend-db-init-1 Starting 
2026-08-28 14:04:53     Container t-coop-backend-db-init-1 Started 
2026-08-28 14:04:53     Container t-coop-backend-db-init-1 Waiting 
2026-08-28 14:04:54     Container t-coop-backend-db-init-1 Exited 
2026-08-28 14:04:54  ngrok is already running (PID 15708).
2026-08-28 14:04:54  === keep-alive check complete ===
2026-08-28 14:09:49  === keep-alive check starting ===
2026-08-28 14:09:51  Ensuring containers are up (docker compose up -d).
2026-08-28 14:09:52     Container t-coop-backend Running 
2026-08-28 14:09:52     Container t-coop-local-db Running 
2026-08-28 14:09:52     Container t-coop-local-db Waiting 
2026-08-28 14:09:52     Container t-coop-local-db Healthy 
2026-08-28 14:09:52     Container t-coop-backend-db-init-1 Starting 
2026-08-28 14:09:52     Container t-coop-backend-db-init-1 Started 
2026-08-28 14:09:52     Container t-coop-backend-db-init-1 Waiting 
2026-08-28 14:09:53     Container t-coop-backend-db-init-1 Exited 
2026-08-28 14:09:53  ngrok is already running (PID 15708).
2026-08-28 14:09:53  === keep-alive check complete ===
2026-08-28 14:14:49  === keep-alive check starting ===
2026-08-28 14:14:50  Ensuring containers are up (docker compose up -d).
2026-08-28 14:14:50     Container t-coop-local-db Running 
2026-08-28 14:14:50     Container t-coop-backend Running 
2026-08-28 14:14:50     Container t-coop-local-db Waiting 
2026-08-28 14:14:51     Container t-coop-local-db Healthy 
2026-08-28 14:14:51     Container t-coop-backend-db-init-1 Starting 
2026-08-28 14:14:51     Container t-coop-backend-db-init-1 Started 
2026-08-28 14:14:51     Container t-coop-backend-db-init-1 Waiting 
2026-08-28 14:14:51     Container t-coop-backend-db-init-1 Exited 
2026-08-28 14:14:52  ngrok is already running (PID 15708).
2026-08-28 14:14:52  === keep-alive check complete ===
2026-08-28 14:19:53  === keep-alive check starting ===
2026-08-28 14:19:54  Ensuring containers are up (docker compose up -d).
2026-08-28 14:19:54     Container t-coop-backend Running 
2026-08-28 14:19:54     Container t-coop-local-db Running 
2026-08-28 14:19:54     Container t-coop-local-db Waiting 
2026-08-28 14:19:55     Container t-coop-local-db Healthy 
2026-08-28 14:19:55     Container t-coop-backend-db-init-1 Starting 
2026-08-28 14:19:55     Container t-coop-backend-db-init-1 Started 
2026-08-28 14:19:55     Container t-coop-backend-db-init-1 Waiting 
2026-08-28 14:19:55     Container t-coop-backend-db-init-1 Exited 
2026-08-28 14:19:56  ngrok is already running (PID 15708).
2026-08-28 14:19:56  === keep-alive check complete ===
2026-08-28 14:24:51  === keep-alive check starting ===
2026-08-28 14:24:52  Ensuring containers are up (docker compose up -d).
2026-08-28 14:24:53     Container t-coop-backend Running 
2026-08-28 14:24:53     Container t-coop-local-db Running 
2026-08-28 14:24:53     Container t-coop-local-db Waiting 
2026-08-28 14:24:53     Container t-coop-local-db Healthy 
2026-08-28 14:24:53     Container t-coop-backend-db-init-1 Starting 
2026-08-28 14:24:53     Container t-coop-backend-db-init-1 Started 
2026-08-28 14:24:53     Container t-coop-backend-db-init-1 Waiting 
2026-08-28 14:24:54     Container t-coop-backend-db-init-1 Exited 
2026-08-28 14:24:55  ngrok is already running (PID 15708).
2026-08-28 14:24:55  === keep-alive check complete ===
2026-08-28 14:30:30  === keep-alive check starting ===
2026-08-28 14:30:31  Ensuring containers are up (docker compose up -d).
2026-08-28 14:30:32     Container t-coop-local-db Running 
2026-08-28 14:30:32     Container t-coop-backend Running 
2026-08-28 14:30:32     Container t-coop-local-db Waiting 
2026-08-28 14:30:32     Container t-coop-local-db Healthy 
2026-08-28 14:30:32     Container t-coop-backend-db-init-1 Starting 
2026-08-28 14:30:33     Container t-coop-backend-db-init-1 Started 
2026-08-28 14:30:33     Container t-coop-backend-db-init-1 Waiting 
2026-08-28 14:30:33     Container t-coop-backend-db-init-1 Exited 
2026-08-28 14:30:34  ngrok is already running (PID 15708).
2026-08-28 14:30:34  === keep-alive check complete ===
2026-08-28 14:34:48  === keep-alive check starting ===
2026-08-28 14:34:49  Ensuring containers are up (docker compose up -d).
2026-08-28 14:34:50     Container t-coop-backend Running 
2026-08-28 14:34:50     Container t-coop-local-db Running 
2026-08-28 14:34:50     Container t-coop-local-db Waiting 
2026-08-28 14:34:50     Container t-coop-local-db Healthy 
2026-08-28 14:34:50     Container t-coop-backend-db-init-1 Starting 
2026-08-28 14:34:51     Container t-coop-backend-db-init-1 Started 
2026-08-28 14:34:51     Container t-coop-backend-db-init-1 Waiting 
2026-08-28 14:34:51     Container t-coop-backend-db-init-1 Exited 
2026-08-28 14:34:52  ngrok is already running (PID 15708).
2026-08-28 14:34:52  === keep-alive check complete ===
2026-08-28 14:39:50  === keep-alive check starting ===
2026-08-28 14:39:51  Ensuring containers are up (docker compose up -d).
2026-08-28 14:39:52     Container t-coop-backend Running 
2026-08-28 14:39:52     Container t-coop-local-db Running 
2026-08-28 14:39:52     Container t-coop-local-db Waiting 
2026-08-28 14:39:52     Container t-coop-local-db Healthy 
2026-08-28 14:39:52     Container t-coop-backend-db-init-1 Starting 
2026-08-28 14:39:53     Container t-coop-backend-db-init-1 Started 
2026-08-28 14:39:53     Container t-coop-backend-db-init-1 Waiting 
2026-08-28 14:39:53     Container t-coop-backend-db-init-1 Exited 
2026-08-28 14:39:54  ngrok is already running (PID 15708).
2026-08-28 14:39:54  === keep-alive check complete ===
2026-08-28 14:45:17  === keep-alive check starting ===
2026-08-28 14:45:19  Ensuring containers are up (docker compose up -d).
2026-08-28 14:45:19     Container t-coop-local-db Running 
2026-08-28 14:45:19     Container t-coop-backend Running 
2026-08-28 14:45:19     Container t-coop-local-db Waiting 
2026-08-28 14:45:20     Container t-coop-local-db Healthy 
2026-08-28 14:45:20     Container t-coop-backend-db-init-1 Starting 
2026-08-28 14:45:20     Container t-coop-backend-db-init-1 Started 
2026-08-28 14:45:20     Container t-coop-backend-db-init-1 Waiting 
2026-08-28 14:45:21     Container t-coop-backend-db-init-1 Exited 
2026-08-28 14:45:21  ngrok is already running (PID 15708).
2026-08-28 14:45:21  === keep-alive check complete ===
2026-08-28 14:49:49  === keep-alive check starting ===
2026-08-28 14:49:54  Ensuring containers are up (docker compose up -d).
2026-08-28 14:49:56     Container t-coop-backend Running 
2026-08-28 14:49:56     Container t-coop-local-db Running 
2026-08-28 14:49:56     Container t-coop-local-db Waiting 
2026-08-28 14:49:57     Container t-coop-local-db Healthy 
2026-08-28 14:49:57     Container t-coop-backend-db-init-1 Starting 
2026-08-28 14:49:57     Container t-coop-backend-db-init-1 Started 
2026-08-28 14:49:57     Container t-coop-backend-db-init-1 Waiting 
2026-08-28 14:49:58     Container t-coop-backend-db-init-1 Exited 
2026-08-28 14:49:58  ngrok is already running (PID 15708).
2026-08-28 14:49:58  === keep-alive check complete ===
2026-08-28 14:54:52  === keep-alive check starting ===
2026-08-28 14:54:56  Ensuring containers are up (docker compose up -d).
2026-08-28 14:54:57     Container t-coop-backend Running 
2026-08-28 14:54:57     Container t-coop-local-db Running 
2026-08-28 14:54:57     Container t-coop-local-db Waiting 
2026-08-28 14:54:57     Container t-coop-local-db Healthy 
2026-08-28 14:54:57     Container t-coop-backend-db-init-1 Starting 
2026-08-28 14:54:57     Container t-coop-backend-db-init-1 Started 
2026-08-28 14:54:57     Container t-coop-backend-db-init-1 Waiting 
2026-08-28 14:54:58     Container t-coop-backend-db-init-1 Exited 
2026-08-28 14:54:59  ngrok is already running (PID 15708).
2026-08-28 14:54:59  === keep-alive check complete ===
2026-08-28 14:59:49  === keep-alive check starting ===
2026-08-28 14:59:50  Ensuring containers are up (docker compose up -d).
2026-08-28 14:59:51     Container t-coop-backend Running 
2026-08-28 14:59:51     Container t-coop-local-db Running 
2026-08-28 14:59:51     Container t-coop-local-db Waiting 
2026-08-28 14:59:51     Container t-coop-local-db Healthy 
2026-08-28 14:59:51     Container t-coop-backend-db-init-1 Starting 
2026-08-28 14:59:52     Container t-coop-backend-db-init-1 Started 
2026-08-28 14:59:52     Container t-coop-backend-db-init-1 Waiting 
2026-08-28 14:59:52     Container t-coop-backend-db-init-1 Exited 
2026-08-28 14:59:53  ngrok is already running (PID 15708).
2026-08-28 14:59:53  === keep-alive check complete ===
2026-08-28 15:04:47  === keep-alive check starting ===
2026-08-28 15:04:48  Ensuring containers are up (docker compose up -d).
2026-08-28 15:04:49     Container t-coop-local-db Running 
2026-08-28 15:04:49     Container t-coop-backend Running 
2026-08-28 15:04:49     Container t-coop-local-db Waiting 
2026-08-28 15:04:49     Container t-coop-local-db Healthy 
2026-08-28 15:04:49     Container t-coop-backend-db-init-1 Starting 
2026-08-28 15:04:49     Container t-coop-backend-db-init-1 Started 
2026-08-28 15:04:49     Container t-coop-backend-db-init-1 Waiting 
2026-08-28 15:04:50     Container t-coop-backend-db-init-1 Exited 
2026-08-28 15:04:51  ngrok is already running (PID 15708).
2026-08-28 15:04:51  === keep-alive check complete ===
2026-08-28 15:09:49  === keep-alive check starting ===
2026-08-28 15:09:51  Ensuring containers are up (docker compose up -d).
2026-08-28 15:09:52     Container t-coop-local-db Running 
2026-08-28 15:09:52     Container t-coop-backend Running 
2026-08-28 15:09:52     Container t-coop-local-db Waiting 
2026-08-28 15:09:52     Container t-coop-local-db Healthy 
2026-08-28 15:09:52     Container t-coop-backend-db-init-1 Starting 
2026-08-28 15:09:52     Container t-coop-backend-db-init-1 Started 
2026-08-28 15:09:52     Container t-coop-backend-db-init-1 Waiting 
2026-08-28 15:09:53     Container t-coop-backend-db-init-1 Exited 
2026-08-28 15:09:54  ngrok is already running (PID 15708).
2026-08-28 15:09:54  === keep-alive check complete ===
2026-08-28 15:14:49  === keep-alive check starting ===
2026-08-28 15:14:54  Ensuring containers are up (docker compose up -d).
2026-08-28 15:14:54     Container t-coop-backend Running 
2026-08-28 15:14:54     Container t-coop-local-db Running 
2026-08-28 15:14:54     Container t-coop-local-db Waiting 
2026-08-28 15:14:55     Container t-coop-local-db Healthy 
2026-08-28 15:14:55     Container t-coop-backend-db-init-1 Starting 
2026-08-28 15:14:55     Container t-coop-backend-db-init-1 Started 
2026-08-28 15:14:55     Container t-coop-backend-db-init-1 Waiting 
2026-08-28 15:14:55     Container t-coop-backend-db-init-1 Exited 
2026-08-28 15:14:56  ngrok is already running (PID 15708).
2026-08-28 15:14:56  === keep-alive check complete ===
2026-08-28 15:19:49  === keep-alive check starting ===
2026-08-28 15:19:53  Ensuring containers are up (docker compose up -d).
2026-08-28 15:19:53     Container t-coop-backend Running 
2026-08-28 15:19:53     Container t-coop-local-db Running 
2026-08-28 15:19:53     Container t-coop-local-db Waiting 
2026-08-28 15:19:54     Container t-coop-local-db Healthy 
2026-08-28 15:19:54     Container t-coop-backend-db-init-1 Starting 
2026-08-28 15:19:54     Container t-coop-backend-db-init-1 Started 
2026-08-28 15:19:54     Container t-coop-backend-db-init-1 Waiting 
2026-08-28 15:19:55     Container t-coop-backend-db-init-1 Exited 
2026-08-28 15:19:56  ngrok is already running (PID 15708).
2026-08-28 15:19:56  === keep-alive check complete ===
2026-08-28 15:25:42  === keep-alive check starting ===
2026-08-28 15:25:43  Ensuring containers are up (docker compose up -d).
2026-08-28 15:25:44     Container t-coop-backend Running 
2026-08-28 15:25:44     Container t-coop-local-db Running 
2026-08-28 15:25:44     Container t-coop-local-db Waiting 
2026-08-28 15:25:44     Container t-coop-local-db Healthy 
2026-08-28 15:25:44     Container t-coop-backend-db-init-1 Starting 
2026-08-28 15:25:45     Container t-coop-backend-db-init-1 Started 
2026-08-28 15:25:45     Container t-coop-backend-db-init-1 Waiting 
2026-08-28 15:25:45     Container t-coop-backend-db-init-1 Exited 
2026-08-28 15:25:46  ngrok is already running (PID 15708).
2026-08-28 15:25:46  === keep-alive check complete ===
2026-08-28 15:29:51  === keep-alive check starting ===
2026-08-28 15:29:53  Ensuring containers are up (docker compose up -d).
2026-08-28 15:29:54     Container t-coop-local-db Running 
2026-08-28 15:29:54     Container t-coop-backend Running 
2026-08-28 15:29:54     Container t-coop-local-db Waiting 
2026-08-28 15:29:54     Container t-coop-local-db Healthy 
2026-08-28 15:29:54     Container t-coop-backend-db-init-1 Starting 
2026-08-28 15:29:55     Container t-coop-backend-db-init-1 Started 
2026-08-28 15:29:55     Container t-coop-backend-db-init-1 Waiting 
2026-08-28 15:29:55     Container t-coop-backend-db-init-1 Exited 
2026-08-28 15:29:56  ngrok is already running (PID 15708).
2026-08-28 15:29:56  === keep-alive check complete ===
2026-08-28 15:34:50  === keep-alive check starting ===
2026-08-28 15:34:54  Ensuring containers are up (docker compose up -d).
2026-08-28 15:34:55     Container t-coop-backend Running 
2026-08-28 15:34:55     Container t-coop-local-db Running 
2026-08-28 15:34:55     Container t-coop-local-db Waiting 
2026-08-28 15:34:55     Container t-coop-local-db Healthy 
2026-08-28 15:34:55     Container t-coop-backend-db-init-1 Starting 
2026-08-28 15:34:56     Container t-coop-backend-db-init-1 Started 
2026-08-28 15:34:56     Container t-coop-backend-db-init-1 Waiting 
2026-08-28 15:34:56     Container t-coop-backend-db-init-1 Exited 
2026-08-28 15:34:57  ngrok is already running (PID 15708).
2026-08-28 15:34:57  === keep-alive check complete ===
2026-08-28 16:01:16  === keep-alive check starting ===
2026-08-28 16:01:23  Ensuring containers are up (docker compose up -d).
2026-08-28 16:01:24     Container t-coop-local-db Running 
2026-08-28 16:01:24     Container t-coop-backend Running 
2026-08-28 16:01:24     Container t-coop-local-db Waiting 
2026-08-28 16:01:24     Container t-coop-local-db Healthy 
2026-08-28 16:01:24     Container t-coop-backend-db-init-1 Starting 
2026-08-28 16:01:25     Container t-coop-backend-db-init-1 Started 
2026-08-28 16:01:25     Container t-coop-backend-db-init-1 Waiting 
2026-08-28 16:01:25     Container t-coop-backend-db-init-1 Exited 
2026-08-28 16:01:26  ngrok is already running (PID 15708).
2026-08-28 16:01:26  === keep-alive check complete ===
2026-08-28 16:16:21  === keep-alive check starting ===
2026-08-28 16:16:25  Ensuring containers are up (docker compose up -d).
2026-08-28 16:16:25     Container t-coop-backend Running 
2026-08-28 16:16:25     Container t-coop-local-db Running 
2026-08-28 16:16:25     Container t-coop-local-db Waiting 
2026-08-28 16:16:26     Container t-coop-local-db Healthy 
2026-08-28 16:16:26     Container t-coop-backend-db-init-1 Starting 
2026-08-28 16:16:26     Container t-coop-backend-db-init-1 Started 
2026-08-28 16:16:26     Container t-coop-backend-db-init-1 Waiting 
2026-08-28 16:16:26     Container t-coop-backend-db-init-1 Exited 
2026-08-28 16:16:27  ngrok is already running (PID 15708).
2026-08-28 16:16:27  === keep-alive check complete ===
2026-08-28 16:19:50  === keep-alive check starting ===
2026-08-28 16:20:05  Ensuring containers are up (docker compose up -d).
2026-08-28 16:20:05     Container t-coop-backend Running 
2026-08-28 16:20:05     Container t-coop-local-db Running 
2026-08-28 16:20:05     Container t-coop-local-db Waiting 
2026-08-28 16:20:05     Container t-coop-local-db Healthy 
2026-08-28 16:20:05     Container t-coop-backend-db-init-1 Starting 
2026-08-28 16:20:06     Container t-coop-backend-db-init-1 Started 
2026-08-28 16:20:06     Container t-coop-backend-db-init-1 Waiting 
2026-08-28 16:20:06     Container t-coop-backend-db-init-1 Exited 
2026-08-28 16:20:08  ngrok is already running (PID 15708).
2026-08-28 16:20:08  === keep-alive check complete ===
2026-08-28 16:24:50  === keep-alive check starting ===
2026-08-28 16:24:56  Ensuring containers are up (docker compose up -d).
2026-08-28 16:24:56     Container t-coop-backend Running 
2026-08-28 16:24:56     Container t-coop-local-db Running 
2026-08-28 16:24:56     Container t-coop-local-db Waiting 
2026-08-28 16:24:57     Container t-coop-local-db Healthy 
2026-08-28 16:24:57     Container t-coop-backend-db-init-1 Starting 
2026-08-28 16:24:57     Container t-coop-backend-db-init-1 Started 
2026-08-28 16:24:57     Container t-coop-backend-db-init-1 Waiting 
2026-08-28 16:24:58     Container t-coop-backend-db-init-1 Exited 
2026-08-28 16:24:59  ngrok is already running (PID 15708).
2026-08-28 16:24:59  === keep-alive check complete ===
2026-08-28 16:29:50  === keep-alive check starting ===
2026-08-28 16:29:53  Ensuring containers are up (docker compose up -d).
2026-08-28 16:29:54     Container t-coop-backend Running 
2026-08-28 16:29:54     Container t-coop-local-db Running 
2026-08-28 16:29:54     Container t-coop-local-db Waiting 
2026-08-28 16:29:54     Container t-coop-local-db Healthy 
2026-08-28 16:29:54     Container t-coop-backend-db-init-1 Starting 
2026-08-28 16:29:54     Container t-coop-backend-db-init-1 Started 
2026-08-28 16:29:54     Container t-coop-backend-db-init-1 Waiting 
2026-08-28 16:29:55     Container t-coop-backend-db-init-1 Exited 
2026-08-28 16:29:56  ngrok is already running (PID 15708).
2026-08-28 16:29:56  === keep-alive check complete ===
2026-08-28 16:34:46  === keep-alive check starting ===
2026-08-28 16:34:49  Ensuring containers are up (docker compose up -d).
2026-08-28 16:34:50     Container t-coop-backend Running 
2026-08-28 16:34:50     Container t-coop-local-db Running 
2026-08-28 16:34:50     Container t-coop-local-db Waiting 
2026-08-28 16:34:50     Container t-coop-local-db Healthy 
2026-08-28 16:34:50     Container t-coop-backend-db-init-1 Starting 
2026-08-28 16:34:50     Container t-coop-backend-db-init-1 Started 
2026-08-28 16:34:50     Container t-coop-backend-db-init-1 Waiting 
2026-08-28 16:34:51     Container t-coop-backend-db-init-1 Exited 
2026-08-28 16:34:51  ngrok is already running (PID 15708).
2026-08-28 16:34:51  === keep-alive check complete ===
2026-08-28 16:39:57  === keep-alive check starting ===
2026-08-28 16:40:04  Ensuring containers are up (docker compose up -d).
2026-08-28 16:40:04     Container t-coop-backend Running 
2026-08-28 16:40:04     Container t-coop-local-db Running 
2026-08-28 16:40:04     Container t-coop-local-db Waiting 
2026-08-28 16:40:05     Container t-coop-local-db Healthy 
2026-08-28 16:40:05     Container t-coop-backend-db-init-1 Starting 
2026-08-28 16:40:06     Container t-coop-backend-db-init-1 Started 
2026-08-28 16:40:06     Container t-coop-backend-db-init-1 Waiting 
2026-08-28 16:40:07     Container t-coop-backend-db-init-1 Exited 
2026-08-28 16:40:08  ngrok is already running (PID 15708).
2026-08-28 16:40:08  === keep-alive check complete ===
2026-08-28 16:44:49  === keep-alive check starting ===
2026-08-28 16:44:53  Ensuring containers are up (docker compose up -d).
2026-08-28 16:44:54     Container t-coop-backend Running 
2026-08-28 16:44:54     Container t-coop-local-db Running 
2026-08-28 16:44:54     Container t-coop-local-db Waiting 
2026-08-28 16:44:54     Container t-coop-local-db Healthy 
2026-08-28 16:44:54     Container t-coop-backend-db-init-1 Starting 
2026-08-28 16:44:54     Container t-coop-backend-db-init-1 Started 
2026-08-28 16:44:54     Container t-coop-backend-db-init-1 Waiting 
2026-08-28 16:44:55     Container t-coop-backend-db-init-1 Exited 
2026-08-28 16:44:55  ngrok is already running (PID 15708).
2026-08-28 16:44:55  === keep-alive check complete ===
2026-08-28 16:49:49  === keep-alive check starting ===
2026-08-28 16:49:52  Ensuring containers are up (docker compose up -d).
2026-08-28 16:49:52     Container t-coop-local-db Running 
2026-08-28 16:49:52     Container t-coop-backend Running 
2026-08-28 16:49:52     Container t-coop-local-db Waiting 
2026-08-28 16:49:53     Container t-coop-local-db Healthy 
2026-08-28 16:49:53     Container t-coop-backend-db-init-1 Starting 
2026-08-28 16:49:53     Container t-coop-backend-db-init-1 Started 
2026-08-28 16:49:53     Container t-coop-backend-db-init-1 Waiting 
2026-08-28 16:49:53     Container t-coop-backend-db-init-1 Exited 
2026-08-28 16:49:54  ngrok is already running (PID 15708).
2026-08-28 16:49:54  === keep-alive check complete ===
2026-08-28 16:54:55  === keep-alive check starting ===
2026-08-28 16:54:56  Ensuring containers are up (docker compose up -d).
2026-08-28 16:54:57     Container t-coop-backend Running 
2026-08-28 16:54:57     Container t-coop-local-db Running 
2026-08-28 16:54:57     Container t-coop-local-db Waiting 
2026-08-28 16:54:57     Container t-coop-local-db Healthy 
2026-08-28 16:54:57     Container t-coop-backend-db-init-1 Starting 
2026-08-28 16:54:57     Container t-coop-backend-db-init-1 Started 
2026-08-28 16:54:57     Container t-coop-backend-db-init-1 Waiting 
2026-08-28 16:54:58     Container t-coop-backend-db-init-1 Exited 
2026-08-28 16:54:58  ngrok is already running (PID 15708).
2026-08-28 16:54:58  === keep-alive check complete ===
2026-08-28 16:59:48  === keep-alive check starting ===
2026-08-28 16:59:49  Ensuring containers are up (docker compose up -d).
2026-08-28 16:59:50     Container t-coop-local-db Running 
2026-08-28 16:59:50     Container t-coop-backend Running 
2026-08-28 16:59:50     Container t-coop-local-db Waiting 
2026-08-28 16:59:50     Container t-coop-local-db Healthy 
2026-08-28 16:59:50     Container t-coop-backend-db-init-1 Starting 
2026-08-28 16:59:50     Container t-coop-backend-db-init-1 Started 
2026-08-28 16:59:50     Container t-coop-backend-db-init-1 Waiting 
2026-08-28 16:59:51     Container t-coop-backend-db-init-1 Exited 
2026-08-28 16:59:51  ngrok is already running (PID 15708).
2026-08-28 16:59:51  === keep-alive check complete ===
2026-08-28 17:04:49  === keep-alive check starting ===
2026-08-28 17:04:50  Ensuring containers are up (docker compose up -d).
2026-08-28 17:04:50     Container t-coop-local-db Running 
2026-08-28 17:04:50     Container t-coop-backend Recreate 
2026-08-28 17:04:52     Container t-coop-backend Recreated 
2026-08-28 17:04:52     Container t-coop-local-db Waiting 
2026-08-28 17:04:52     Container t-coop-local-db Healthy 
2026-08-28 17:04:52     Container t-coop-backend-db-init-1 Starting 
2026-08-28 17:04:53     Container t-coop-backend-db-init-1 Started 
2026-08-28 17:04:53     Container t-coop-backend-db-init-1 Waiting 
2026-08-28 17:04:53     Container t-coop-backend-db-init-1 Exited 
2026-08-28 17:04:53     Container t-coop-backend Starting 
2026-08-28 17:04:53     Container t-coop-backend Started 
2026-08-28 17:04:54  ngrok is already running (PID 15708).
2026-08-28 17:04:54  === keep-alive check complete ===
2026-08-28 17:09:49  === keep-alive check starting ===
2026-08-28 17:09:52  Ensuring containers are up (docker compose up -d).
2026-08-28 17:09:52     Container t-coop-backend Running 
2026-08-28 17:09:52     Container t-coop-local-db Running 
2026-08-28 17:09:52     Container t-coop-local-db Waiting 
2026-08-28 17:09:52     Container t-coop-local-db Healthy 
2026-08-28 17:09:52     Container t-coop-backend-db-init-1 Starting 
2026-08-28 17:09:52     Container t-coop-backend-db-init-1 Started 
2026-08-28 17:09:53     Container t-coop-backend-db-init-1 Waiting 
2026-08-28 17:09:53     Container t-coop-backend-db-init-1 Exited 
2026-08-28 17:09:54  ngrok is already running (PID 15708).
2026-08-28 17:09:54  === keep-alive check complete ===
2026-08-28 17:14:46  === keep-alive check starting ===
2026-08-28 17:14:48  Ensuring containers are up (docker compose up -d).
2026-08-28 17:14:48     Container t-coop-backend Running 
2026-08-28 17:14:48     Container t-coop-local-db Running 
2026-08-28 17:14:48     Container t-coop-local-db Waiting 
2026-08-28 17:14:48     Container t-coop-local-db Healthy 
2026-08-28 17:14:48     Container t-coop-backend-db-init-1 Starting 
2026-08-28 17:14:49     Container t-coop-backend-db-init-1 Started 
2026-08-28 17:14:49     Container t-coop-backend-db-init-1 Waiting 
2026-08-28 17:14:49     Container t-coop-backend-db-init-1 Exited 
2026-08-28 17:14:50  ngrok is already running (PID 15708).
2026-08-28 17:14:50  === keep-alive check complete ===
2026-08-28 17:19:48  === keep-alive check starting ===
2026-08-28 17:19:51  Ensuring containers are up (docker compose up -d).
2026-08-28 17:19:51     Container t-coop-backend Running 
2026-08-28 17:19:51     Container t-coop-local-db Running 
2026-08-28 17:19:51     Container t-coop-local-db Waiting 
2026-08-28 17:19:52     Container t-coop-local-db Healthy 
2026-08-28 17:19:52     Container t-coop-backend-db-init-1 Starting 
2026-08-28 17:19:52     Container t-coop-backend-db-init-1 Started 
2026-08-28 17:19:52     Container t-coop-backend-db-init-1 Waiting 
2026-08-28 17:19:52     Container t-coop-backend-db-init-1 Exited 
2026-08-28 17:19:53  ngrok is already running (PID 15708).
2026-08-28 17:19:53  === keep-alive check complete ===
2026-08-28 17:24:58  === keep-alive check starting ===
2026-08-28 17:25:06  Ensuring containers are up (docker compose up -d).
2026-08-28 17:25:06     Container t-coop-backend Running 
2026-08-28 17:25:06     Container t-coop-local-db Running 
2026-08-28 17:25:06     Container t-coop-local-db Waiting 
2026-08-28 17:25:07     Container t-coop-local-db Healthy 
2026-08-28 17:25:07     Container t-coop-backend-db-init-1 Starting 
2026-08-28 17:25:07     Container t-coop-backend-db-init-1 Started 
2026-08-28 17:25:07     Container t-coop-backend-db-init-1 Waiting 
2026-08-28 17:25:07     Container t-coop-backend-db-init-1 Exited 
2026-08-28 17:25:08  ngrok is already running (PID 15708).
2026-08-28 17:25:08  === keep-alive check complete ===
2026-08-28 17:29:51  === keep-alive check starting ===
2026-08-28 17:29:52  Ensuring containers are up (docker compose up -d).
2026-08-28 17:29:53     Container t-coop-local-db Running 
2026-08-28 17:29:53     Container t-coop-backend Running 
2026-08-28 17:29:53     Container t-coop-local-db Waiting 
2026-08-28 17:29:53     Container t-coop-local-db Healthy 
2026-08-28 17:29:53     Container t-coop-backend-db-init-1 Starting 
2026-08-28 17:29:53     Container t-coop-backend-db-init-1 Started 
2026-08-28 17:29:53     Container t-coop-backend-db-init-1 Waiting 
2026-08-28 17:29:54     Container t-coop-backend-db-init-1 Exited 
2026-08-28 17:29:54  ngrok is already running (PID 15708).
2026-08-28 17:29:54  === keep-alive check complete ===
2026-08-28 17:34:48  === keep-alive check starting ===
2026-08-28 17:34:50  Ensuring containers are up (docker compose up -d).
2026-08-28 17:34:50     Container t-coop-backend Running 
2026-08-28 17:34:50     Container t-coop-local-db Running 
2026-08-28 17:34:50     Container t-coop-local-db Waiting 
2026-08-28 17:34:50     Container t-coop-local-db Healthy 
2026-08-28 17:34:50     Container t-coop-backend-db-init-1 Starting 
2026-08-28 17:34:50     Container t-coop-backend-db-init-1 Started 
2026-08-28 17:34:50     Container t-coop-backend-db-init-1 Waiting 
2026-08-28 17:34:51     Container t-coop-backend-db-init-1 Exited 
2026-08-28 17:34:51  ngrok is already running (PID 15708).
2026-08-28 17:34:51  === keep-alive check complete ===
2026-08-28 17:39:47  === keep-alive check starting ===
2026-08-28 17:39:50  Ensuring containers are up (docker compose up -d).
2026-08-28 17:39:50     Container t-coop-backend Running 
2026-08-28 17:39:50     Container t-coop-local-db Running 
2026-08-28 17:39:50     Container t-coop-local-db Waiting 
2026-08-28 17:39:51     Container t-coop-local-db Healthy 
2026-08-28 17:39:51     Container t-coop-backend-db-init-1 Starting 
2026-08-28 17:39:51     Container t-coop-backend-db-init-1 Started 
2026-08-28 17:39:51     Container t-coop-backend-db-init-1 Waiting 
2026-08-28 17:39:51     Container t-coop-backend-db-init-1 Exited 
2026-08-28 17:39:52  ngrok is already running (PID 15708).
2026-08-28 17:39:52  === keep-alive check complete ===
2026-08-28 17:44:56  === keep-alive check starting ===
2026-08-28 17:44:59  Ensuring containers are up (docker compose up -d).
2026-08-28 17:44:59     Container t-coop-backend Running 
2026-08-28 17:44:59     Container t-coop-local-db Running 
2026-08-28 17:44:59     Container t-coop-local-db Waiting 
2026-08-28 17:45:00     Container t-coop-local-db Healthy 
2026-08-28 17:45:00     Container t-coop-backend-db-init-1 Starting 
2026-08-28 17:45:00     Container t-coop-backend-db-init-1 Started 
2026-08-28 17:45:00     Container t-coop-backend-db-init-1 Waiting 
2026-08-28 17:45:01     Container t-coop-backend-db-init-1 Exited 
2026-08-28 17:45:01  ngrok is already running (PID 15708).
2026-08-28 17:45:01  === keep-alive check complete ===
2026-08-28 17:49:56  === keep-alive check starting ===
2026-08-28 17:49:59  Ensuring containers are up (docker compose up -d).
2026-08-28 17:50:00     Container t-coop-local-db Running 
2026-08-28 17:50:00     Container t-coop-backend Running 
2026-08-28 17:50:00     Container t-coop-local-db Waiting 
2026-08-28 17:50:00     Container t-coop-local-db Healthy 
2026-08-28 17:50:00     Container t-coop-backend-db-init-1 Starting 
2026-08-28 17:50:01     Container t-coop-backend-db-init-1 Started 
2026-08-28 17:50:01     Container t-coop-backend-db-init-1 Waiting 
2026-08-28 17:50:01     Container t-coop-backend-db-init-1 Exited 
2026-08-28 17:50:02  ngrok is already running (PID 15708).
2026-08-28 17:50:02  === keep-alive check complete ===
2026-08-28 17:54:49  === keep-alive check starting ===
2026-08-28 17:54:53  Ensuring containers are up (docker compose up -d).
2026-08-28 17:54:53     Container t-coop-local-db Running 
2026-08-28 17:54:53     Container t-coop-backend Recreate 
2026-08-28 17:54:54     Container t-coop-backend Recreated 
2026-08-28 17:54:54     Container t-coop-local-db Waiting 
2026-08-28 17:54:55     Container t-coop-local-db Healthy 
2026-08-28 17:54:55     Container t-coop-backend-db-init-1 Starting 
2026-08-28 17:54:55     Container t-coop-backend-db-init-1 Started 
2026-08-28 17:54:55     Container t-coop-backend-db-init-1 Waiting 
2026-08-28 17:54:55     Container t-coop-backend-db-init-1 Exited 
2026-08-28 17:54:55     Container t-coop-backend Starting 
2026-08-28 17:54:56     Container t-coop-backend Started 
2026-08-28 17:54:56  ngrok is already running (PID 15708).
2026-08-28 17:54:56  === keep-alive check complete ===
2026-08-28 17:59:49  === keep-alive check starting ===
2026-08-28 17:59:53  Ensuring containers are up (docker compose up -d).
2026-08-28 17:59:53     Container t-coop-backend Running 
2026-08-28 17:59:53     Container t-coop-local-db Running 
2026-08-28 17:59:53     Container t-coop-local-db Waiting 
2026-08-28 17:59:53     Container t-coop-local-db Healthy 
2026-08-28 17:59:53     Container t-coop-backend-db-init-1 Starting 
2026-08-28 17:59:54     Container t-coop-backend-db-init-1 Started 
2026-08-28 17:59:54     Container t-coop-backend-db-init-1 Waiting 
2026-08-28 17:59:54     Container t-coop-backend-db-init-1 Exited 
2026-08-28 17:59:55  ngrok is already running (PID 15708).
2026-08-28 17:59:55  === keep-alive check complete ===
2026-08-28 18:04:50  === keep-alive check starting ===
2026-08-28 18:04:54  Ensuring containers are up (docker compose up -d).
2026-08-28 18:04:54     Container t-coop-backend Running 
2026-08-28 18:04:54     Container t-coop-local-db Running 
2026-08-28 18:04:54     Container t-coop-local-db Waiting 
2026-08-28 18:04:55     Container t-coop-local-db Healthy 
2026-08-28 18:04:55     Container t-coop-backend-db-init-1 Starting 
2026-08-28 18:04:55     Container t-coop-backend-db-init-1 Started 
2026-08-28 18:04:55     Container t-coop-backend-db-init-1 Waiting 
2026-08-28 18:04:56     Container t-coop-backend-db-init-1 Exited 
2026-08-28 18:04:56  ngrok is already running (PID 15708).
2026-08-28 18:04:56  === keep-alive check complete ===
2026-08-28 18:09:49  === keep-alive check starting ===
2026-08-28 18:09:58  Ensuring containers are up (docker compose up -d).
2026-08-28 18:09:59     Container t-coop-backend Running 
2026-08-28 18:09:59     Container t-coop-local-db Running 
2026-08-28 18:09:59     Container t-coop-local-db Waiting 
2026-08-28 18:09:59     Container t-coop-local-db Healthy 
2026-08-28 18:09:59     Container t-coop-backend-db-init-1 Starting 
2026-08-28 18:10:00     Container t-coop-backend-db-init-1 Started 
2026-08-28 18:10:00     Container t-coop-backend-db-init-1 Waiting 
2026-08-28 18:10:00     Container t-coop-backend-db-init-1 Exited 
2026-08-28 18:10:02  ngrok is already running (PID 15708).
2026-08-28 18:10:02  === keep-alive check complete ===
2026-08-29 06:15:09  === keep-alive check starting ===
2026-08-29 06:15:14  Docker Desktop not running - launching it.
2026-08-29 06:15:29  Docker engine is ready.
2026-08-29 06:15:35  Ensuring containers are up (docker compose up -d).
2026-08-29 06:15:36     Container t-coop-backend Running 
2026-08-29 06:15:36     Container t-coop-local-db Starting 
2026-08-29 06:15:37     Container t-coop-local-db Started 
2026-08-29 06:15:37     Container t-coop-local-db Waiting 
2026-08-29 06:15:47     Container t-coop-local-db Healthy 
2026-08-29 06:15:47     Container t-coop-backend-db-init-1 Starting 
2026-08-29 06:15:48     Container t-coop-backend-db-init-1 Started 
2026-08-29 06:15:48     Container t-coop-backend-db-init-1 Waiting 
2026-08-29 06:15:48     Container t-coop-backend-db-init-1 Exited 
2026-08-29 06:15:50  ngrok is not running - starting tunnel on hamster-probiotic-compile.ngrok-free.dev.
2026-08-29 06:15:50  === keep-alive check complete ===
2026-08-29 06:20:54  === keep-alive check starting ===
2026-08-29 06:21:03  Ensuring containers are up (docker compose up -d).
2026-08-29 06:21:03     Container t-coop-backend Running 
2026-08-29 06:21:03     Container t-coop-local-db Running 
2026-08-29 06:21:03     Container t-coop-local-db Waiting 
2026-08-29 06:21:04     Container t-coop-local-db Healthy 
2026-08-29 06:21:04     Container t-coop-backend-db-init-1 Starting 
2026-08-29 06:21:04     Container t-coop-backend-db-init-1 Started 
2026-08-29 06:21:04     Container t-coop-backend-db-init-1 Waiting 
2026-08-29 06:21:05     Container t-coop-backend-db-init-1 Exited 
2026-08-29 06:21:06  ngrok is already running (PID 28888).
2026-08-29 06:21:06  === keep-alive check complete ===
2026-08-29 06:24:47  === keep-alive check starting ===
2026-08-29 06:24:50  Ensuring containers are up (docker compose up -d).
2026-08-29 06:24:50     Container t-coop-local-db Running 
2026-08-29 06:24:50     Container t-coop-backend Running 
2026-08-29 06:24:50     Container t-coop-local-db Waiting 
2026-08-29 06:24:50     Container t-coop-local-db Healthy 
2026-08-29 06:24:50     Container t-coop-backend-db-init-1 Starting 
2026-08-29 06:24:51     Container t-coop-backend-db-init-1 Started 
2026-08-29 06:24:51     Container t-coop-backend-db-init-1 Waiting 
2026-08-29 06:24:51     Container t-coop-backend-db-init-1 Exited 
2026-08-29 06:24:52  ngrok is already running (PID 28888).
2026-08-29 06:24:52  === keep-alive check complete ===
2026-08-29 06:29:47  === keep-alive check starting ===
2026-08-29 06:29:51  Ensuring containers are up (docker compose up -d).
2026-08-29 06:29:51     Container t-coop-local-db Running 
2026-08-29 06:29:51     Container t-coop-backend Recreate 
2026-08-29 06:29:53     Container t-coop-backend Recreated 
2026-08-29 06:29:53     Container t-coop-local-db Waiting 
2026-08-29 06:29:53     Container t-coop-local-db Healthy 
2026-08-29 06:29:53     Container t-coop-backend-db-init-1 Starting 
2026-08-29 06:29:53     Container t-coop-backend-db-init-1 Started 
2026-08-29 06:29:53     Container t-coop-backend-db-init-1 Waiting 
2026-08-29 06:29:54     Container t-coop-backend-db-init-1 Exited 
2026-08-29 06:29:54     Container t-coop-backend Starting 
2026-08-29 06:29:54     Container t-coop-backend Started 
2026-08-29 06:29:56  ngrok is already running (PID 28888).
2026-08-29 06:29:56  === keep-alive check complete ===
2026-08-29 06:34:47  === keep-alive check starting ===
2026-08-29 06:34:51  Ensuring containers are up (docker compose up -d).
2026-08-29 06:34:51     Container t-coop-local-db Running 
2026-08-29 06:34:51     Container t-coop-backend Running 
2026-08-29 06:34:51     Container t-coop-local-db Waiting 
2026-08-29 06:34:51     Container t-coop-local-db Healthy 
2026-08-29 06:34:51     Container t-coop-backend-db-init-1 Starting 
2026-08-29 06:34:52     Container t-coop-backend-db-init-1 Started 
2026-08-29 06:34:52     Container t-coop-backend-db-init-1 Waiting 
2026-08-29 06:34:52     Container t-coop-backend-db-init-1 Exited 
2026-08-29 06:34:53  ngrok is already running (PID 28888).
2026-08-29 06:34:53  === keep-alive check complete ===
2026-08-29 06:39:47  === keep-alive check starting ===
2026-08-29 06:39:49  Ensuring containers are up (docker compose up -d).
2026-08-29 06:39:50     Container t-coop-backend Running 
2026-08-29 06:39:50     Container t-coop-local-db Running 
2026-08-29 06:39:50     Container t-coop-local-db Waiting 
2026-08-29 06:39:50     Container t-coop-local-db Healthy 
2026-08-29 06:39:50     Container t-coop-backend-db-init-1 Starting 
2026-08-29 06:39:50     Container t-coop-backend-db-init-1 Started 
2026-08-29 06:39:50     Container t-coop-backend-db-init-1 Waiting 
2026-08-29 06:39:51     Container t-coop-backend-db-init-1 Exited 
2026-08-29 06:39:51  ngrok is already running (PID 28888).
2026-08-29 06:39:51  === keep-alive check complete ===
2026-08-29 06:44:50  === keep-alive check starting ===
2026-08-29 06:45:16  Ensuring containers are up (docker compose up -d).
2026-08-29 06:45:18     Container t-coop-backend Running 
2026-08-29 06:45:18     Container t-coop-local-db Running 
2026-08-29 06:45:18     Container t-coop-local-db Waiting 
2026-08-29 06:45:18     Container t-coop-local-db Healthy 
2026-08-29 06:45:18     Container t-coop-backend-db-init-1 Starting 
2026-08-29 06:45:20     Container t-coop-backend-db-init-1 Started 
2026-08-29 06:45:20     Container t-coop-backend-db-init-1 Waiting 
2026-08-29 06:45:20     Container t-coop-backend-db-init-1 Exited 
2026-08-29 06:45:22  ngrok is already running (PID 28888).
2026-08-29 06:45:22  === keep-alive check complete ===
2026-08-29 06:49:47  === keep-alive check starting ===
2026-08-29 06:49:52  Ensuring containers are up (docker compose up -d).
2026-08-29 06:49:53     Container t-coop-local-db Running 
2026-08-29 06:49:53     Container t-coop-backend Running 
2026-08-29 06:49:53     Container t-coop-local-db Waiting 
2026-08-29 06:49:53     Container t-coop-local-db Healthy 
2026-08-29 06:49:53     Container t-coop-backend-db-init-1 Starting 
2026-08-29 06:49:54     Container t-coop-backend-db-init-1 Started 
2026-08-29 06:49:54     Container t-coop-backend-db-init-1 Waiting 
2026-08-29 06:49:54     Container t-coop-backend-db-init-1 Exited 
2026-08-29 06:49:55  ngrok is already running (PID 28888).
2026-08-29 06:49:55  === keep-alive check complete ===
2026-08-29 06:54:47  === keep-alive check starting ===
2026-08-29 06:54:55  Ensuring containers are up (docker compose up -d).
2026-08-29 06:54:56     Container t-coop-backend Running 
2026-08-29 06:54:56     Container t-coop-local-db Running 
2026-08-29 06:54:56     Container t-coop-local-db Waiting 
2026-08-29 06:54:56     Container t-coop-local-db Healthy 
2026-08-29 06:54:56     Container t-coop-backend-db-init-1 Starting 
2026-08-29 06:54:57     Container t-coop-backend-db-init-1 Started 
2026-08-29 06:54:57     Container t-coop-backend-db-init-1 Waiting 
2026-08-29 06:54:57     Container t-coop-backend-db-init-1 Exited 
2026-08-29 06:54:58  ngrok is already running (PID 28888).
2026-08-29 06:54:58  === keep-alive check complete ===
2026-08-29 06:59:47  === keep-alive check starting ===
2026-08-29 06:59:51  Ensuring containers are up (docker compose up -d).
2026-08-29 06:59:51     Container t-coop-local-db Running 
2026-08-29 06:59:51     Container t-coop-backend Running 
2026-08-29 06:59:51     Container t-coop-local-db Waiting 
2026-08-29 06:59:52     Container t-coop-local-db Healthy 
2026-08-29 06:59:52     Container t-coop-backend-db-init-1 Starting 
2026-08-29 06:59:53     Container t-coop-backend-db-init-1 Started 
2026-08-29 06:59:53     Container t-coop-backend-db-init-1 Waiting 
2026-08-29 06:59:54     Container t-coop-backend-db-init-1 Exited 
2026-08-29 06:59:54  ngrok is already running (PID 28888).
2026-08-29 06:59:54  === keep-alive check complete ===
2026-08-29 07:04:47  === keep-alive check starting ===
2026-08-29 07:04:50  Ensuring containers are up (docker compose up -d).
2026-08-29 07:04:51     Container t-coop-local-db Running 
2026-08-29 07:04:51     Container t-coop-backend Running 
2026-08-29 07:04:51     Container t-coop-local-db Waiting 
2026-08-29 07:04:51     Container t-coop-local-db Healthy 
2026-08-29 07:04:51     Container t-coop-backend-db-init-1 Starting 
2026-08-29 07:04:51     Container t-coop-backend-db-init-1 Started 
2026-08-29 07:04:51     Container t-coop-backend-db-init-1 Waiting 
2026-08-29 07:04:52     Container t-coop-backend-db-init-1 Exited 
2026-08-29 07:04:52  ngrok is already running (PID 28888).
2026-08-29 07:04:52  === keep-alive check complete ===
2026-08-29 07:09:48  === keep-alive check starting ===
2026-08-29 07:09:52  Ensuring containers are up (docker compose up -d).
2026-08-29 07:09:52     Container t-coop-local-db Running 
2026-08-29 07:09:52     Container t-coop-backend Recreate 
2026-08-29 07:09:53     Container t-coop-backend Recreated 
2026-08-29 07:09:53     Container t-coop-local-db Waiting 
2026-08-29 07:09:53     Container t-coop-local-db Healthy 
2026-08-29 07:09:53     Container t-coop-backend-db-init-1 Starting 
2026-08-29 07:09:53     Container t-coop-backend-db-init-1 Started 
2026-08-29 07:09:53     Container t-coop-backend-db-init-1 Waiting 
2026-08-29 07:09:54     Container t-coop-backend-db-init-1 Exited 
2026-08-29 07:09:54     Container t-coop-backend Starting 
2026-08-29 07:09:54     Container t-coop-backend Started 
2026-08-29 07:09:55  ngrok is already running (PID 28888).
2026-08-29 07:09:55  === keep-alive check complete ===
2026-08-29 07:14:47  === keep-alive check starting ===
2026-08-29 07:14:55  Ensuring containers are up (docker compose up -d).
2026-08-29 07:14:56     Container t-coop-local-db Running 
2026-08-29 07:14:56     Container t-coop-backend Running 
2026-08-29 07:14:56     Container t-coop-local-db Waiting 
2026-08-29 07:14:56     Container t-coop-local-db Healthy 
2026-08-29 07:14:56     Container t-coop-backend-db-init-1 Starting 
2026-08-29 07:14:56     Container t-coop-backend-db-init-1 Started 
2026-08-29 07:14:56     Container t-coop-backend-db-init-1 Waiting 
2026-08-29 07:14:57     Container t-coop-backend-db-init-1 Exited 
2026-08-29 07:14:58  ngrok is already running (PID 28888).
2026-08-29 07:14:58  === keep-alive check complete ===
2026-08-29 07:19:47  === keep-alive check starting ===
2026-08-29 07:19:51  Ensuring containers are up (docker compose up -d).
2026-08-29 07:19:51     Container t-coop-local-db Running 
2026-08-29 07:19:51     Container t-coop-backend Running 
2026-08-29 07:19:51     Container t-coop-local-db Waiting 
2026-08-29 07:19:52     Container t-coop-local-db Healthy 
2026-08-29 07:19:52     Container t-coop-backend-db-init-1 Starting 
2026-08-29 07:19:52     Container t-coop-backend-db-init-1 Started 
2026-08-29 07:19:52     Container t-coop-backend-db-init-1 Waiting 
2026-08-29 07:19:53     Container t-coop-backend-db-init-1 Exited 
2026-08-29 07:19:53  ngrok is already running (PID 28888).
2026-08-29 07:19:53  === keep-alive check complete ===
2026-08-29 07:24:47  === keep-alive check starting ===
2026-08-29 07:24:50  Ensuring containers are up (docker compose up -d).
2026-08-29 07:24:50     Container t-coop-backend Running 
2026-08-29 07:24:50     Container t-coop-local-db Running 
2026-08-29 07:24:50     Container t-coop-local-db Waiting 
2026-08-29 07:24:51     Container t-coop-local-db Healthy 
2026-08-29 07:24:51     Container t-coop-backend-db-init-1 Starting 
2026-08-29 07:24:51     Container t-coop-backend-db-init-1 Started 
2026-08-29 07:24:51     Container t-coop-backend-db-init-1 Waiting 
2026-08-29 07:24:52     Container t-coop-backend-db-init-1 Exited 
2026-08-29 07:24:52  ngrok is already running (PID 28888).
2026-08-29 07:24:52  === keep-alive check complete ===
2026-08-29 07:29:47  === keep-alive check starting ===
2026-08-29 07:29:50  Ensuring containers are up (docker compose up -d).
2026-08-29 07:29:50     Container t-coop-local-db Running 
2026-08-29 07:29:50     Container t-coop-backend Recreate 
2026-08-29 07:29:51     Container t-coop-backend Recreated 
2026-08-29 07:29:51     Container t-coop-local-db Waiting 
2026-08-29 07:29:52     Container t-coop-local-db Healthy 
2026-08-29 07:29:52     Container t-coop-backend-db-init-1 Starting 
2026-08-29 07:29:52     Container t-coop-backend-db-init-1 Started 
2026-08-29 07:29:52     Container t-coop-backend-db-init-1 Waiting 
2026-08-29 07:29:52     Container t-coop-backend-db-init-1 Exited 
2026-08-29 07:29:52     Container t-coop-backend Starting 
2026-08-29 07:29:52     Container t-coop-backend Started 
2026-08-29 07:29:53  ngrok is already running (PID 28888).
2026-08-29 07:29:53  === keep-alive check complete ===
2026-08-29 07:34:47  === keep-alive check starting ===
2026-08-29 07:34:49  Ensuring containers are up (docker compose up -d).
2026-08-29 07:34:49     Container t-coop-backend Running 
2026-08-29 07:34:49     Container t-coop-local-db Running 
2026-08-29 07:34:49     Container t-coop-local-db Waiting 
2026-08-29 07:34:49     Container t-coop-local-db Healthy 
2026-08-29 07:34:49     Container t-coop-backend-db-init-1 Starting 
2026-08-29 07:34:50     Container t-coop-backend-db-init-1 Started 
2026-08-29 07:34:50     Container t-coop-backend-db-init-1 Waiting 
2026-08-29 07:34:50     Container t-coop-backend-db-init-1 Exited 
2026-08-29 07:34:51  ngrok is already running (PID 28888).
2026-08-29 07:34:51  === keep-alive check complete ===
2026-08-29 07:39:48  === keep-alive check starting ===
2026-08-29 07:39:54  Ensuring containers are up (docker compose up -d).
2026-08-29 07:39:55     Container t-coop-local-db Running 
2026-08-29 07:39:55     Container t-coop-backend Running 
2026-08-29 07:39:55     Container t-coop-local-db Waiting 
2026-08-29 07:39:55     Container t-coop-local-db Healthy 
2026-08-29 07:39:55     Container t-coop-backend-db-init-1 Starting 
2026-08-29 07:39:56     Container t-coop-backend-db-init-1 Started 
2026-08-29 07:39:56     Container t-coop-backend-db-init-1 Waiting 
2026-08-29 07:39:56     Container t-coop-backend-db-init-1 Exited 
2026-08-29 07:39:56  ngrok is already running (PID 28888).
2026-08-29 07:39:57  === keep-alive check complete ===
2026-08-29 07:44:53  === keep-alive check starting ===
2026-08-29 07:44:56  Ensuring containers are up (docker compose up -d).
2026-08-29 07:44:56     Container t-coop-backend Running 
2026-08-29 07:44:56     Container t-coop-local-db Running 
2026-08-29 07:44:56     Container t-coop-local-db Waiting 
2026-08-29 07:44:57     Container t-coop-local-db Healthy 
2026-08-29 07:44:57     Container t-coop-backend-db-init-1 Starting 
2026-08-29 07:44:57     Container t-coop-backend-db-init-1 Started 
2026-08-29 07:44:57     Container t-coop-backend-db-init-1 Waiting 
2026-08-29 07:44:58     Container t-coop-backend-db-init-1 Exited 
2026-08-29 07:44:58  ngrok is already running (PID 28888).
2026-08-29 07:44:58  === keep-alive check complete ===
2026-08-29 07:50:05  === keep-alive check starting ===
2026-08-29 07:50:08  Ensuring containers are up (docker compose up -d).
2026-08-29 07:50:09     Container t-coop-backend Running 
2026-08-29 07:50:09     Container t-coop-local-db Running 
2026-08-29 07:50:09     Container t-coop-local-db Waiting 
2026-08-29 07:50:10     Container t-coop-local-db Healthy 
2026-08-29 07:50:10     Container t-coop-backend-db-init-1 Starting 
2026-08-29 07:50:10     Container t-coop-backend-db-init-1 Started 
2026-08-29 07:50:10     Container t-coop-backend-db-init-1 Waiting 
2026-08-29 07:50:10     Container t-coop-backend-db-init-1 Exited 
2026-08-29 07:50:11  ngrok is already running (PID 28888).
2026-08-29 07:50:11  === keep-alive check complete ===
2026-08-29 07:59:54  === keep-alive check starting ===
2026-08-29 07:59:59  Ensuring containers are up (docker compose up -d).
2026-08-29 07:59:59     Container t-coop-backend Running 
2026-08-29 07:59:59     Container t-coop-local-db Running 
2026-08-29 07:59:59     Container t-coop-local-db Waiting 
2026-08-29 08:00:00     Container t-coop-local-db Healthy 
2026-08-29 08:00:00     Container t-coop-backend-db-init-1 Starting 
2026-08-29 08:00:00     Container t-coop-backend-db-init-1 Started 
2026-08-29 08:00:00     Container t-coop-backend-db-init-1 Waiting 
2026-08-29 08:00:01     Container t-coop-backend-db-init-1 Exited 
2026-08-29 08:00:01  ngrok is already running (PID 28888).
2026-08-29 08:00:01  === keep-alive check complete ===
2026-08-29 08:04:58  === keep-alive check starting ===
2026-08-29 08:05:02  Ensuring containers are up (docker compose up -d).
2026-08-29 08:05:02     Container t-coop-backend Running 
2026-08-29 08:05:02     Container t-coop-local-db Running 
2026-08-29 08:05:02     Container t-coop-local-db Waiting 
2026-08-29 08:05:03     Container t-coop-local-db Healthy 
2026-08-29 08:05:03     Container t-coop-backend-db-init-1 Starting 
2026-08-29 08:05:03     Container t-coop-backend-db-init-1 Started 
2026-08-29 08:05:03     Container t-coop-backend-db-init-1 Waiting 
2026-08-29 08:05:04     Container t-coop-backend-db-init-1 Exited 
2026-08-29 08:05:04  ngrok is already running (PID 28888).
2026-08-29 08:05:04  === keep-alive check complete ===
2026-08-29 08:09:54  === keep-alive check starting ===
2026-08-29 08:09:57  Ensuring containers are up (docker compose up -d).
2026-08-29 08:09:57     Container t-coop-local-db Running 
2026-08-29 08:09:57     Container t-coop-backend Running 
2026-08-29 08:09:57     Container t-coop-local-db Waiting 
2026-08-29 08:09:58     Container t-coop-local-db Healthy 
2026-08-29 08:09:58     Container t-coop-backend-db-init-1 Starting 
2026-08-29 08:09:58     Container t-coop-backend-db-init-1 Started 
2026-08-29 08:09:58     Container t-coop-backend-db-init-1 Waiting 
2026-08-29 08:09:58     Container t-coop-backend-db-init-1 Exited 
2026-08-29 08:09:59  ngrok is already running (PID 28888).
2026-08-29 08:09:59  === keep-alive check complete ===
2026-08-29 08:14:53  === keep-alive check starting ===
2026-08-29 08:14:57  Ensuring containers are up (docker compose up -d).
2026-08-29 08:14:57     Container t-coop-local-db Running 
2026-08-29 08:14:58     Container t-coop-backend Running 
2026-08-29 08:14:58     Container t-coop-local-db Waiting 
2026-08-29 08:14:58     Container t-coop-local-db Healthy 
2026-08-29 08:14:58     Container t-coop-backend-db-init-1 Starting 
2026-08-29 08:14:58     Container t-coop-backend-db-init-1 Started 
2026-08-29 08:14:58     Container t-coop-backend-db-init-1 Waiting 
2026-08-29 08:14:59     Container t-coop-backend-db-init-1 Exited 
2026-08-29 08:15:00  ngrok is already running (PID 28888).
2026-08-29 08:15:00  === keep-alive check complete ===
2026-08-29 13:04:18  === keep-alive check starting ===
2026-08-29 13:04:33  Docker Desktop not running - launching it.
2026-08-29 13:05:04  Docker engine is ready.
2026-08-29 13:05:10  Ensuring containers are up (docker compose up -d).
2026-08-29 13:05:13     Container t-coop-backend Running 
2026-08-29 13:05:13     Container t-coop-local-db Starting 
2026-08-29 13:05:14     Container t-coop-local-db Started 
2026-08-29 13:05:14     Container t-coop-local-db Waiting 
2026-08-29 13:05:28     Container t-coop-local-db Healthy 
2026-08-29 13:05:28     Container t-coop-backend-db-init-1 Starting 
2026-08-29 13:05:29     Container t-coop-backend-db-init-1 Started 
2026-08-29 13:05:29     Container t-coop-backend-db-init-1 Waiting 
2026-08-29 13:05:29     Container t-coop-backend-db-init-1 Exited 
2026-08-29 13:05:31  ngrok is not running - starting tunnel on hamster-probiotic-compile.ngrok-free.dev.
2026-08-29 13:05:32  === keep-alive check complete ===
2026-08-29 13:19:54  === keep-alive check starting ===
2026-08-29 13:19:58  Ensuring containers are up (docker compose up -d).
2026-08-29 13:19:58     Container t-coop-local-db Running 
2026-08-29 13:19:58     Container t-coop-backend Running 
2026-08-29 13:19:58     Container t-coop-local-db Waiting 
2026-08-29 13:19:59     Container t-coop-local-db Healthy 
2026-08-29 13:19:59     Container t-coop-backend-db-init-1 Starting 
2026-08-29 13:19:59     Container t-coop-backend-db-init-1 Started 
2026-08-29 13:19:59     Container t-coop-backend-db-init-1 Waiting 
2026-08-29 13:20:00     Container t-coop-backend-db-init-1 Exited 
2026-08-29 13:20:00  ngrok is already running (PID 39648).
2026-08-29 13:20:00  === keep-alive check complete ===
2026-08-29 13:29:52  === keep-alive check starting ===
2026-08-29 13:29:56  Ensuring containers are up (docker compose up -d).
2026-08-29 13:29:56     Container t-coop-backend Running 
2026-08-29 13:29:56     Container t-coop-local-db Running 
2026-08-29 13:29:56     Container t-coop-local-db Waiting 
2026-08-29 13:29:57     Container t-coop-local-db Healthy 
2026-08-29 13:29:57     Container t-coop-backend-db-init-1 Starting 
2026-08-29 13:29:57     Container t-coop-backend-db-init-1 Started 
2026-08-29 13:29:57     Container t-coop-backend-db-init-1 Waiting 
2026-08-29 13:29:57     Container t-coop-backend-db-init-1 Exited 
2026-08-29 13:29:58  ngrok is already running (PID 39648).
2026-08-29 13:29:58  === keep-alive check complete ===
2026-08-29 13:34:52  === keep-alive check starting ===
2026-08-29 13:34:53  Ensuring containers are up (docker compose up -d).
2026-08-29 13:34:54     Container t-coop-backend Running 
2026-08-29 13:34:54     Container t-coop-local-db Running 
2026-08-29 13:34:54     Container t-coop-local-db Waiting 
2026-08-29 13:34:54     Container t-coop-local-db Healthy 
2026-08-29 13:34:54     Container t-coop-backend-db-init-1 Starting 
2026-08-29 13:34:55     Container t-coop-backend-db-init-1 Started 
2026-08-29 13:34:55     Container t-coop-backend-db-init-1 Waiting 
2026-08-29 13:34:55     Container t-coop-backend-db-init-1 Exited 
2026-08-29 13:34:56  ngrok is already running (PID 39648).
2026-08-29 13:34:56  === keep-alive check complete ===
2026-08-29 13:39:55  === keep-alive check starting ===
2026-08-29 13:40:04  Ensuring containers are up (docker compose up -d).
2026-08-29 13:40:04     Container t-coop-backend Running 
2026-08-29 13:40:04     Container t-coop-local-db Running 
2026-08-29 13:40:04     Container t-coop-local-db Waiting 
2026-08-29 13:40:05     Container t-coop-local-db Healthy 
2026-08-29 13:40:05     Container t-coop-backend-db-init-1 Starting 
2026-08-29 13:40:05     Container t-coop-backend-db-init-1 Started 
2026-08-29 13:40:05     Container t-coop-backend-db-init-1 Waiting 
2026-08-29 13:40:06     Container t-coop-backend-db-init-1 Exited 
2026-08-29 13:40:07  ngrok is already running (PID 39648).
2026-08-29 13:40:07  === keep-alive check complete ===
2026-08-29 13:44:56  === keep-alive check starting ===
2026-08-29 13:45:01  Ensuring containers are up (docker compose up -d).
2026-08-29 13:45:02     Container t-coop-local-db Running 
2026-08-29 13:45:02     Container t-coop-backend Running 
2026-08-29 13:45:02     Container t-coop-local-db Waiting 
2026-08-29 13:45:02     Container t-coop-local-db Healthy 
2026-08-29 13:45:02     Container t-coop-backend-db-init-1 Starting 
2026-08-29 13:45:03     Container t-coop-backend-db-init-1 Started 
2026-08-29 13:45:03     Container t-coop-backend-db-init-1 Waiting 
2026-08-29 13:45:03     Container t-coop-backend-db-init-1 Exited 
2026-08-29 13:45:04  ngrok is already running (PID 39648).
2026-08-29 13:45:04  === keep-alive check complete ===
2026-08-29 13:49:58  === keep-alive check starting ===
2026-08-29 13:50:01  Ensuring containers are up (docker compose up -d).
2026-08-29 13:50:02     Container t-coop-backend Running 
2026-08-29 13:50:02     Container t-coop-local-db Running 
2026-08-29 13:50:02     Container t-coop-local-db Waiting 
2026-08-29 13:50:02     Container t-coop-local-db Healthy 
2026-08-29 13:50:02     Container t-coop-backend-db-init-1 Starting 
2026-08-29 13:50:03     Container t-coop-backend-db-init-1 Started 
2026-08-29 13:50:03     Container t-coop-backend-db-init-1 Waiting 
2026-08-29 13:50:03     Container t-coop-backend-db-init-1 Exited 
2026-08-29 13:50:04  ngrok is already running (PID 39648).
2026-08-29 13:50:04  === keep-alive check complete ===
2026-08-29 13:54:58  === keep-alive check starting ===
2026-08-29 13:55:01  Ensuring containers are up (docker compose up -d).
2026-08-29 13:55:02     Container t-coop-backend Running 
2026-08-29 13:55:02     Container t-coop-local-db Running 
2026-08-29 13:55:02     Container t-coop-local-db Waiting 
2026-08-29 13:55:03     Container t-coop-local-db Healthy 
2026-08-29 13:55:03     Container t-coop-backend-db-init-1 Starting 
2026-08-29 13:55:03     Container t-coop-backend-db-init-1 Started 
2026-08-29 13:55:03     Container t-coop-backend-db-init-1 Waiting 
2026-08-29 13:55:03     Container t-coop-backend-db-init-1 Exited 
2026-08-29 13:55:04  ngrok is already running (PID 39648).
2026-08-29 13:55:04  === keep-alive check complete ===
2026-08-29 13:59:52  === keep-alive check starting ===
2026-08-29 13:59:56  Ensuring containers are up (docker compose up -d).
2026-08-29 13:59:57     Container t-coop-backend Running 
2026-08-29 13:59:57     Container t-coop-local-db Running 
2026-08-29 13:59:57     Container t-coop-local-db Waiting 
2026-08-29 13:59:57     Container t-coop-local-db Healthy 
2026-08-29 13:59:57     Container t-coop-backend-db-init-1 Starting 
2026-08-29 13:59:58     Container t-coop-backend-db-init-1 Started 
2026-08-29 13:59:58     Container t-coop-backend-db-init-1 Waiting 
2026-08-29 13:59:58     Container t-coop-backend-db-init-1 Exited 
2026-08-29 13:59:59  ngrok is already running (PID 39648).
2026-08-29 13:59:59  === keep-alive check complete ===
2026-08-29 14:04:59  === keep-alive check starting ===
2026-08-29 14:05:03  Ensuring containers are up (docker compose up -d).
2026-08-29 14:05:04     Container t-coop-backend Running 
2026-08-29 14:05:04     Container t-coop-local-db Running 
2026-08-29 14:05:04     Container t-coop-local-db Waiting 
2026-08-29 14:05:04     Container t-coop-local-db Healthy 
2026-08-29 14:05:04     Container t-coop-backend-db-init-1 Starting 
2026-08-29 14:05:04     Container t-coop-backend-db-init-1 Started 
2026-08-29 14:05:04     Container t-coop-backend-db-init-1 Waiting 
2026-08-29 14:05:05     Container t-coop-backend-db-init-1 Exited 
2026-08-29 14:05:06  ngrok is already running (PID 39648).
2026-08-29 14:05:06  === keep-alive check complete ===
2026-08-29 14:09:52  === keep-alive check starting ===
2026-08-29 14:09:55  Ensuring containers are up (docker compose up -d).
2026-08-29 14:09:56     Container t-coop-local-db Running 
2026-08-29 14:09:56     Container t-coop-backend Running 
2026-08-29 14:09:56     Container t-coop-local-db Waiting 
2026-08-29 14:09:56     Container t-coop-local-db Healthy 
2026-08-29 14:09:56     Container t-coop-backend-db-init-1 Starting 
2026-08-29 14:09:56     Container t-coop-backend-db-init-1 Started 
2026-08-29 14:09:56     Container t-coop-backend-db-init-1 Waiting 
2026-08-29 14:09:57     Container t-coop-backend-db-init-1 Exited 
2026-08-29 14:09:58  ngrok is already running (PID 39648).
2026-08-29 14:09:58  === keep-alive check complete ===
2026-08-29 14:14:52  === keep-alive check starting ===
2026-08-29 14:14:55  Ensuring containers are up (docker compose up -d).
2026-08-29 14:14:56     Container t-coop-backend Running 
2026-08-29 14:14:56     Container t-coop-local-db Running 
2026-08-29 14:14:56     Container t-coop-local-db Waiting 
2026-08-29 14:14:56     Container t-coop-local-db Healthy 
2026-08-29 14:14:56     Container t-coop-backend-db-init-1 Starting 
2026-08-29 14:14:56     Container t-coop-backend-db-init-1 Started 
2026-08-29 14:14:56     Container t-coop-backend-db-init-1 Waiting 
2026-08-29 14:14:57     Container t-coop-backend-db-init-1 Exited 
2026-08-29 14:14:58  ngrok is already running (PID 39648).
2026-08-29 14:14:58  === keep-alive check complete ===
2026-08-29 14:20:11  === keep-alive check starting ===
2026-08-29 14:20:16  Ensuring containers are up (docker compose up -d).
2026-08-29 14:20:16     Container t-coop-backend Running 
2026-08-29 14:20:16     Container t-coop-local-db Running 
2026-08-29 14:20:16     Container t-coop-local-db Waiting 
2026-08-29 14:20:16     Container t-coop-local-db Healthy 
2026-08-29 14:20:16     Container t-coop-backend-db-init-1 Starting 
2026-08-29 14:20:17     Container t-coop-backend-db-init-1 Started 
2026-08-29 14:20:17     Container t-coop-backend-db-init-1 Waiting 
2026-08-29 14:20:17     Container t-coop-backend-db-init-1 Exited 
2026-08-29 14:20:18  ngrok is already running (PID 39648).
2026-08-29 14:20:18  === keep-alive check complete ===
2026-08-29 14:34:58  === keep-alive check starting ===
2026-08-29 14:35:02  Ensuring containers are up (docker compose up -d).
2026-08-29 14:35:03     Container t-coop-backend Running 
2026-08-29 14:35:03     Container t-coop-local-db Running 
2026-08-29 14:35:03     Container t-coop-local-db Waiting 
2026-08-29 14:35:03     Container t-coop-local-db Healthy 
2026-08-29 14:35:03     Container t-coop-backend-db-init-1 Starting 
2026-08-29 14:35:03     Container t-coop-backend-db-init-1 Started 
2026-08-29 14:35:03     Container t-coop-backend-db-init-1 Waiting 
2026-08-29 14:35:04     Container t-coop-backend-db-init-1 Exited 
2026-08-29 14:35:05  ngrok is already running (PID 39648).
2026-08-29 14:35:05  === keep-alive check complete ===
2026-08-29 14:39:52  === keep-alive check starting ===
2026-08-29 14:39:54  Ensuring containers are up (docker compose up -d).
2026-08-29 14:39:54     Container t-coop-local-db Running 
2026-08-29 14:39:54     Container t-coop-backend Running 
2026-08-29 14:39:54     Container t-coop-local-db Waiting 
2026-08-29 14:39:55     Container t-coop-local-db Healthy 
2026-08-29 14:39:55     Container t-coop-backend-db-init-1 Starting 
2026-08-29 14:39:55     Container t-coop-backend-db-init-1 Started 
2026-08-29 14:39:55     Container t-coop-backend-db-init-1 Waiting 
2026-08-29 14:39:56     Container t-coop-backend-db-init-1 Exited 
2026-08-29 14:39:56  ngrok is already running (PID 39648).
2026-08-29 14:39:56  === keep-alive check complete ===
2026-08-29 14:44:56  === keep-alive check starting ===
2026-08-29 14:44:57  Ensuring containers are up (docker compose up -d).
2026-08-29 14:44:58     Container t-coop-local-db Running 
2026-08-29 14:44:58     Container t-coop-backend Running 
2026-08-29 14:44:58     Container t-coop-local-db Waiting 
2026-08-29 14:44:58     Container t-coop-local-db Healthy 
2026-08-29 14:44:58     Container t-coop-backend-db-init-1 Starting 
2026-08-29 14:44:59     Container t-coop-backend-db-init-1 Started 
2026-08-29 14:44:59     Container t-coop-backend-db-init-1 Waiting 
2026-08-29 14:44:59     Container t-coop-backend-db-init-1 Exited 
2026-08-29 14:45:00  ngrok is already running (PID 39648).
2026-08-29 14:45:00  === keep-alive check complete ===
2026-08-29 14:54:58  === keep-alive check starting ===
2026-08-29 14:54:59  Ensuring containers are up (docker compose up -d).
2026-08-29 14:55:00     Container t-coop-local-db Running 
2026-08-29 14:55:00     Container t-coop-backend Recreate 
2026-08-29 14:55:01     Container t-coop-backend Recreated 
2026-08-29 14:55:01     Container t-coop-local-db Waiting 
2026-08-29 14:55:01     Container t-coop-local-db Healthy 
2026-08-29 14:55:01     Container t-coop-backend-db-init-1 Starting 
2026-08-29 14:55:02     Container t-coop-backend-db-init-1 Started 
2026-08-29 14:55:02     Container t-coop-backend-db-init-1 Waiting 
2026-08-29 14:55:02     Container t-coop-backend-db-init-1 Exited 
2026-08-29 14:55:02     Container t-coop-backend Starting 
2026-08-29 14:55:03     Container t-coop-backend Started 
2026-08-29 14:55:03  ngrok is already running (PID 39648).
2026-08-29 14:55:03  === keep-alive check complete ===
2026-08-29 14:59:59  === keep-alive check starting ===
2026-08-29 15:00:00  Ensuring containers are up (docker compose up -d).
2026-08-29 15:00:01     Container t-coop-backend Running 
2026-08-29 15:00:01     Container t-coop-local-db Running 
2026-08-29 15:00:01     Container t-coop-local-db Waiting 
2026-08-29 15:00:01     Container t-coop-local-db Healthy 
2026-08-29 15:00:01     Container t-coop-backend-db-init-1 Starting 
2026-08-29 15:00:02     Container t-coop-backend-db-init-1 Started 
2026-08-29 15:00:02     Container t-coop-backend-db-init-1 Waiting 
2026-08-29 15:00:02     Container t-coop-backend-db-init-1 Exited 
2026-08-29 15:00:03  ngrok is already running (PID 39648).
2026-08-29 15:00:03  === keep-alive check complete ===
2026-08-29 15:04:53  === keep-alive check starting ===
2026-08-29 15:04:57  Ensuring containers are up (docker compose up -d).
2026-08-29 15:04:58     Container t-coop-local-db Running 
2026-08-29 15:04:58     Container t-coop-backend Running 
2026-08-29 15:04:58     Container t-coop-local-db Waiting 
2026-08-29 15:04:58     Container t-coop-local-db Healthy 
2026-08-29 15:04:58     Container t-coop-backend-db-init-1 Starting 
2026-08-29 15:04:59     Container t-coop-backend-db-init-1 Started 
2026-08-29 15:04:59     Container t-coop-backend-db-init-1 Waiting 
2026-08-29 15:04:59     Container t-coop-backend-db-init-1 Exited 
2026-08-29 15:05:00  ngrok is already running (PID 39648).
2026-08-29 15:05:00  === keep-alive check complete ===
2026-08-29 15:10:01  === keep-alive check starting ===
2026-08-29 15:10:03  Ensuring containers are up (docker compose up -d).
2026-08-29 15:10:04     Container t-coop-backend Running 
2026-08-29 15:10:04     Container t-coop-local-db Running 
2026-08-29 15:10:04     Container t-coop-local-db Waiting 
2026-08-29 15:10:04     Container t-coop-local-db Healthy 
2026-08-29 15:10:04     Container t-coop-backend-db-init-1 Starting 
2026-08-29 15:10:05     Container t-coop-backend-db-init-1 Started 
2026-08-29 15:10:05     Container t-coop-backend-db-init-1 Waiting 
2026-08-29 15:10:05     Container t-coop-backend-db-init-1 Exited 
2026-08-29 15:10:06  ngrok is already running (PID 39648).
2026-08-29 15:10:06  === keep-alive check complete ===
2026-08-29 15:15:02  === keep-alive check starting ===
2026-08-29 15:15:05  Ensuring containers are up (docker compose up -d).
2026-08-29 15:15:05     Container t-coop-backend Running 
2026-08-29 15:15:05     Container t-coop-local-db Running 
2026-08-29 15:15:05     Container t-coop-local-db Waiting 
2026-08-29 15:15:06     Container t-coop-local-db Healthy 
2026-08-29 15:15:06     Container t-coop-backend-db-init-1 Starting 
2026-08-29 15:15:06     Container t-coop-backend-db-init-1 Started 
2026-08-29 15:15:06     Container t-coop-backend-db-init-1 Waiting 
2026-08-29 15:15:07     Container t-coop-backend-db-init-1 Exited 
2026-08-29 15:15:07  ngrok is already running (PID 39648).
2026-08-29 15:15:07  === keep-alive check complete ===
2026-08-29 15:20:00  === keep-alive check starting ===
2026-08-29 15:20:02  Ensuring containers are up (docker compose up -d).
2026-08-29 15:20:03     Container t-coop-backend Running 
2026-08-29 15:20:03     Container t-coop-local-db Running 
2026-08-29 15:20:03     Container t-coop-local-db Waiting 
2026-08-29 15:20:03     Container t-coop-local-db Healthy 
2026-08-29 15:20:03     Container t-coop-backend-db-init-1 Starting 
2026-08-29 15:20:04     Container t-coop-backend-db-init-1 Started 
2026-08-29 15:20:04     Container t-coop-backend-db-init-1 Waiting 
2026-08-29 15:20:04     Container t-coop-backend-db-init-1 Exited 
2026-08-29 15:20:05  ngrok is already running (PID 39648).
2026-08-29 15:20:05  === keep-alive check complete ===
2026-08-29 15:25:01  === keep-alive check starting ===
2026-08-29 15:25:05  Ensuring containers are up (docker compose up -d).
2026-08-29 15:25:06     Container t-coop-backend Running 
2026-08-29 15:25:06     Container t-coop-local-db Running 
2026-08-29 15:25:06     Container t-coop-local-db Waiting 
2026-08-29 15:25:07     Container t-coop-local-db Healthy 
2026-08-29 15:25:07     Container t-coop-backend-db-init-1 Starting 
2026-08-29 15:25:07     Container t-coop-backend-db-init-1 Started 
2026-08-29 15:25:07     Container t-coop-backend-db-init-1 Waiting 
2026-08-29 15:25:08     Container t-coop-backend-db-init-1 Exited 
2026-08-29 15:25:09  ngrok is already running (PID 39648).
2026-08-29 15:25:09  === keep-alive check complete ===
2026-08-29 15:30:04  === keep-alive check starting ===
2026-08-29 15:30:08  Ensuring containers are up (docker compose up -d).
2026-08-29 15:30:09     Container t-coop-backend Running 
2026-08-29 15:30:09     Container t-coop-local-db Running 
2026-08-29 15:30:09     Container t-coop-local-db Waiting 
2026-08-29 15:30:09     Container t-coop-local-db Healthy 
2026-08-29 15:30:09     Container t-coop-backend-db-init-1 Starting 
2026-08-29 15:30:10     Container t-coop-backend-db-init-1 Started 
2026-08-29 15:30:10     Container t-coop-backend-db-init-1 Waiting 
2026-08-29 15:30:10     Container t-coop-backend-db-init-1 Exited 
2026-08-29 15:30:11  ngrok is already running (PID 39648).
2026-08-29 15:30:11  === keep-alive check complete ===
2026-08-29 15:35:01  === keep-alive check starting ===
2026-08-29 15:35:07  Ensuring containers are up (docker compose up -d).
2026-08-29 15:35:08     Container t-coop-backend Running 
2026-08-29 15:35:08     Container t-coop-local-db Running 
2026-08-29 15:35:08     Container t-coop-local-db Waiting 
2026-08-29 15:35:09     Container t-coop-local-db Healthy 
2026-08-29 15:35:09     Container t-coop-backend-db-init-1 Starting 
2026-08-29 15:35:09     Container t-coop-backend-db-init-1 Started 
2026-08-29 15:35:09     Container t-coop-backend-db-init-1 Waiting 
2026-08-29 15:35:10     Container t-coop-backend-db-init-1 Exited 
2026-08-29 15:35:11  ngrok is already running (PID 39648).
2026-08-29 15:35:11  === keep-alive check complete ===
2026-08-29 15:40:04  === keep-alive check starting ===
2026-08-29 15:40:06  Ensuring containers are up (docker compose up -d).
2026-08-29 15:40:07     Container t-coop-local-db Running 
2026-08-29 15:40:07     Container t-coop-backend Running 
2026-08-29 15:40:07     Container t-coop-local-db Waiting 
2026-08-29 15:40:07     Container t-coop-local-db Healthy 
2026-08-29 15:40:07     Container t-coop-backend-db-init-1 Starting 
2026-08-29 15:40:08     Container t-coop-backend-db-init-1 Started 
2026-08-29 15:40:08     Container t-coop-backend-db-init-1 Waiting 
2026-08-29 15:40:08     Container t-coop-backend-db-init-1 Exited 
2026-08-29 15:40:09  ngrok is already running (PID 39648).
2026-08-29 15:40:09  === keep-alive check complete ===
2026-08-29 15:45:04  === keep-alive check starting ===
2026-08-29 15:45:07  Ensuring containers are up (docker compose up -d).
2026-08-29 15:45:08     Container t-coop-backend Running 
2026-08-29 15:45:08     Container t-coop-local-db Running 
2026-08-29 15:45:08     Container t-coop-local-db Waiting 
2026-08-29 15:45:08     Container t-coop-local-db Healthy 
2026-08-29 15:45:08     Container t-coop-backend-db-init-1 Starting 
2026-08-29 15:45:09     Container t-coop-backend-db-init-1 Started 
2026-08-29 15:45:09     Container t-coop-backend-db-init-1 Waiting 
2026-08-29 15:45:09     Container t-coop-backend-db-init-1 Exited 
2026-08-29 15:45:10  ngrok is already running (PID 39648).
2026-08-29 15:45:10  === keep-alive check complete ===
2026-08-29 15:50:02  === keep-alive check starting ===
2026-08-29 15:50:26  Ensuring containers are up (docker compose up -d).
2026-08-29 15:50:40     Container t-coop-backend Running 
2026-08-29 15:50:40     Container t-coop-local-db Running 
2026-08-29 15:50:40     Container t-coop-local-db Waiting 
2026-08-29 15:50:40     Container t-coop-local-db Healthy 
2026-08-29 15:50:40     Container t-coop-backend-db-init-1 Starting 
2026-08-29 15:50:41     Container t-coop-backend-db-init-1 Started 
2026-08-29 15:50:41     Container t-coop-backend-db-init-1 Waiting 
2026-08-29 15:50:42     Container t-coop-backend-db-init-1 Exited 
2026-08-29 15:50:43  ngrok is already running (PID 39648).
2026-08-29 15:50:43  === keep-alive check complete ===
2026-08-29 16:32:36  === keep-alive check starting ===
2026-08-29 16:32:42  Docker Desktop not running - launching it.
2026-08-29 16:33:07  Docker engine is ready.
2026-08-29 16:33:31  Ensuring containers are up (docker compose up -d).
2026-08-29 16:33:34     Container t-coop-backend Running 
2026-08-29 16:33:34     Container t-coop-local-db Starting 
2026-08-29 16:33:36     Container t-coop-local-db Started 
2026-08-29 16:33:36     Container t-coop-local-db Waiting 
2026-08-29 16:34:01     Container t-coop-local-db Healthy 
2026-08-29 16:34:01     Container t-coop-backend-db-init-1 Starting 
2026-08-29 16:34:02     Container t-coop-backend-db-init-1 Started 
2026-08-29 16:34:02     Container t-coop-backend-db-init-1 Waiting 
2026-08-29 16:34:02     Container t-coop-backend-db-init-1 Exited 
2026-08-29 16:34:03  ngrok is not running - starting tunnel on hamster-probiotic-compile.ngrok-free.dev.
2026-08-29 16:34:03  === keep-alive check complete ===
2026-08-29 16:38:18  === keep-alive check starting ===
2026-08-29 16:38:25  Ensuring containers are up (docker compose up -d).
2026-08-29 16:38:25     Container t-coop-backend Running 
2026-08-29 16:38:25     Container t-coop-local-db Running 
2026-08-29 16:38:25     Container t-coop-local-db Waiting 
2026-08-29 16:38:26     Container t-coop-local-db Healthy 
2026-08-29 16:38:26     Container t-coop-backend-db-init-1 Starting 
2026-08-29 16:38:26     Container t-coop-backend-db-init-1 Started 
2026-08-29 16:38:26     Container t-coop-backend-db-init-1 Waiting 
2026-08-29 16:38:27     Container t-coop-backend-db-init-1 Exited 
2026-08-29 16:38:28  ngrok is already running (PID 18496).
2026-08-29 16:38:28  === keep-alive check complete ===
2026-08-29 16:40:00  === keep-alive check starting ===
2026-08-29 16:40:03  Ensuring containers are up (docker compose up -d).
2026-08-29 16:40:04     Container t-coop-backend Running 
2026-08-29 16:40:04     Container t-coop-local-db Running 
2026-08-29 16:40:04     Container t-coop-local-db Waiting 
2026-08-29 16:40:04     Container t-coop-local-db Healthy 
2026-08-29 16:40:04     Container t-coop-backend-db-init-1 Starting 
2026-08-29 16:40:05     Container t-coop-backend-db-init-1 Started 
2026-08-29 16:40:05     Container t-coop-backend-db-init-1 Waiting 
2026-08-29 16:40:05     Container t-coop-backend-db-init-1 Exited 
2026-08-29 16:40:06  ngrok is already running (PID 18496).
2026-08-29 16:40:06  === keep-alive check complete ===
2026-08-29 16:45:02  === keep-alive check starting ===
2026-08-29 16:45:08  Ensuring containers are up (docker compose up -d).
2026-08-29 16:45:08     Container t-coop-backend Running 
2026-08-29 16:45:08     Container t-coop-local-db Running 
2026-08-29 16:45:08     Container t-coop-local-db Waiting 
2026-08-29 16:45:09     Container t-coop-local-db Healthy 
2026-08-29 16:45:09     Container t-coop-backend-db-init-1 Starting 
2026-08-29 16:45:09     Container t-coop-backend-db-init-1 Started 
2026-08-29 16:45:09     Container t-coop-backend-db-init-1 Waiting 
2026-08-29 16:45:10     Container t-coop-backend-db-init-1 Exited 
2026-08-29 16:45:11  ngrok is already running (PID 18496).
2026-08-29 16:45:11  === keep-alive check complete ===
2026-08-29 16:49:59  === keep-alive check starting ===
2026-08-29 16:50:02  Ensuring containers are up (docker compose up -d).
2026-08-29 16:50:03     Container t-coop-local-db Running 
2026-08-29 16:50:03     Container t-coop-backend Running 
2026-08-29 16:50:03     Container t-coop-local-db Waiting 
2026-08-29 16:50:03     Container t-coop-local-db Healthy 
2026-08-29 16:50:03     Container t-coop-backend-db-init-1 Starting 
2026-08-29 16:50:04     Container t-coop-backend-db-init-1 Started 
2026-08-29 16:50:04     Container t-coop-backend-db-init-1 Waiting 
2026-08-29 16:50:04     Container t-coop-backend-db-init-1 Exited 
2026-08-29 16:50:05  ngrok is already running (PID 18496).
2026-08-29 16:50:05  === keep-alive check complete ===
2026-08-29 17:22:22  === keep-alive check starting ===
2026-08-29 17:22:35  Docker Desktop not running - launching it.
2026-08-29 17:22:56  Docker engine is ready.
2026-08-29 17:22:59  Ensuring containers are up (docker compose up -d).
2026-08-29 17:23:02     Container t-coop-backend Running 
2026-08-29 17:23:02     Container t-coop-local-db Starting 
2026-08-29 17:23:03     Container t-coop-local-db Started 
2026-08-29 17:23:03     Container t-coop-local-db Waiting 
2026-08-29 17:23:44     Container t-coop-local-db Healthy 
2026-08-29 17:23:44     Container t-coop-backend-db-init-1 Starting 
2026-08-29 17:23:45     Container t-coop-backend-db-init-1 Started 
2026-08-29 17:23:45     Container t-coop-backend-db-init-1 Waiting 
2026-08-29 17:23:45     Container t-coop-backend-db-init-1 Exited 
2026-08-29 17:23:46  ngrok is not running - starting tunnel on hamster-probiotic-compile.ngrok-free.dev.
2026-08-29 17:23:46  === keep-alive check complete ===
2026-08-29 17:28:17  === keep-alive check starting ===
2026-08-29 17:28:23  Ensuring containers are up (docker compose up -d).
2026-08-29 17:28:24     Container t-coop-backend Running 
2026-08-29 17:28:24     Container t-coop-local-db Running 
2026-08-29 17:28:24     Container t-coop-local-db Waiting 
2026-08-29 17:28:25     Container t-coop-local-db Healthy 
2026-08-29 17:28:25     Container t-coop-backend-db-init-1 Starting 
2026-08-29 17:28:25     Container t-coop-backend-db-init-1 Started 
2026-08-29 17:28:25     Container t-coop-backend-db-init-1 Waiting 
2026-08-29 17:28:26     Container t-coop-backend-db-init-1 Exited 
2026-08-29 17:28:27  ngrok is already running (PID 6596).
2026-08-29 17:28:27  === keep-alive check complete ===
2026-08-29 17:30:05  === keep-alive check starting ===
2026-08-29 17:30:08  Ensuring containers are up (docker compose up -d).
2026-08-29 17:30:09     Container t-coop-local-db Running 
2026-08-29 17:30:09     Container t-coop-backend Running 
2026-08-29 17:30:10     Container t-coop-local-db Waiting 
2026-08-29 17:30:10     Container t-coop-local-db Healthy 
2026-08-29 17:30:10     Container t-coop-backend-db-init-1 Starting 
2026-08-29 17:30:10     Container t-coop-backend-db-init-1 Started 
2026-08-29 17:30:10     Container t-coop-backend-db-init-1 Waiting 
2026-08-29 17:30:11     Container t-coop-backend-db-init-1 Exited 
2026-08-29 17:30:11  ngrok is already running (PID 6596).
2026-08-29 17:30:11  === keep-alive check complete ===
2026-08-29 17:35:00  === keep-alive check starting ===
2026-08-29 17:35:04  Ensuring containers are up (docker compose up -d).
2026-08-29 17:35:05     Container t-coop-local-db Running 
2026-08-29 17:35:05     Container t-coop-backend Running 
2026-08-29 17:35:05     Container t-coop-local-db Waiting 
2026-08-29 17:35:05     Container t-coop-local-db Healthy 
2026-08-29 17:35:05     Container t-coop-backend-db-init-1 Starting 
2026-08-29 17:35:06     Container t-coop-backend-db-init-1 Started 
2026-08-29 17:35:06     Container t-coop-backend-db-init-1 Waiting 
2026-08-29 17:35:06     Container t-coop-backend-db-init-1 Exited 
2026-08-29 17:35:07  ngrok is already running (PID 6596).
2026-08-29 17:35:07  === keep-alive check complete ===
2026-08-29 17:40:01  === keep-alive check starting ===
2026-08-29 17:40:04  Ensuring containers are up (docker compose up -d).
2026-08-29 17:40:05     Container t-coop-backend Running 
2026-08-29 17:40:05     Container t-coop-local-db Running 
2026-08-29 17:40:05     Container t-coop-local-db Waiting 
2026-08-29 17:40:05     Container t-coop-local-db Healthy 
2026-08-29 17:40:05     Container t-coop-backend-db-init-1 Starting 
2026-08-29 17:40:05     Container t-coop-backend-db-init-1 Started 
2026-08-29 17:40:05     Container t-coop-backend-db-init-1 Waiting 
2026-08-29 17:40:06     Container t-coop-backend-db-init-1 Exited 
2026-08-29 17:40:07  ngrok is already running (PID 6596).
2026-08-29 17:40:07  === keep-alive check complete ===
2026-08-29 17:50:05  === keep-alive check starting ===
2026-08-29 17:50:08  Ensuring containers are up (docker compose up -d).
2026-08-29 17:50:10     Container t-coop-local-db Running 
2026-08-29 17:50:10     Container t-coop-backend Running 
2026-08-29 17:50:10     Container t-coop-local-db Waiting 
2026-08-29 17:50:10     Container t-coop-local-db Healthy 
2026-08-29 17:50:10     Container t-coop-backend-db-init-1 Starting 
2026-08-29 17:50:10     Container t-coop-backend-db-init-1 Started 
2026-08-29 17:50:10     Container t-coop-backend-db-init-1 Waiting 
2026-08-29 17:50:11     Container t-coop-backend-db-init-1 Exited 
2026-08-29 17:50:12  ngrok is already running (PID 6596).
2026-08-29 17:50:12  === keep-alive check complete ===
2026-08-30 15:09:35  === keep-alive check starting ===
2026-08-30 15:09:42  Docker Desktop not running - launching it.
2026-08-30 15:10:00  Docker engine is ready.
2026-08-30 15:10:07  Ensuring containers are up (docker compose up -d).
2026-08-30 15:10:08     Container t-coop-backend Running 
2026-08-30 15:10:08     Container t-coop-local-db Starting 
2026-08-30 15:10:09     Container t-coop-local-db Started 
2026-08-30 15:10:09     Container t-coop-local-db Waiting 
2026-08-30 15:10:40     Container t-coop-local-db Healthy 
2026-08-30 15:10:40     Container t-coop-backend-db-init-1 Starting 
2026-08-30 15:10:42     Container t-coop-backend-db-init-1 Started 
2026-08-30 15:10:42     Container t-coop-backend-db-init-1 Waiting 
2026-08-30 15:10:43     Container t-coop-backend-db-init-1 Exited 
2026-08-30 15:10:49  ngrok is not running - starting tunnel on hamster-probiotic-compile.ngrok-free.dev.
2026-08-30 15:10:49  === keep-alive check complete ===
2026-08-30 15:15:25  === keep-alive check starting ===
2026-08-30 15:15:33  Ensuring containers are up (docker compose up -d).
2026-08-30 15:15:33     Container t-coop-backend Running 
2026-08-30 15:15:33     Container t-coop-local-db Running 
2026-08-30 15:15:33     Container t-coop-local-db Waiting 
2026-08-30 15:15:33     Container t-coop-local-db Healthy 
2026-08-30 15:15:33     Container t-coop-backend-db-init-1 Starting 
2026-08-30 15:15:34     Container t-coop-backend-db-init-1 Started 
2026-08-30 15:15:34     Container t-coop-backend-db-init-1 Waiting 
2026-08-30 15:15:34     Container t-coop-backend-db-init-1 Exited 
2026-08-30 15:15:35  ngrok is already running (PID 3604).
2026-08-30 15:15:35  === keep-alive check complete ===
2026-08-30 15:21:51  === keep-alive check starting ===
2026-08-30 15:22:26  Ensuring containers are up (docker compose up -d).
2026-08-30 15:22:39     Container t-coop-local-db Running 
2026-08-30 15:22:39     Container t-coop-backend Running 
2026-08-30 15:22:39     Container t-coop-local-db Waiting 
2026-08-30 15:22:40     Container t-coop-local-db Healthy 
2026-08-30 15:22:40     Container t-coop-backend-db-init-1 Starting 
2026-08-30 15:22:40     Container t-coop-backend-db-init-1 Started 
2026-08-30 15:22:40     Container t-coop-backend-db-init-1 Waiting 
2026-08-30 15:22:41     Container t-coop-backend-db-init-1 Exited 
2026-08-30 15:22:42  ngrok is already running (PID 3604).
2026-08-30 15:22:42  === keep-alive check complete ===
2026-08-30 15:34:49  === keep-alive check starting ===
2026-08-30 15:35:19  Docker Desktop not running - launching it.
2026-08-30 15:36:02  Docker engine is ready.
2026-08-30 15:36:15  Ensuring containers are up (docker compose up -d).
2026-08-30 15:36:16     Container t-coop-backend Running 
2026-08-30 15:36:16     Container t-coop-local-db Starting 
2026-08-30 15:36:16     Container t-coop-local-db Started 
2026-08-30 15:36:16     Container t-coop-local-db Waiting 
2026-08-30 15:36:42     Container t-coop-local-db Healthy 
2026-08-30 15:36:43     Container t-coop-backend-db-init-1 Starting 
2026-08-30 15:36:43     Container t-coop-backend-db-init-1 Started 
2026-08-30 15:36:43     Container t-coop-backend-db-init-1 Waiting 
2026-08-30 15:36:44     Container t-coop-backend-db-init-1 Exited 
2026-08-30 15:36:58  ngrok is not running - starting tunnel on hamster-probiotic-compile.ngrok-free.dev.
2026-08-30 15:36:58  === keep-alive check complete ===
2026-08-30 15:40:10  === keep-alive check starting ===
2026-08-30 15:40:33  Ensuring containers are up (docker compose up -d).
2026-08-30 15:40:34     Container t-coop-local-db Running 
2026-08-30 15:40:34     Container t-coop-backend Running 
2026-08-30 15:40:34     Container t-coop-local-db Waiting 
2026-08-30 15:40:34     Container t-coop-local-db Healthy 
2026-08-30 15:40:34     Container t-coop-backend-db-init-1 Starting 
2026-08-30 15:40:35     Container t-coop-backend-db-init-1 Started 
2026-08-30 15:40:35     Container t-coop-backend-db-init-1 Waiting 
2026-08-30 15:40:35     Container t-coop-backend-db-init-1 Exited 
2026-08-30 15:40:35  ngrok is already running (PID 16760).
2026-08-30 15:40:35  === keep-alive check complete ===
2026-08-30 15:45:04  === keep-alive check starting ===
2026-08-30 15:45:09  Ensuring containers are up (docker compose up -d).
2026-08-30 15:45:09     Container t-coop-backend Running 
2026-08-30 15:45:09     Container t-coop-local-db Running 
2026-08-30 15:45:09     Container t-coop-local-db Waiting 
2026-08-30 15:45:10     Container t-coop-local-db Healthy 
2026-08-30 15:45:10     Container t-coop-backend-db-init-1 Starting 
2026-08-30 15:45:10     Container t-coop-backend-db-init-1 Started 
2026-08-30 15:45:10     Container t-coop-backend-db-init-1 Waiting 
2026-08-30 15:45:11     Container t-coop-backend-db-init-1 Exited 
2026-08-30 15:45:11  ngrok is already running (PID 16760).
2026-08-30 15:45:11  === keep-alive check complete ===
2026-08-30 15:49:53  === keep-alive check starting ===
2026-08-30 15:49:57  Ensuring containers are up (docker compose up -d).
2026-08-30 15:49:57     Container t-coop-local-db Running 
2026-08-30 15:49:57     Container t-coop-backend Running 
2026-08-30 15:49:57     Container t-coop-local-db Waiting 
2026-08-30 15:49:58     Container t-coop-local-db Healthy 
2026-08-30 15:49:58     Container t-coop-backend-db-init-1 Starting 
2026-08-30 15:49:58     Container t-coop-backend-db-init-1 Started 
2026-08-30 15:49:58     Container t-coop-backend-db-init-1 Waiting 
2026-08-30 15:49:58     Container t-coop-backend-db-init-1 Exited 
2026-08-30 15:49:59  ngrok is already running (PID 16760).
2026-08-30 15:49:59  === keep-alive check complete ===
2026-08-30 16:00:17  === keep-alive check starting ===
2026-08-30 16:00:23  Ensuring containers are up (docker compose up -d).
2026-08-30 16:00:23     Container t-coop-backend Running 
2026-08-30 16:00:23     Container t-coop-local-db Running 
2026-08-30 16:00:23     Container t-coop-local-db Waiting 
2026-08-30 16:00:24     Container t-coop-local-db Healthy 
2026-08-30 16:00:24     Container t-coop-backend-db-init-1 Starting 
2026-08-30 16:00:24     Container t-coop-backend-db-init-1 Started 
2026-08-30 16:00:24     Container t-coop-backend-db-init-1 Waiting 
2026-08-30 16:00:24     Container t-coop-backend-db-init-1 Exited 
2026-08-30 16:00:25  ngrok is already running (PID 16760).
2026-08-30 16:00:25  === keep-alive check complete ===
2026-08-30 16:04:51  === keep-alive check starting ===
2026-08-30 16:04:58  Ensuring containers are up (docker compose up -d).
2026-08-30 16:04:59     Container t-coop-local-db Running 
2026-08-30 16:04:59     Container t-coop-backend Running 
2026-08-30 16:04:59     Container t-coop-local-db Waiting 
2026-08-30 16:04:59     Container t-coop-local-db Healthy 
2026-08-30 16:04:59     Container t-coop-backend-db-init-1 Starting 
2026-08-30 16:04:59     Container t-coop-backend-db-init-1 Started 
2026-08-30 16:04:59     Container t-coop-backend-db-init-1 Waiting 
2026-08-30 16:05:00     Container t-coop-backend-db-init-1 Exited 
2026-08-30 16:05:00  ngrok is already running (PID 16760).
2026-08-30 16:05:00  === keep-alive check complete ===
2026-08-30 16:19:56  === keep-alive check starting ===
2026-08-30 16:19:58  Ensuring containers are up (docker compose up -d).
2026-08-30 16:19:58     Container t-coop-backend Running 
2026-08-30 16:19:58     Container t-coop-local-db Running 
2026-08-30 16:19:58     Container t-coop-local-db Waiting 
2026-08-30 16:19:59     Container t-coop-local-db Healthy 
2026-08-30 16:19:59     Container t-coop-backend-db-init-1 Starting 
2026-08-30 16:19:59     Container t-coop-backend-db-init-1 Started 
2026-08-30 16:19:59     Container t-coop-backend-db-init-1 Waiting 
2026-08-30 16:19:59     Container t-coop-backend-db-init-1 Exited 
2026-08-30 16:20:00  ngrok is already running (PID 16760).
2026-08-30 16:20:00  === keep-alive check complete ===
2026-08-30 16:24:54  === keep-alive check starting ===
2026-08-30 16:24:55  Ensuring containers are up (docker compose up -d).
2026-08-30 16:24:56     Container t-coop-backend Running 
2026-08-30 16:24:56     Container t-coop-local-db Running 
2026-08-30 16:24:56     Container t-coop-local-db Waiting 
2026-08-30 16:24:56     Container t-coop-local-db Healthy 
2026-08-30 16:24:56     Container t-coop-backend-db-init-1 Starting 
2026-08-30 16:24:56     Container t-coop-backend-db-init-1 Started 
2026-08-30 16:24:56     Container t-coop-backend-db-init-1 Waiting 
2026-08-30 16:24:57     Container t-coop-backend-db-init-1 Exited 
2026-08-30 16:24:57  ngrok is already running (PID 16760).
2026-08-30 16:24:57  === keep-alive check complete ===
2026-08-30 16:39:54  === keep-alive check starting ===
2026-08-30 16:39:58  Ensuring containers are up (docker compose up -d).
2026-08-30 16:39:58     Container t-coop-backend Running 
2026-08-30 16:39:58     Container t-coop-local-db Running 
2026-08-30 16:39:58     Container t-coop-local-db Waiting 
2026-08-30 16:39:59     Container t-coop-local-db Healthy 
2026-08-30 16:39:59     Container t-coop-backend-db-init-1 Starting 
2026-08-30 16:39:59     Container t-coop-backend-db-init-1 Started 
2026-08-30 16:39:59     Container t-coop-backend-db-init-1 Waiting 
2026-08-30 16:39:59     Container t-coop-backend-db-init-1 Exited 
2026-08-30 16:40:00  ngrok is already running (PID 16760).
2026-08-30 16:40:00  === keep-alive check complete ===
2026-08-30 16:44:54  === keep-alive check starting ===
2026-08-30 16:45:02  Ensuring containers are up (docker compose up -d).
2026-08-30 16:45:03     Container t-coop-local-db Running 
2026-08-30 16:45:03     Container t-coop-backend Running 
2026-08-30 16:45:03     Container t-coop-local-db Waiting 
2026-08-30 16:45:03     Container t-coop-local-db Healthy 
2026-08-30 16:45:03     Container t-coop-backend-db-init-1 Starting 
2026-08-30 16:45:04     Container t-coop-backend-db-init-1 Started 
2026-08-30 16:45:04     Container t-coop-backend-db-init-1 Waiting 
2026-08-30 16:45:04     Container t-coop-backend-db-init-1 Exited 
2026-08-30 16:45:05  ngrok is already running (PID 16760).
2026-08-30 16:45:05  === keep-alive check complete ===
2026-08-30 16:49:51  === keep-alive check starting ===
2026-08-30 16:49:58  Ensuring containers are up (docker compose up -d).
2026-08-30 16:49:59     Container t-coop-backend Running 
2026-08-30 16:49:59     Container t-coop-local-db Running 
2026-08-30 16:49:59     Container t-coop-local-db Waiting 
2026-08-30 16:49:59     Container t-coop-local-db Healthy 
2026-08-30 16:49:59     Container t-coop-backend-db-init-1 Starting 
2026-08-30 16:49:59     Container t-coop-backend-db-init-1 Started 
2026-08-30 16:49:59     Container t-coop-backend-db-init-1 Waiting 
2026-08-30 16:50:00     Container t-coop-backend-db-init-1 Exited 
2026-08-30 16:50:00  ngrok is already running (PID 16760).
2026-08-30 16:50:00  === keep-alive check complete ===
2026-08-30 17:00:07  === keep-alive check starting ===
2026-08-30 17:00:08  Ensuring containers are up (docker compose up -d).
2026-08-30 17:00:08     Container t-coop-local-db Running 
2026-08-30 17:00:08     Container t-coop-backend Running 
2026-08-30 17:00:08     Container t-coop-local-db Waiting 
2026-08-30 17:00:08     Container t-coop-local-db Healthy 
2026-08-30 17:00:08     Container t-coop-backend-db-init-1 Starting 
2026-08-30 17:00:09     Container t-coop-backend-db-init-1 Started 
2026-08-30 17:00:09     Container t-coop-backend-db-init-1 Waiting 
2026-08-30 17:00:10     Container t-coop-backend-db-init-1 Exited 
2026-08-30 17:00:10  ngrok is already running (PID 16760).
2026-08-30 17:00:10  === keep-alive check complete ===
2026-08-30 17:04:57  === keep-alive check starting ===
2026-08-30 17:05:00  Ensuring containers are up (docker compose up -d).
2026-08-30 17:05:01     Container t-coop-backend Running 
2026-08-30 17:05:01     Container t-coop-local-db Running 
2026-08-30 17:05:01     Container t-coop-local-db Waiting 
2026-08-30 17:05:01     Container t-coop-local-db Healthy 
2026-08-30 17:05:01     Container t-coop-backend-db-init-1 Starting 
2026-08-30 17:05:01     Container t-coop-backend-db-init-1 Started 
2026-08-30 17:05:01     Container t-coop-backend-db-init-1 Waiting 
2026-08-30 17:05:02     Container t-coop-backend-db-init-1 Exited 
2026-08-30 17:05:02  ngrok is already running (PID 16760).
2026-08-30 17:05:02  === keep-alive check complete ===
2026-08-30 17:09:57  === keep-alive check starting ===
2026-08-30 17:10:00  Ensuring containers are up (docker compose up -d).
2026-08-30 17:10:00     Container t-coop-local-db Running 
2026-08-30 17:10:00     Container t-coop-backend Running 
2026-08-30 17:10:00     Container t-coop-local-db Waiting 
2026-08-30 17:10:01     Container t-coop-local-db Healthy 
2026-08-30 17:10:01     Container t-coop-backend-db-init-1 Starting 
2026-08-30 17:10:01     Container t-coop-backend-db-init-1 Started 
2026-08-30 17:10:01     Container t-coop-backend-db-init-1 Waiting 
2026-08-30 17:10:02     Container t-coop-backend-db-init-1 Exited 
2026-08-30 17:10:02  ngrok is already running (PID 16760).
2026-08-30 17:10:02  === keep-alive check complete ===
2026-08-30 17:14:56  === keep-alive check starting ===
2026-08-30 17:14:58  Ensuring containers are up (docker compose up -d).
2026-08-30 17:14:59     Container t-coop-backend Running 
2026-08-30 17:14:59     Container t-coop-local-db Running 
2026-08-30 17:14:59     Container t-coop-local-db Waiting 
2026-08-30 17:14:59     Container t-coop-local-db Healthy 
2026-08-30 17:14:59     Container t-coop-backend-db-init-1 Starting 
2026-08-30 17:14:59     Container t-coop-backend-db-init-1 Started 
2026-08-30 17:14:59     Container t-coop-backend-db-init-1 Waiting 
2026-08-30 17:15:00     Container t-coop-backend-db-init-1 Exited 
2026-08-30 17:15:00  ngrok is already running (PID 16760).
2026-08-30 17:15:00  === keep-alive check complete ===
2026-08-30 17:20:00  === keep-alive check starting ===
2026-08-30 17:20:05  Ensuring containers are up (docker compose up -d).
2026-08-30 17:20:06     Container t-coop-backend Running 
2026-08-30 17:20:06     Container t-coop-local-db Running 
2026-08-30 17:20:06     Container t-coop-local-db Waiting 
2026-08-30 17:20:06     Container t-coop-local-db Healthy 
2026-08-30 17:20:06     Container t-coop-backend-db-init-1 Starting 
2026-08-30 17:20:07     Container t-coop-backend-db-init-1 Started 
2026-08-30 17:20:07     Container t-coop-backend-db-init-1 Waiting 
2026-08-30 17:20:07     Container t-coop-backend-db-init-1 Exited 
2026-08-30 17:20:08  ngrok is already running (PID 16760).
2026-08-30 17:20:08  === keep-alive check complete ===
2026-08-30 17:24:49  === keep-alive check starting ===
2026-08-30 17:24:52  Ensuring containers are up (docker compose up -d).
2026-08-30 17:24:52     Container t-coop-backend Running 
2026-08-30 17:24:52     Container t-coop-local-db Running 
2026-08-30 17:24:52     Container t-coop-local-db Waiting 
2026-08-30 17:24:53     Container t-coop-local-db Healthy 
2026-08-30 17:24:53     Container t-coop-backend-db-init-1 Starting 
2026-08-30 17:24:53     Container t-coop-backend-db-init-1 Started 
2026-08-30 17:24:53     Container t-coop-backend-db-init-1 Waiting 
2026-08-30 17:24:54     Container t-coop-backend-db-init-1 Exited 
2026-08-30 17:24:54  ngrok is already running (PID 16760).
2026-08-30 17:24:54  === keep-alive check complete ===
2026-08-30 17:29:53  === keep-alive check starting ===
2026-08-30 17:29:54  Ensuring containers are up (docker compose up -d).
2026-08-30 17:29:54     Container t-coop-backend Running 
2026-08-30 17:29:55     Container t-coop-local-db Running 
2026-08-30 17:29:55     Container t-coop-local-db Waiting 
2026-08-30 17:29:55     Container t-coop-local-db Healthy 
2026-08-30 17:29:55     Container t-coop-backend-db-init-1 Starting 
2026-08-30 17:29:55     Container t-coop-backend-db-init-1 Started 
2026-08-30 17:29:55     Container t-coop-backend-db-init-1 Waiting 
2026-08-30 17:29:56     Container t-coop-backend-db-init-1 Exited 
2026-08-30 17:29:56  ngrok is already running (PID 16760).
2026-08-30 17:29:56  === keep-alive check complete ===
2026-08-30 17:34:55  === keep-alive check starting ===
2026-08-30 17:34:56  Ensuring containers are up (docker compose up -d).
2026-08-30 17:34:56     Container t-coop-local-db Running 
2026-08-30 17:34:56     Container t-coop-backend Running 
2026-08-30 17:34:56     Container t-coop-local-db Waiting 
2026-08-30 17:34:57     Container t-coop-local-db Healthy 
2026-08-30 17:34:57     Container t-coop-backend-db-init-1 Starting 
2026-08-30 17:34:57     Container t-coop-backend-db-init-1 Started 
2026-08-30 17:34:57     Container t-coop-backend-db-init-1 Waiting 
2026-08-30 17:34:57     Container t-coop-backend-db-init-1 Exited 
2026-08-30 17:34:58  ngrok is already running (PID 16760).
2026-08-30 17:34:58  === keep-alive check complete ===
2026-08-30 17:39:53  === keep-alive check starting ===
2026-08-30 17:39:54  Ensuring containers are up (docker compose up -d).
2026-08-30 17:39:54     Container t-coop-backend Running 
2026-08-30 17:39:54     Container t-coop-local-db Running 
2026-08-30 17:39:54     Container t-coop-local-db Waiting 
2026-08-30 17:39:55     Container t-coop-local-db Healthy 
2026-08-30 17:39:55     Container t-coop-backend-db-init-1 Starting 
2026-08-30 17:39:55     Container t-coop-backend-db-init-1 Started 
2026-08-30 17:39:55     Container t-coop-backend-db-init-1 Waiting 
2026-08-30 17:39:56     Container t-coop-backend-db-init-1 Exited 
2026-08-30 17:39:56  ngrok is already running (PID 16760).
2026-08-30 17:39:56  === keep-alive check complete ===
2026-08-30 17:44:46  === keep-alive check starting ===
2026-08-30 17:44:47  Ensuring containers are up (docker compose up -d).
2026-08-30 17:44:48     Container t-coop-backend Running 
2026-08-30 17:44:48     Container t-coop-local-db Running 
2026-08-30 17:44:48     Container t-coop-local-db Waiting 
2026-08-30 17:44:48     Container t-coop-local-db Healthy 
2026-08-30 17:44:48     Container t-coop-backend-db-init-1 Starting 
2026-08-30 17:44:48     Container t-coop-backend-db-init-1 Started 
2026-08-30 17:44:48     Container t-coop-backend-db-init-1 Waiting 
2026-08-30 17:44:49     Container t-coop-backend-db-init-1 Exited 
2026-08-30 17:44:49  ngrok is already running (PID 16760).
2026-08-30 17:44:49  === keep-alive check complete ===
2026-08-30 17:49:47  === keep-alive check starting ===
2026-08-30 17:49:48  Ensuring containers are up (docker compose up -d).
2026-08-30 17:49:48     Container t-coop-local-db Running 
2026-08-30 17:49:48     Container t-coop-backend Running 
2026-08-30 17:49:48     Container t-coop-local-db Waiting 
2026-08-30 17:49:49     Container t-coop-local-db Healthy 
2026-08-30 17:49:49     Container t-coop-backend-db-init-1 Starting 
2026-08-30 17:49:49     Container t-coop-backend-db-init-1 Started 
2026-08-30 17:49:49     Container t-coop-backend-db-init-1 Waiting 
2026-08-30 17:49:49     Container t-coop-backend-db-init-1 Exited 
2026-08-30 17:49:50  ngrok is already running (PID 16760).
2026-08-30 17:49:50  === keep-alive check complete ===
2026-08-30 17:54:54  === keep-alive check starting ===
2026-08-30 17:54:55  Ensuring containers are up (docker compose up -d).
2026-08-30 17:54:55     Container t-coop-local-db Running 
2026-08-30 17:54:55     Container t-coop-backend Running 
2026-08-30 17:54:55     Container t-coop-local-db Waiting 
2026-08-30 17:54:56     Container t-coop-local-db Healthy 
2026-08-30 17:54:56     Container t-coop-backend-db-init-1 Starting 
2026-08-30 17:54:56     Container t-coop-backend-db-init-1 Started 
2026-08-30 17:54:56     Container t-coop-backend-db-init-1 Waiting 
2026-08-30 17:54:56     Container t-coop-backend-db-init-1 Exited 
2026-08-30 17:54:57  ngrok is already running (PID 16760).
2026-08-30 17:54:57  === keep-alive check complete ===
2026-08-30 17:59:47  === keep-alive check starting ===
2026-08-30 17:59:48  Ensuring containers are up (docker compose up -d).
2026-08-30 17:59:49     Container t-coop-local-db Running 
2026-08-30 17:59:49     Container t-coop-backend Running 
2026-08-30 17:59:49     Container t-coop-local-db Waiting 
2026-08-30 17:59:49     Container t-coop-local-db Healthy 
2026-08-30 17:59:49     Container t-coop-backend-db-init-1 Starting 
2026-08-30 17:59:49     Container t-coop-backend-db-init-1 Started 
2026-08-30 17:59:49     Container t-coop-backend-db-init-1 Waiting 
2026-08-30 17:59:50     Container t-coop-backend-db-init-1 Exited 
2026-08-30 17:59:50  ngrok is already running (PID 16760).
2026-08-30 17:59:50  === keep-alive check complete ===
2026-08-30 20:36:21  === keep-alive check starting ===
2026-08-30 20:36:32  Docker Desktop not running - launching it.
2026-08-30 20:36:44  Docker engine is ready.
2026-08-30 20:36:46  Ensuring containers are up (docker compose up -d).
2026-08-30 20:36:47     Container t-coop-backend Running 
2026-08-30 20:36:47     Container t-coop-local-db Starting 
2026-08-30 20:36:47     Container t-coop-local-db Started 
2026-08-30 20:36:47     Container t-coop-local-db Waiting 
2026-08-30 20:36:58     Container t-coop-local-db Healthy 
2026-08-30 20:36:58     Container t-coop-backend-db-init-1 Starting 
2026-08-30 20:36:58     Container t-coop-backend-db-init-1 Started 
2026-08-30 20:36:58     Container t-coop-backend-db-init-1 Waiting 
2026-08-30 20:36:59     Container t-coop-backend-db-init-1 Exited 
2026-08-30 20:36:59  ngrok is not running - starting tunnel on hamster-probiotic-compile.ngrok-free.dev.
2026-08-30 20:36:59  === keep-alive check complete ===
2026-08-30 20:42:14  === keep-alive check starting ===
2026-08-30 20:42:17  Ensuring containers are up (docker compose up -d).
2026-08-30 20:42:17     Container t-coop-local-db Running 
2026-08-30 20:42:17     Container t-coop-backend Running 
2026-08-30 20:42:17     Container t-coop-local-db Waiting 
2026-08-30 20:42:18     Container t-coop-local-db Healthy 
2026-08-30 20:42:18     Container t-coop-backend-db-init-1 Starting 
2026-08-30 20:42:18     Container t-coop-backend-db-init-1 Started 
2026-08-30 20:42:18     Container t-coop-backend-db-init-1 Waiting 
2026-08-30 20:42:19     Container t-coop-backend-db-init-1 Exited 
2026-08-30 20:42:19  ngrok is already running (PID 32016).
2026-08-30 20:42:19  === keep-alive check complete ===
2026-08-30 20:44:56  === keep-alive check starting ===
2026-08-30 20:44:57  Ensuring containers are up (docker compose up -d).
2026-08-30 20:44:57     Container t-coop-local-db Running 
2026-08-30 20:44:57     Container t-coop-backend Running 
2026-08-30 20:44:57     Container t-coop-local-db Waiting 
2026-08-30 20:44:58     Container t-coop-local-db Healthy 
2026-08-30 20:44:58     Container t-coop-backend-db-init-1 Starting 
2026-08-30 20:44:58     Container t-coop-backend-db-init-1 Started 
2026-08-30 20:44:58     Container t-coop-backend-db-init-1 Waiting 
2026-08-30 20:44:59     Container t-coop-backend-db-init-1 Exited 
2026-08-30 20:44:59  ngrok is already running (PID 32016).
2026-08-30 20:44:59  === keep-alive check complete ===
2026-08-31 10:52:46  === keep-alive check starting ===
2026-08-31 10:52:53  Docker Desktop not running - launching it.
2026-08-31 10:53:07  Docker engine is ready.
2026-08-31 10:53:08  Ensuring containers are up (docker compose up -d).
2026-08-31 10:53:09     Container t-coop-backend Running 
2026-08-31 10:53:09     Container t-coop-local-db Starting 
2026-08-31 10:53:10     Container t-coop-local-db Started 
2026-08-31 10:53:10     Container t-coop-local-db Waiting 
2026-08-31 10:53:23     Container t-coop-local-db Healthy 
2026-08-31 10:53:23     Container t-coop-backend-db-init-1 Starting 
2026-08-31 10:53:23     Container t-coop-backend-db-init-1 Started 
2026-08-31 10:53:23     Container t-coop-backend-db-init-1 Waiting 
2026-08-31 10:53:24     Container t-coop-backend-db-init-1 Exited 
2026-08-31 10:53:24  ngrok is not running - starting tunnel on hamster-probiotic-compile.ngrok-free.dev.
2026-08-31 10:53:24  === keep-alive check complete ===
2026-08-31 10:58:38  === keep-alive check starting ===
2026-08-31 10:58:43  Ensuring containers are up (docker compose up -d).
2026-08-31 10:58:43     Container t-coop-backend Running 
2026-08-31 10:58:43     Container t-coop-local-db Running 
2026-08-31 10:58:43     Container t-coop-local-db Waiting 
2026-08-31 10:58:44     Container t-coop-local-db Healthy 
2026-08-31 10:58:44     Container t-coop-backend-db-init-1 Starting 
2026-08-31 10:58:45     Container t-coop-backend-db-init-1 Started 
2026-08-31 10:58:45     Container t-coop-backend-db-init-1 Waiting 
2026-08-31 10:58:45     Container t-coop-backend-db-init-1 Exited 
2026-08-31 10:58:46  ngrok is already running (PID 31072).
2026-08-31 10:58:46  === keep-alive check complete ===
2026-08-31 11:04:55  === keep-alive check starting ===
2026-08-31 11:05:00  Ensuring containers are up (docker compose up -d).
2026-08-31 11:05:00     Container t-coop-backend Running 
2026-08-31 11:05:00     Container t-coop-local-db Running 
2026-08-31 11:05:00     Container t-coop-local-db Waiting 
2026-08-31 11:05:01     Container t-coop-local-db Healthy 
2026-08-31 11:05:01     Container t-coop-backend-db-init-1 Starting 
2026-08-31 11:05:01     Container t-coop-backend-db-init-1 Started 
2026-08-31 11:05:01     Container t-coop-backend-db-init-1 Waiting 
2026-08-31 11:05:01     Container t-coop-backend-db-init-1 Exited 
2026-08-31 11:05:02  ngrok is already running (PID 31072).
2026-08-31 11:05:02  === keep-alive check complete ===
2026-08-31 11:09:56  === keep-alive check starting ===
2026-08-31 11:10:01  Ensuring containers are up (docker compose up -d).
2026-08-31 11:10:01     Container t-coop-backend Running 
2026-08-31 11:10:01     Container t-coop-local-db Running 
2026-08-31 11:10:01     Container t-coop-local-db Waiting 
2026-08-31 11:10:02     Container t-coop-local-db Healthy 
2026-08-31 11:10:02     Container t-coop-backend-db-init-1 Starting 
2026-08-31 11:10:02     Container t-coop-backend-db-init-1 Started 
2026-08-31 11:10:02     Container t-coop-backend-db-init-1 Waiting 
2026-08-31 11:10:02     Container t-coop-backend-db-init-1 Exited 
2026-08-31 11:10:03  ngrok is already running (PID 31072).
2026-08-31 11:10:03  === keep-alive check complete ===
2026-08-31 11:14:53  === keep-alive check starting ===
2026-08-31 11:14:54  Ensuring containers are up (docker compose up -d).
2026-08-31 11:14:55     Container t-coop-backend Running 
2026-08-31 11:14:55     Container t-coop-local-db Running 
2026-08-31 11:14:55     Container t-coop-local-db Waiting 
2026-08-31 11:14:55     Container t-coop-local-db Healthy 
2026-08-31 11:14:55     Container t-coop-backend-db-init-1 Starting 
2026-08-31 11:14:55     Container t-coop-backend-db-init-1 Started 
2026-08-31 11:14:55     Container t-coop-backend-db-init-1 Waiting 
2026-08-31 11:14:56     Container t-coop-backend-db-init-1 Exited 
2026-08-31 11:14:57  ngrok is already running (PID 31072).
2026-08-31 11:14:57  === keep-alive check complete ===
2026-08-31 11:19:53  === keep-alive check starting ===
2026-08-31 11:19:55  Ensuring containers are up (docker compose up -d).
2026-08-31 11:19:55     Container t-coop-backend Running 
2026-08-31 11:19:55     Container t-coop-local-db Running 
2026-08-31 11:19:55     Container t-coop-local-db Waiting 
2026-08-31 11:19:56     Container t-coop-local-db Healthy 
2026-08-31 11:19:56     Container t-coop-backend-db-init-1 Starting 
2026-08-31 11:19:56     Container t-coop-backend-db-init-1 Started 
2026-08-31 11:19:56     Container t-coop-backend-db-init-1 Waiting 
2026-08-31 11:19:57     Container t-coop-backend-db-init-1 Exited 
2026-08-31 11:19:57  ngrok is already running (PID 31072).
2026-08-31 11:19:57  === keep-alive check complete ===
2026-08-31 11:24:54  === keep-alive check starting ===
2026-08-31 11:24:58  Ensuring containers are up (docker compose up -d).
2026-08-31 11:24:59     Container t-coop-backend Running 
2026-08-31 11:24:59     Container t-coop-local-db Running 
2026-08-31 11:24:59     Container t-coop-local-db Waiting 
2026-08-31 11:24:59     Container t-coop-local-db Healthy 
2026-08-31 11:24:59     Container t-coop-backend-db-init-1 Starting 
2026-08-31 11:25:00     Container t-coop-backend-db-init-1 Started 
2026-08-31 11:25:00     Container t-coop-backend-db-init-1 Waiting 
2026-08-31 11:25:00     Container t-coop-backend-db-init-1 Exited 
2026-08-31 11:25:01  ngrok is already running (PID 31072).
2026-08-31 11:25:01  === keep-alive check complete ===
2026-08-31 11:29:53  === keep-alive check starting ===
2026-08-31 11:29:57  Ensuring containers are up (docker compose up -d).
2026-08-31 11:29:58     Container t-coop-backend Running 
2026-08-31 11:29:58     Container t-coop-local-db Running 
2026-08-31 11:29:58     Container t-coop-local-db Waiting 
2026-08-31 11:29:58     Container t-coop-local-db Healthy 
2026-08-31 11:29:58     Container t-coop-backend-db-init-1 Starting 
2026-08-31 11:29:58     Container t-coop-backend-db-init-1 Started 
2026-08-31 11:29:58     Container t-coop-backend-db-init-1 Waiting 
2026-08-31 11:29:59     Container t-coop-backend-db-init-1 Exited 
2026-08-31 11:30:00  ngrok is already running (PID 31072).
2026-08-31 11:30:00  === keep-alive check complete ===
2026-08-31 11:34:59  === keep-alive check starting ===
2026-08-31 11:35:00  Ensuring containers are up (docker compose up -d).
2026-08-31 11:35:01     Container t-coop-backend Running 
2026-08-31 11:35:01     Container t-coop-local-db Running 
2026-08-31 11:35:01     Container t-coop-local-db Waiting 
2026-08-31 11:35:02     Container t-coop-local-db Healthy 
2026-08-31 11:35:02     Container t-coop-backend-db-init-1 Starting 
2026-08-31 11:35:02     Container t-coop-backend-db-init-1 Started 
2026-08-31 11:35:02     Container t-coop-backend-db-init-1 Waiting 
2026-08-31 11:35:02     Container t-coop-backend-db-init-1 Exited 
2026-08-31 11:35:03  ngrok is already running (PID 31072).
2026-08-31 11:35:03  === keep-alive check complete ===
2026-08-31 11:39:59  === keep-alive check starting ===
2026-08-31 11:40:02  Ensuring containers are up (docker compose up -d).
2026-08-31 11:40:03     Container t-coop-local-db Running 
2026-08-31 11:40:03     Container t-coop-backend Running 
2026-08-31 11:40:03     Container t-coop-local-db Waiting 
2026-08-31 11:40:03     Container t-coop-local-db Healthy 
2026-08-31 11:40:03     Container t-coop-backend-db-init-1 Starting 
2026-08-31 11:40:04     Container t-coop-backend-db-init-1 Started 
2026-08-31 11:40:04     Container t-coop-backend-db-init-1 Waiting 
2026-08-31 11:40:04     Container t-coop-backend-db-init-1 Exited 
2026-08-31 11:40:05  ngrok is already running (PID 31072).
2026-08-31 11:40:05  === keep-alive check complete ===
2026-08-31 11:44:57  === keep-alive check starting ===
2026-08-31 11:44:58  Ensuring containers are up (docker compose up -d).
2026-08-31 11:44:59     Container t-coop-backend Running 
2026-08-31 11:44:59     Container t-coop-local-db Running 
2026-08-31 11:44:59     Container t-coop-local-db Waiting 
2026-08-31 11:44:59     Container t-coop-local-db Healthy 
2026-08-31 11:44:59     Container t-coop-backend-db-init-1 Starting 
2026-08-31 11:44:59     Container t-coop-backend-db-init-1 Started 
2026-08-31 11:44:59     Container t-coop-backend-db-init-1 Waiting 
2026-08-31 11:45:00     Container t-coop-backend-db-init-1 Exited 
2026-08-31 11:45:00  ngrok is already running (PID 31072).
2026-08-31 11:45:00  === keep-alive check complete ===
2026-08-31 11:49:53  === keep-alive check starting ===
2026-08-31 11:49:55  Ensuring containers are up (docker compose up -d).
2026-08-31 11:49:55     Container t-coop-backend Running 
2026-08-31 11:49:55     Container t-coop-local-db Running 
2026-08-31 11:49:55     Container t-coop-local-db Waiting 
2026-08-31 11:49:56     Container t-coop-local-db Healthy 
2026-08-31 11:49:56     Container t-coop-backend-db-init-1 Starting 
2026-08-31 11:49:56     Container t-coop-backend-db-init-1 Started 
2026-08-31 11:49:56     Container t-coop-backend-db-init-1 Waiting 
2026-08-31 11:49:57     Container t-coop-backend-db-init-1 Exited 
2026-08-31 11:49:57  ngrok is already running (PID 31072).
2026-08-31 11:49:57  === keep-alive check complete ===
2026-08-31 11:55:00  === keep-alive check starting ===
2026-08-31 11:55:08  Ensuring containers are up (docker compose up -d).
2026-08-31 11:55:08     Container t-coop-backend Running 
2026-08-31 11:55:08     Container t-coop-local-db Running 
2026-08-31 11:55:09     Container t-coop-local-db Waiting 
2026-08-31 11:55:09     Container t-coop-local-db Healthy 
2026-08-31 11:55:09     Container t-coop-backend-db-init-1 Starting 
2026-08-31 11:55:09     Container t-coop-backend-db-init-1 Started 
2026-08-31 11:55:09     Container t-coop-backend-db-init-1 Waiting 
2026-08-31 11:55:10     Container t-coop-backend-db-init-1 Exited 
2026-08-31 11:55:10  ngrok is already running (PID 31072).
2026-08-31 11:55:10  === keep-alive check complete ===
2026-08-31 12:00:03  === keep-alive check starting ===
2026-08-31 12:00:11  Ensuring containers are up (docker compose up -d).
2026-08-31 12:00:11     Container t-coop-backend Running 
2026-08-31 12:00:11     Container t-coop-local-db Running 
2026-08-31 12:00:11     Container t-coop-local-db Waiting 
2026-08-31 12:00:12     Container t-coop-local-db Healthy 
2026-08-31 12:00:12     Container t-coop-backend-db-init-1 Starting 
2026-08-31 12:00:12     Container t-coop-backend-db-init-1 Started 
2026-08-31 12:00:12     Container t-coop-backend-db-init-1 Waiting 
2026-08-31 12:00:13     Container t-coop-backend-db-init-1 Exited 
2026-08-31 12:00:13  ngrok is already running (PID 31072).
2026-08-31 12:00:13  === keep-alive check complete ===
2026-08-31 12:05:00  === keep-alive check starting ===
2026-08-31 12:05:07  Ensuring containers are up (docker compose up -d).
2026-08-31 12:05:08     Container t-coop-backend Running 
2026-08-31 12:05:08     Container t-coop-local-db Running 
2026-08-31 12:05:08     Container t-coop-local-db Waiting 
2026-08-31 12:05:08     Container t-coop-local-db Healthy 
2026-08-31 12:05:08     Container t-coop-backend-db-init-1 Starting 
2026-08-31 12:05:09     Container t-coop-backend-db-init-1 Started 
2026-08-31 12:05:09     Container t-coop-backend-db-init-1 Waiting 
2026-08-31 12:05:09     Container t-coop-backend-db-init-1 Exited 
2026-08-31 12:05:10  ngrok is already running (PID 31072).
2026-08-31 12:05:10  === keep-alive check complete ===
2026-08-31 12:09:59  === keep-alive check starting ===
2026-08-31 12:10:07  Ensuring containers are up (docker compose up -d).
2026-08-31 12:10:08     Container t-coop-local-db Running 
2026-08-31 12:10:08     Container t-coop-backend Running 
2026-08-31 12:10:08     Container t-coop-local-db Waiting 
2026-08-31 12:10:08     Container t-coop-local-db Healthy 
2026-08-31 12:10:08     Container t-coop-backend-db-init-1 Starting 
2026-08-31 12:10:08     Container t-coop-backend-db-init-1 Started 
2026-08-31 12:10:08     Container t-coop-backend-db-init-1 Waiting 
2026-08-31 12:10:09     Container t-coop-backend-db-init-1 Exited 
2026-08-31 12:10:09  ngrok is already running (PID 31072).
2026-08-31 12:10:09  === keep-alive check complete ===
2026-08-31 12:15:00  === keep-alive check starting ===
2026-08-31 12:15:08  Ensuring containers are up (docker compose up -d).
2026-08-31 12:15:08     Container t-coop-backend Running 
2026-08-31 12:15:08     Container t-coop-local-db Running 
2026-08-31 12:15:08     Container t-coop-local-db Waiting 
2026-08-31 12:15:08     Container t-coop-local-db Healthy 
2026-08-31 12:15:08     Container t-coop-backend-db-init-1 Starting 
2026-08-31 12:15:09     Container t-coop-backend-db-init-1 Started 
2026-08-31 12:15:09     Container t-coop-backend-db-init-1 Waiting 
2026-08-31 12:15:09     Container t-coop-backend-db-init-1 Exited 
2026-08-31 12:15:10  ngrok is already running (PID 31072).
2026-08-31 12:15:10  === keep-alive check complete ===
2026-08-31 14:02:21  === keep-alive check starting ===
2026-08-31 14:02:24  Docker Desktop not running - launching it.
2026-08-31 14:02:35  Docker engine is ready.
2026-08-31 14:02:37  Ensuring containers are up (docker compose up -d).
2026-08-31 14:02:37     Container t-coop-backend Running 
2026-08-31 14:02:37     Container t-coop-local-db Starting 
2026-08-31 14:02:38     Container t-coop-local-db Started 
2026-08-31 14:02:38     Container t-coop-local-db Waiting 
2026-08-31 14:02:49     Container t-coop-local-db Healthy 
2026-08-31 14:02:49     Container t-coop-backend-db-init-1 Starting 
2026-08-31 14:02:49     Container t-coop-backend-db-init-1 Started 
2026-08-31 14:02:49     Container t-coop-backend-db-init-1 Waiting 
2026-08-31 14:02:49     Container t-coop-backend-db-init-1 Exited 
2026-08-31 14:02:50  ngrok is not running - starting tunnel on hamster-probiotic-compile.ngrok-free.dev.
2026-08-31 14:02:50  === keep-alive check complete ===
2026-08-31 14:08:06  === keep-alive check starting ===
2026-08-31 14:08:07  Ensuring containers are up (docker compose up -d).
2026-08-31 14:08:07     Container t-coop-backend Running 
2026-08-31 14:08:07     Container t-coop-local-db Running 
2026-08-31 14:08:07     Container t-coop-local-db Waiting 
2026-08-31 14:08:08     Container t-coop-local-db Healthy 
2026-08-31 14:08:08     Container t-coop-backend-db-init-1 Starting 
2026-08-31 14:08:08     Container t-coop-backend-db-init-1 Started 
2026-08-31 14:08:08     Container t-coop-backend-db-init-1 Waiting 
2026-08-31 14:08:08     Container t-coop-backend-db-init-1 Exited 
2026-08-31 14:08:09  ngrok is already running (PID 20220).
2026-08-31 14:08:09  === keep-alive check complete ===
2026-08-31 14:09:52  === keep-alive check starting ===
2026-08-31 14:10:00  Ensuring containers are up (docker compose up -d).
2026-08-31 14:10:00     Container t-coop-local-db Running 
2026-08-31 14:10:00     Container t-coop-backend Running 
2026-08-31 14:10:00     Container t-coop-local-db Waiting 
2026-08-31 14:10:00     Container t-coop-local-db Healthy 
2026-08-31 14:10:00     Container t-coop-backend-db-init-1 Starting 
2026-08-31 14:10:01     Container t-coop-backend-db-init-1 Started 
2026-08-31 14:10:01     Container t-coop-backend-db-init-1 Waiting 
2026-08-31 14:10:01     Container t-coop-backend-db-init-1 Exited 
2026-08-31 14:10:02  ngrok is already running (PID 20220).
2026-08-31 14:10:02  === keep-alive check complete ===
2026-08-31 14:15:03  === keep-alive check starting ===
2026-08-31 14:15:14  Ensuring containers are up (docker compose up -d).
2026-08-31 14:15:15     Container t-coop-local-db Running 
2026-08-31 14:15:15     Container t-coop-backend Running 
2026-08-31 14:15:15     Container t-coop-local-db Waiting 
2026-08-31 14:15:15     Container t-coop-local-db Healthy 
2026-08-31 14:15:15     Container t-coop-backend-db-init-1 Starting 
2026-08-31 14:15:15     Container t-coop-backend-db-init-1 Started 
2026-08-31 14:15:15     Container t-coop-backend-db-init-1 Waiting 
2026-08-31 14:15:16     Container t-coop-backend-db-init-1 Exited 
2026-08-31 14:15:16  ngrok is already running (PID 20220).
2026-08-31 14:15:16  === keep-alive check complete ===
2026-08-31 14:20:44  === keep-alive check starting ===
2026-08-31 14:20:51  Ensuring containers are up (docker compose up -d).
2026-08-31 14:20:52     Container t-coop-backend Running 
2026-08-31 14:20:52     Container t-coop-local-db Running 
2026-08-31 14:20:52     Container t-coop-local-db Waiting 
2026-08-31 14:20:52     Container t-coop-local-db Healthy 
2026-08-31 14:20:52     Container t-coop-backend-db-init-1 Starting 
2026-08-31 14:20:53     Container t-coop-backend-db-init-1 Started 
2026-08-31 14:20:53     Container t-coop-backend-db-init-1 Waiting 
2026-08-31 14:20:53     Container t-coop-backend-db-init-1 Exited 
2026-08-31 14:20:53  ngrok is already running (PID 20220).
2026-08-31 14:20:53  === keep-alive check complete ===
2026-08-31 14:25:02  === keep-alive check starting ===
2026-08-31 14:25:05  Ensuring containers are up (docker compose up -d).
2026-08-31 14:25:05     Container t-coop-backend Running 
2026-08-31 14:25:05     Container t-coop-local-db Running 
2026-08-31 14:25:05     Container t-coop-local-db Waiting 
2026-08-31 14:25:05     Container t-coop-local-db Healthy 
2026-08-31 14:25:05     Container t-coop-backend-db-init-1 Starting 
2026-08-31 14:25:06     Container t-coop-backend-db-init-1 Started 
2026-08-31 14:25:06     Container t-coop-backend-db-init-1 Waiting 
2026-08-31 14:25:06     Container t-coop-backend-db-init-1 Exited 
2026-08-31 14:25:07  ngrok is already running (PID 20220).
2026-08-31 14:25:07  === keep-alive check complete ===
2026-08-31 14:29:58  === keep-alive check starting ===
2026-08-31 14:30:05  Ensuring containers are up (docker compose up -d).
2026-08-31 14:30:06     Container t-coop-local-db Running 
2026-08-31 14:30:06     Container t-coop-backend Running 
2026-08-31 14:30:06     Container t-coop-local-db Waiting 
2026-08-31 14:30:06     Container t-coop-local-db Healthy 
2026-08-31 14:30:06     Container t-coop-backend-db-init-1 Starting 
2026-08-31 14:30:07     Container t-coop-backend-db-init-1 Started 
2026-08-31 14:30:07     Container t-coop-backend-db-init-1 Waiting 
2026-08-31 14:30:07     Container t-coop-backend-db-init-1 Exited 
2026-08-31 14:30:08  ngrok is already running (PID 20220).
2026-08-31 14:30:08  === keep-alive check complete ===
2026-08-31 14:34:56  === keep-alive check starting ===
2026-08-31 14:35:00  Ensuring containers are up (docker compose up -d).
2026-08-31 14:35:01     Container t-coop-backend Running 
2026-08-31 14:35:01     Container t-coop-local-db Running 
2026-08-31 14:35:01     Container t-coop-local-db Waiting 
2026-08-31 14:35:01     Container t-coop-local-db Healthy 
2026-08-31 14:35:01     Container t-coop-backend-db-init-1 Starting 
2026-08-31 14:35:01     Container t-coop-backend-db-init-1 Started 
2026-08-31 14:35:01     Container t-coop-backend-db-init-1 Waiting 
2026-08-31 14:35:02     Container t-coop-backend-db-init-1 Exited 
2026-08-31 14:35:02  ngrok is already running (PID 20220).
2026-08-31 14:35:02  === keep-alive check complete ===
2026-08-31 14:39:59  === keep-alive check starting ===
2026-08-31 14:40:01  Ensuring containers are up (docker compose up -d).
2026-08-31 14:40:01     Container t-coop-backend Running 
2026-08-31 14:40:01     Container t-coop-local-db Running 
2026-08-31 14:40:01     Container t-coop-local-db Waiting 
2026-08-31 14:40:02     Container t-coop-local-db Healthy 
2026-08-31 14:40:02     Container t-coop-backend-db-init-1 Starting 
2026-08-31 14:40:02     Container t-coop-backend-db-init-1 Started 
2026-08-31 14:40:02     Container t-coop-backend-db-init-1 Waiting 
2026-08-31 14:40:02     Container t-coop-backend-db-init-1 Exited 
2026-08-31 14:40:03  ngrok is already running (PID 20220).
2026-08-31 14:40:03  === keep-alive check complete ===
2026-08-31 14:45:00  === keep-alive check starting ===
2026-08-31 14:45:04  Ensuring containers are up (docker compose up -d).
2026-08-31 14:45:04     Container t-coop-backend Running 
2026-08-31 14:45:04     Container t-coop-local-db Running 
2026-08-31 14:45:04     Container t-coop-local-db Waiting 
2026-08-31 14:45:05     Container t-coop-local-db Healthy 
2026-08-31 14:45:05     Container t-coop-backend-db-init-1 Starting 
2026-08-31 14:45:05     Container t-coop-backend-db-init-1 Started 
2026-08-31 14:45:05     Container t-coop-backend-db-init-1 Waiting 
2026-08-31 14:45:06     Container t-coop-backend-db-init-1 Exited 
2026-08-31 14:45:07  ngrok is already running (PID 20220).
2026-08-31 14:45:07  === keep-alive check complete ===
2026-08-31 14:49:55  === keep-alive check starting ===
2026-08-31 14:49:58  Ensuring containers are up (docker compose up -d).
2026-08-31 14:49:59     Container t-coop-backend Running 
2026-08-31 14:49:59     Container t-coop-local-db Running 
2026-08-31 14:49:59     Container t-coop-local-db Waiting 
2026-08-31 14:49:59     Container t-coop-local-db Healthy 
2026-08-31 14:49:59     Container t-coop-backend-db-init-1 Starting 
2026-08-31 14:49:59     Container t-coop-backend-db-init-1 Started 
2026-08-31 14:49:59     Container t-coop-backend-db-init-1 Waiting 
2026-08-31 14:50:00     Container t-coop-backend-db-init-1 Exited 
2026-08-31 14:50:00  ngrok is already running (PID 20220).
2026-08-31 14:50:00  === keep-alive check complete ===
2026-08-31 14:59:53  === keep-alive check starting ===
2026-08-31 14:59:57  Ensuring containers are up (docker compose up -d).
2026-08-31 14:59:57     Container t-coop-backend Running 
2026-08-31 14:59:57     Container t-coop-local-db Running 
2026-08-31 14:59:57     Container t-coop-local-db Waiting 
2026-08-31 14:59:58     Container t-coop-local-db Healthy 
2026-08-31 14:59:58     Container t-coop-backend-db-init-1 Starting 
2026-08-31 14:59:58     Container t-coop-backend-db-init-1 Started 
2026-08-31 14:59:58     Container t-coop-backend-db-init-1 Waiting 
2026-08-31 14:59:58     Container t-coop-backend-db-init-1 Exited 
2026-08-31 14:59:59  ngrok is already running (PID 20220).
2026-08-31 14:59:59  === keep-alive check complete ===
2026-08-31 15:04:57  === keep-alive check starting ===
2026-08-31 15:05:01  Ensuring containers are up (docker compose up -d).
2026-08-31 15:05:01     Container t-coop-local-db Running 
2026-08-31 15:05:01     Container t-coop-backend Running 
2026-08-31 15:05:01     Container t-coop-local-db Waiting 
2026-08-31 15:05:02     Container t-coop-local-db Healthy 
2026-08-31 15:05:02     Container t-coop-backend-db-init-1 Starting 
2026-08-31 15:05:02     Container t-coop-backend-db-init-1 Started 
2026-08-31 15:05:02     Container t-coop-backend-db-init-1 Waiting 
2026-08-31 15:05:02     Container t-coop-backend-db-init-1 Exited 
2026-08-31 15:05:03  ngrok is already running (PID 20220).
2026-08-31 15:05:03  === keep-alive check complete ===
2026-08-31 15:09:58  === keep-alive check starting ===
2026-08-31 15:10:02  Ensuring containers are up (docker compose up -d).
2026-08-31 15:10:03     Container t-coop-backend Running 
2026-08-31 15:10:03     Container t-coop-local-db Running 
2026-08-31 15:10:03     Container t-coop-local-db Waiting 
2026-08-31 15:10:03     Container t-coop-local-db Healthy 
2026-08-31 15:10:03     Container t-coop-backend-db-init-1 Starting 
2026-08-31 15:10:04     Container t-coop-backend-db-init-1 Started 
2026-08-31 15:10:04     Container t-coop-backend-db-init-1 Waiting 
2026-08-31 15:10:04     Container t-coop-backend-db-init-1 Exited 
2026-08-31 15:10:05  ngrok is already running (PID 20220).
2026-08-31 15:10:05  === keep-alive check complete ===
2026-08-31 15:14:52  === keep-alive check starting ===
2026-08-31 15:14:55  Ensuring containers are up (docker compose up -d).
2026-08-31 15:14:56     Container t-coop-local-db Running 
2026-08-31 15:14:56     Container t-coop-backend Running 
2026-08-31 15:14:56     Container t-coop-local-db Waiting 
2026-08-31 15:14:56     Container t-coop-local-db Healthy 
2026-08-31 15:14:56     Container t-coop-backend-db-init-1 Starting 
2026-08-31 15:14:56     Container t-coop-backend-db-init-1 Started 
2026-08-31 15:14:56     Container t-coop-backend-db-init-1 Waiting 
2026-08-31 15:14:57     Container t-coop-backend-db-init-1 Exited 
2026-08-31 15:14:58  ngrok is already running (PID 20220).
2026-08-31 15:14:58  === keep-alive check complete ===
2026-08-31 15:19:53  === keep-alive check starting ===
2026-08-31 15:19:56  Ensuring containers are up (docker compose up -d).
2026-08-31 15:19:57     Container t-coop-local-db Running 
2026-08-31 15:19:57     Container t-coop-backend Running 
2026-08-31 15:19:57     Container t-coop-local-db Waiting 
2026-08-31 15:19:57     Container t-coop-local-db Healthy 
2026-08-31 15:19:57     Container t-coop-backend-db-init-1 Starting 
2026-08-31 15:19:57     Container t-coop-backend-db-init-1 Started 
2026-08-31 15:19:57     Container t-coop-backend-db-init-1 Waiting 
2026-08-31 15:19:58     Container t-coop-backend-db-init-1 Exited 
2026-08-31 15:19:58  ngrok is already running (PID 20220).
2026-08-31 15:19:58  === keep-alive check complete ===
2026-08-31 15:29:51  === keep-alive check starting ===
2026-08-31 15:29:54  Ensuring containers are up (docker compose up -d).
2026-08-31 15:29:54     Container t-coop-backend Running 
2026-08-31 15:29:54     Container t-coop-local-db Running 
2026-08-31 15:29:54     Container t-coop-local-db Waiting 
2026-08-31 15:29:55     Container t-coop-local-db Healthy 
2026-08-31 15:29:55     Container t-coop-backend-db-init-1 Starting 
2026-08-31 15:29:55     Container t-coop-backend-db-init-1 Started 
2026-08-31 15:29:55     Container t-coop-backend-db-init-1 Waiting 
2026-08-31 15:29:56     Container t-coop-backend-db-init-1 Exited 
2026-08-31 15:29:56  ngrok is already running (PID 20220).
2026-08-31 15:29:56  === keep-alive check complete ===
2026-08-31 15:34:51  === keep-alive check starting ===
2026-08-31 15:34:52  Ensuring containers are up (docker compose up -d).
2026-08-31 15:34:52     Container t-coop-backend Running 
2026-08-31 15:34:52     Container t-coop-local-db Running 
2026-08-31 15:34:52     Container t-coop-local-db Waiting 
2026-08-31 15:34:53     Container t-coop-local-db Healthy 
2026-08-31 15:34:53     Container t-coop-backend-db-init-1 Starting 
2026-08-31 15:34:53     Container t-coop-backend-db-init-1 Started 
2026-08-31 15:34:53     Container t-coop-backend-db-init-1 Waiting 
2026-08-31 15:34:53     Container t-coop-backend-db-init-1 Exited 
2026-08-31 15:34:54  ngrok is already running (PID 20220).
2026-08-31 15:34:54  === keep-alive check complete ===
2026-08-31 15:39:51  === keep-alive check starting ===
2026-08-31 15:39:52  Ensuring containers are up (docker compose up -d).
2026-08-31 15:39:52     Container t-coop-backend Running 
2026-08-31 15:39:52     Container t-coop-local-db Running 
2026-08-31 15:39:52     Container t-coop-local-db Waiting 
2026-08-31 15:39:53     Container t-coop-local-db Healthy 
2026-08-31 15:39:53     Container t-coop-backend-db-init-1 Starting 
2026-08-31 15:39:53     Container t-coop-backend-db-init-1 Started 
2026-08-31 15:39:53     Container t-coop-backend-db-init-1 Waiting 
2026-08-31 15:39:53     Container t-coop-backend-db-init-1 Exited 
2026-08-31 15:39:54  ngrok is already running (PID 20220).
2026-08-31 15:39:54  === keep-alive check complete ===
2026-08-31 15:54:51  === keep-alive check starting ===
2026-08-31 15:54:52  Ensuring containers are up (docker compose up -d).
2026-08-31 15:54:53     Container t-coop-backend Running 
2026-08-31 15:54:53     Container t-coop-local-db Running 
2026-08-31 15:54:53     Container t-coop-local-db Waiting 
2026-08-31 15:54:53     Container t-coop-local-db Healthy 
2026-08-31 15:54:53     Container t-coop-backend-db-init-1 Starting 
2026-08-31 15:54:54     Container t-coop-backend-db-init-1 Started 
2026-08-31 15:54:54     Container t-coop-backend-db-init-1 Waiting 
2026-08-31 15:54:54     Container t-coop-backend-db-init-1 Exited 
2026-08-31 15:54:54  ngrok is already running (PID 20220).
2026-08-31 15:54:54  === keep-alive check complete ===
2026-08-31 15:59:54  === keep-alive check starting ===
2026-08-31 15:59:55  Ensuring containers are up (docker compose up -d).
2026-08-31 15:59:56     Container t-coop-backend Running 
2026-08-31 15:59:56     Container t-coop-local-db Running 
2026-08-31 15:59:56     Container t-coop-local-db Waiting 
2026-08-31 15:59:57     Container t-coop-local-db Healthy 
2026-08-31 15:59:57     Container t-coop-backend-db-init-1 Starting 
2026-08-31 15:59:57     Container t-coop-backend-db-init-1 Started 
2026-08-31 15:59:57     Container t-coop-backend-db-init-1 Waiting 
2026-08-31 15:59:57     Container t-coop-backend-db-init-1 Exited 
2026-08-31 15:59:58  ngrok is already running (PID 20220).
2026-08-31 15:59:58  === keep-alive check complete ===
2026-08-31 16:04:53  === keep-alive check starting ===
2026-08-31 16:04:55  Ensuring containers are up (docker compose up -d).
2026-08-31 16:04:56     Container t-coop-backend Running 
2026-08-31 16:04:56     Container t-coop-local-db Running 
2026-08-31 16:04:56     Container t-coop-local-db Waiting 
2026-08-31 16:04:56     Container t-coop-local-db Healthy 
2026-08-31 16:04:56     Container t-coop-backend-db-init-1 Starting 
2026-08-31 16:04:57     Container t-coop-backend-db-init-1 Started 
2026-08-31 16:04:57     Container t-coop-backend-db-init-1 Waiting 
2026-08-31 16:04:57     Container t-coop-backend-db-init-1 Exited 
2026-08-31 16:04:58  ngrok is already running (PID 20220).
2026-08-31 16:04:58  === keep-alive check complete ===
2026-08-31 16:09:53  === keep-alive check starting ===
2026-08-31 16:09:55  Ensuring containers are up (docker compose up -d).
2026-08-31 16:09:56     Container t-coop-backend Running 
2026-08-31 16:09:56     Container t-coop-local-db Running 
2026-08-31 16:09:56     Container t-coop-local-db Waiting 
2026-08-31 16:09:57     Container t-coop-local-db Healthy 
2026-08-31 16:09:57     Container t-coop-backend-db-init-1 Starting 
2026-08-31 16:09:57     Container t-coop-backend-db-init-1 Started 
2026-08-31 16:09:57     Container t-coop-backend-db-init-1 Waiting 
2026-08-31 16:09:58     Container t-coop-backend-db-init-1 Exited 
2026-08-31 16:09:58  ngrok is already running (PID 20220).
2026-08-31 16:09:58  === keep-alive check complete ===
2026-08-31 16:14:58  === keep-alive check starting ===
2026-08-31 16:15:00  Ensuring containers are up (docker compose up -d).
2026-08-31 16:15:01     Container t-coop-backend Running 
2026-08-31 16:15:01     Container t-coop-local-db Running 
2026-08-31 16:15:01     Container t-coop-local-db Waiting 
2026-08-31 16:15:01     Container t-coop-local-db Healthy 
2026-08-31 16:15:01     Container t-coop-backend-db-init-1 Starting 
2026-08-31 16:15:02     Container t-coop-backend-db-init-1 Started 
2026-08-31 16:15:02     Container t-coop-backend-db-init-1 Waiting 
2026-08-31 16:15:02     Container t-coop-backend-db-init-1 Exited 
2026-08-31 16:15:03  ngrok is already running (PID 20220).
2026-08-31 16:15:03  === keep-alive check complete ===
2026-08-31 16:19:51  === keep-alive check starting ===
2026-08-31 16:19:53  Ensuring containers are up (docker compose up -d).
2026-08-31 16:19:53     Container t-coop-local-db Running 
2026-08-31 16:19:53     Container t-coop-backend Running 
2026-08-31 16:19:53     Container t-coop-local-db Waiting 
2026-08-31 16:19:54     Container t-coop-local-db Healthy 
2026-08-31 16:19:54     Container t-coop-backend-db-init-1 Starting 
2026-08-31 16:19:54     Container t-coop-backend-db-init-1 Started 
2026-08-31 16:19:54     Container t-coop-backend-db-init-1 Waiting 
2026-08-31 16:19:55     Container t-coop-backend-db-init-1 Exited 
2026-08-31 16:19:55  ngrok is already running (PID 20220).
2026-08-31 16:19:55  === keep-alive check complete ===
2026-08-31 16:24:58  === keep-alive check starting ===
2026-08-31 16:25:02  Ensuring containers are up (docker compose up -d).
2026-08-31 16:25:02     Container t-coop-backend Running 
2026-08-31 16:25:02     Container t-coop-local-db Running 
2026-08-31 16:25:02     Container t-coop-local-db Waiting 
2026-08-31 16:25:03     Container t-coop-local-db Healthy 
2026-08-31 16:25:03     Container t-coop-backend-db-init-1 Starting 
2026-08-31 16:25:03     Container t-coop-backend-db-init-1 Started 
2026-08-31 16:25:03     Container t-coop-backend-db-init-1 Waiting 
2026-08-31 16:25:04     Container t-coop-backend-db-init-1 Exited 
2026-08-31 16:25:04  ngrok is already running (PID 20220).
2026-08-31 16:25:04  === keep-alive check complete ===
2026-08-31 16:29:54  === keep-alive check starting ===
2026-08-31 16:30:00  Ensuring containers are up (docker compose up -d).
2026-08-31 16:30:01     Container t-coop-backend Running 
2026-08-31 16:30:01     Container t-coop-local-db Running 
2026-08-31 16:30:01     Container t-coop-local-db Waiting 
2026-08-31 16:30:01     Container t-coop-local-db Healthy 
2026-08-31 16:30:01     Container t-coop-backend-db-init-1 Starting 
2026-08-31 16:30:02     Container t-coop-backend-db-init-1 Started 
2026-08-31 16:30:02     Container t-coop-backend-db-init-1 Waiting 
2026-08-31 16:30:02     Container t-coop-backend-db-init-1 Exited 
2026-08-31 16:30:03  ngrok is already running (PID 20220).
2026-08-31 16:30:03  === keep-alive check complete ===
2026-08-31 16:34:53  === keep-alive check starting ===
2026-08-31 16:34:56  Ensuring containers are up (docker compose up -d).
2026-08-31 16:34:57     Container t-coop-backend Running 
2026-08-31 16:34:57     Container t-coop-local-db Running 
2026-08-31 16:34:57     Container t-coop-local-db Waiting 
2026-08-31 16:34:57     Container t-coop-local-db Healthy 
2026-08-31 16:34:57     Container t-coop-backend-db-init-1 Starting 
2026-08-31 16:34:58     Container t-coop-backend-db-init-1 Started 
2026-08-31 16:34:58     Container t-coop-backend-db-init-1 Waiting 
2026-08-31 16:34:58     Container t-coop-backend-db-init-1 Exited 
2026-08-31 16:34:59  ngrok is already running (PID 20220).
2026-08-31 16:34:59  === keep-alive check complete ===
2026-08-31 16:40:01  === keep-alive check starting ===
2026-08-31 16:40:07  Ensuring containers are up (docker compose up -d).
2026-08-31 16:40:07     Container t-coop-local-db Running 
2026-08-31 16:40:07     Container t-coop-backend Running 
2026-08-31 16:40:07     Container t-coop-local-db Waiting 
2026-08-31 16:40:08     Container t-coop-local-db Healthy 
2026-08-31 16:40:08     Container t-coop-backend-db-init-1 Starting 
2026-08-31 16:40:08     Container t-coop-backend-db-init-1 Started 
2026-08-31 16:40:08     Container t-coop-backend-db-init-1 Waiting 
2026-08-31 16:40:08     Container t-coop-backend-db-init-1 Exited 
2026-08-31 16:40:09  ngrok is already running (PID 20220).
2026-08-31 16:40:09  === keep-alive check complete ===
2026-08-31 16:45:00  === keep-alive check starting ===
2026-08-31 16:45:04  Ensuring containers are up (docker compose up -d).
2026-08-31 16:45:04     Container t-coop-backend Running 
2026-08-31 16:45:04     Container t-coop-local-db Running 
2026-08-31 16:45:04     Container t-coop-local-db Waiting 
2026-08-31 16:45:05     Container t-coop-local-db Healthy 
2026-08-31 16:45:05     Container t-coop-backend-db-init-1 Starting 
2026-08-31 16:45:05     Container t-coop-backend-db-init-1 Started 
2026-08-31 16:45:05     Container t-coop-backend-db-init-1 Waiting 
2026-08-31 16:45:06     Container t-coop-backend-db-init-1 Exited 
2026-08-31 16:45:06  ngrok is already running (PID 20220).
2026-08-31 16:45:06  === keep-alive check complete ===
2026-08-31 16:51:46  === keep-alive check starting ===
2026-08-31 16:51:56  Ensuring containers are up (docker compose up -d).
2026-08-31 16:51:57     Container t-coop-backend Running 
2026-08-31 16:51:57     Container t-coop-local-db Running 
2026-08-31 16:51:57     Container t-coop-local-db Waiting 
2026-08-31 16:51:57     Container t-coop-local-db Healthy 
2026-08-31 16:51:57     Container t-coop-backend-db-init-1 Starting 
2026-08-31 16:51:57     Container t-coop-backend-db-init-1 Started 
2026-08-31 16:51:57     Container t-coop-backend-db-init-1 Waiting 
2026-08-31 16:51:58     Container t-coop-backend-db-init-1 Exited 
2026-08-31 16:51:59  ngrok is already running (PID 20220).
2026-08-31 16:51:59  === keep-alive check complete ===
2026-08-31 16:54:59  === keep-alive check starting ===
2026-08-31 16:55:08  Ensuring containers are up (docker compose up -d).
2026-08-31 16:55:09     Container t-coop-backend Running 
2026-08-31 16:55:09     Container t-coop-local-db Running 
2026-08-31 16:55:09     Container t-coop-local-db Waiting 
2026-08-31 16:55:09     Container t-coop-local-db Healthy 
2026-08-31 16:55:09     Container t-coop-backend-db-init-1 Starting 
2026-08-31 16:55:09     Container t-coop-backend-db-init-1 Started 
2026-08-31 16:55:09     Container t-coop-backend-db-init-1 Waiting 
2026-08-31 16:55:10     Container t-coop-backend-db-init-1 Exited 
2026-08-31 16:55:10  ngrok is already running (PID 20220).
2026-08-31 16:55:10  === keep-alive check complete ===
2026-08-31 16:59:59  === keep-alive check starting ===
2026-08-31 17:00:07  Ensuring containers are up (docker compose up -d).
2026-08-31 17:00:07     Container t-coop-backend Running 
2026-08-31 17:00:07     Container t-coop-local-db Running 
2026-08-31 17:00:07     Container t-coop-local-db Waiting 
2026-08-31 17:00:08     Container t-coop-local-db Healthy 
2026-08-31 17:00:08     Container t-coop-backend-db-init-1 Starting 
2026-08-31 17:00:08     Container t-coop-backend-db-init-1 Started 
2026-08-31 17:00:08     Container t-coop-backend-db-init-1 Waiting 
2026-08-31 17:00:09     Container t-coop-backend-db-init-1 Exited 
2026-08-31 17:00:09  ngrok is already running (PID 20220).
2026-08-31 17:00:09  === keep-alive check complete ===
2026-08-31 17:04:59  === keep-alive check starting ===
2026-08-31 17:05:07  Ensuring containers are up (docker compose up -d).
2026-08-31 17:05:07     Container t-coop-local-db Running 
2026-08-31 17:05:07     Container t-coop-backend Running 
2026-08-31 17:05:07     Container t-coop-local-db Waiting 
2026-08-31 17:05:08     Container t-coop-local-db Healthy 
2026-08-31 17:05:08     Container t-coop-backend-db-init-1 Starting 
2026-08-31 17:05:08     Container t-coop-backend-db-init-1 Started 
2026-08-31 17:05:08     Container t-coop-backend-db-init-1 Waiting 
2026-08-31 17:05:09     Container t-coop-backend-db-init-1 Exited 
2026-08-31 17:05:09  ngrok is already running (PID 20220).
2026-08-31 17:05:09  === keep-alive check complete ===
2026-08-31 17:09:58  === keep-alive check starting ===
2026-08-31 17:10:03  Ensuring containers are up (docker compose up -d).
2026-08-31 17:10:04     Container t-coop-local-db Running 
2026-08-31 17:10:04     Container t-coop-backend Running 
2026-08-31 17:10:04     Container t-coop-local-db Waiting 
2026-08-31 17:10:04     Container t-coop-local-db Healthy 
2026-08-31 17:10:05     Container t-coop-backend-db-init-1 Starting 
2026-08-31 17:10:05     Container t-coop-backend-db-init-1 Started 
2026-08-31 17:10:05     Container t-coop-backend-db-init-1 Waiting 
2026-08-31 17:10:05     Container t-coop-backend-db-init-1 Exited 
2026-08-31 17:10:06  ngrok is already running (PID 20220).
2026-08-31 17:10:06  === keep-alive check complete ===
2026-08-31 17:14:52  === keep-alive check starting ===
2026-08-31 17:14:57  Ensuring containers are up (docker compose up -d).
2026-08-31 17:14:58     Container t-coop-backend Running 
2026-08-31 17:14:58     Container t-coop-local-db Running 
2026-08-31 17:14:58     Container t-coop-local-db Waiting 
2026-08-31 17:14:59     Container t-coop-local-db Healthy 
2026-08-31 17:14:59     Container t-coop-backend-db-init-1 Starting 
2026-08-31 17:14:59     Container t-coop-backend-db-init-1 Started 
2026-08-31 17:14:59     Container t-coop-backend-db-init-1 Waiting 
2026-08-31 17:15:00     Container t-coop-backend-db-init-1 Exited 
2026-08-31 17:15:00  ngrok is already running (PID 20220).
2026-08-31 17:15:00  === keep-alive check complete ===
2026-08-31 17:19:58  === keep-alive check starting ===
2026-08-31 17:20:02  Ensuring containers are up (docker compose up -d).
2026-08-31 17:20:02     Container t-coop-local-db Running 
2026-08-31 17:20:02     Container t-coop-backend Running 
2026-08-31 17:20:02     Container t-coop-local-db Waiting 
2026-08-31 17:20:03     Container t-coop-local-db Healthy 
2026-08-31 17:20:03     Container t-coop-backend-db-init-1 Starting 
2026-08-31 17:20:03     Container t-coop-backend-db-init-1 Started 
2026-08-31 17:20:03     Container t-coop-backend-db-init-1 Waiting 
2026-08-31 17:20:04     Container t-coop-backend-db-init-1 Exited 
2026-08-31 17:20:04  ngrok is already running (PID 20220).
2026-08-31 17:20:04  === keep-alive check complete ===
2026-08-31 17:25:00  === keep-alive check starting ===
2026-08-31 17:25:05  Ensuring containers are up (docker compose up -d).
2026-08-31 17:25:05     Container t-coop-backend Running 
2026-08-31 17:25:05     Container t-coop-local-db Running 
2026-08-31 17:25:05     Container t-coop-local-db Waiting 
2026-08-31 17:25:06     Container t-coop-local-db Healthy 
2026-08-31 17:25:06     Container t-coop-backend-db-init-1 Starting 
2026-08-31 17:25:06     Container t-coop-backend-db-init-1 Started 
2026-08-31 17:25:06     Container t-coop-backend-db-init-1 Waiting 
2026-08-31 17:25:07     Container t-coop-backend-db-init-1 Exited 
2026-08-31 17:25:07  ngrok is already running (PID 20220).
2026-08-31 17:25:07  === keep-alive check complete ===
2026-08-31 17:29:59  === keep-alive check starting ===
2026-08-31 17:30:03  Ensuring containers are up (docker compose up -d).
2026-08-31 17:30:03     Container t-coop-backend Running 
2026-08-31 17:30:03     Container t-coop-local-db Running 
2026-08-31 17:30:03     Container t-coop-local-db Waiting 
2026-08-31 17:30:04     Container t-coop-local-db Healthy 
2026-08-31 17:30:04     Container t-coop-backend-db-init-1 Starting 
2026-08-31 17:30:04     Container t-coop-backend-db-init-1 Started 
2026-08-31 17:30:04     Container t-coop-backend-db-init-1 Waiting 
2026-08-31 17:30:05     Container t-coop-backend-db-init-1 Exited 
2026-08-31 17:30:05  ngrok is already running (PID 20220).
2026-08-31 17:30:05  === keep-alive check complete ===
2026-08-31 17:35:00  === keep-alive check starting ===
2026-08-31 17:35:04  Ensuring containers are up (docker compose up -d).
2026-08-31 17:35:05     Container t-coop-backend Running 
2026-08-31 17:35:05     Container t-coop-local-db Running 
2026-08-31 17:35:05     Container t-coop-local-db Waiting 
2026-08-31 17:35:05     Container t-coop-local-db Healthy 
2026-08-31 17:35:05     Container t-coop-backend-db-init-1 Starting 
2026-08-31 17:35:06     Container t-coop-backend-db-init-1 Started 
2026-08-31 17:35:06     Container t-coop-backend-db-init-1 Waiting 
2026-08-31 17:35:06     Container t-coop-backend-db-init-1 Exited 
2026-08-31 17:35:07  ngrok is already running (PID 20220).
2026-08-31 17:35:07  === keep-alive check complete ===
2026-08-31 17:39:57  === keep-alive check starting ===
2026-08-31 17:40:02  Ensuring containers are up (docker compose up -d).
2026-08-31 17:40:02     Container t-coop-backend Running 
2026-08-31 17:40:02     Container t-coop-local-db Running 
2026-08-31 17:40:02     Container t-coop-local-db Waiting 
2026-08-31 17:40:03     Container t-coop-local-db Healthy 
2026-08-31 17:40:03     Container t-coop-backend-db-init-1 Starting 
2026-08-31 17:40:03     Container t-coop-backend-db-init-1 Started 
2026-08-31 17:40:03     Container t-coop-backend-db-init-1 Waiting 
2026-08-31 17:40:04     Container t-coop-backend-db-init-1 Exited 
2026-08-31 17:40:05  ngrok is already running (PID 20220).
2026-08-31 17:40:05  === keep-alive check complete ===
2026-08-31 17:44:59  === keep-alive check starting ===
2026-08-31 17:45:04  Ensuring containers are up (docker compose up -d).
2026-08-31 17:45:04     Container t-coop-local-db Running 
2026-08-31 17:45:04     Container t-coop-backend Running 
2026-08-31 17:45:04     Container t-coop-local-db Waiting 
2026-08-31 17:45:05     Container t-coop-local-db Healthy 
2026-08-31 17:45:05     Container t-coop-backend-db-init-1 Starting 
2026-08-31 17:45:05     Container t-coop-backend-db-init-1 Started 
2026-08-31 17:45:05     Container t-coop-backend-db-init-1 Waiting 
2026-08-31 17:45:05     Container t-coop-backend-db-init-1 Exited 
2026-08-31 17:45:06  ngrok is already running (PID 20220).
2026-08-31 17:45:06  === keep-alive check complete ===
2026-08-31 17:49:57  === keep-alive check starting ===
2026-08-31 17:50:02  Ensuring containers are up (docker compose up -d).
2026-08-31 17:50:03     Container t-coop-local-db Running 
2026-08-31 17:50:03     Container t-coop-backend Running 
2026-08-31 17:50:03     Container t-coop-local-db Waiting 
2026-08-31 17:50:03     Container t-coop-local-db Healthy 
2026-08-31 17:50:03     Container t-coop-backend-db-init-1 Starting 
2026-08-31 17:50:03     Container t-coop-backend-db-init-1 Started 
2026-08-31 17:50:03     Container t-coop-backend-db-init-1 Waiting 
2026-08-31 17:50:04     Container t-coop-backend-db-init-1 Exited 
2026-08-31 17:50:05  ngrok is already running (PID 20220).
2026-08-31 17:50:05  === keep-alive check complete ===
2026-08-31 17:54:58  === keep-alive check starting ===
2026-08-31 17:55:01  Ensuring containers are up (docker compose up -d).
2026-08-31 17:55:01     Container t-coop-local-db Running 
2026-08-31 17:55:01     Container t-coop-backend Running 
2026-08-31 17:55:01     Container t-coop-local-db Waiting 
2026-08-31 17:55:02     Container t-coop-local-db Healthy 
2026-08-31 17:55:02     Container t-coop-backend-db-init-1 Starting 
2026-08-31 17:55:02     Container t-coop-backend-db-init-1 Started 
2026-08-31 17:55:02     Container t-coop-backend-db-init-1 Waiting 
2026-08-31 17:55:03     Container t-coop-backend-db-init-1 Exited 
2026-08-31 17:55:03  ngrok is already running (PID 20220).
2026-08-31 17:55:03  === keep-alive check complete ===
2026-08-31 18:00:01  === keep-alive check starting ===
2026-08-31 18:00:03  Ensuring containers are up (docker compose up -d).
2026-08-31 18:00:04     Container t-coop-local-db Running 
2026-08-31 18:00:04     Container t-coop-backend Running 
2026-08-31 18:00:04     Container t-coop-local-db Waiting 
2026-08-31 18:00:04     Container t-coop-local-db Healthy 
2026-08-31 18:00:04     Container t-coop-backend-db-init-1 Starting 
2026-08-31 18:00:05     Container t-coop-backend-db-init-1 Started 
2026-08-31 18:00:05     Container t-coop-backend-db-init-1 Waiting 
2026-08-31 18:00:05     Container t-coop-backend-db-init-1 Exited 
2026-08-31 18:00:06  ngrok is already running (PID 20220).
2026-08-31 18:00:06  === keep-alive check complete ===
2026-08-31 18:04:58  === keep-alive check starting ===
2026-08-31 18:05:03  Ensuring containers are up (docker compose up -d).
2026-08-31 18:05:04     Container t-coop-local-db Running 
2026-08-31 18:05:04     Container t-coop-backend Running 
2026-08-31 18:05:04     Container t-coop-local-db Waiting 
2026-08-31 18:05:04     Container t-coop-local-db Healthy 
2026-08-31 18:05:04     Container t-coop-backend-db-init-1 Starting 
2026-08-31 18:05:04     Container t-coop-backend-db-init-1 Started 
2026-08-31 18:05:04     Container t-coop-backend-db-init-1 Waiting 
2026-08-31 18:05:05     Container t-coop-backend-db-init-1 Exited 
2026-08-31 18:05:06  ngrok is already running (PID 20220).
2026-08-31 18:05:06  === keep-alive check complete ===
2026-08-31 18:09:59  === keep-alive check starting ===
2026-08-31 18:10:02  Ensuring containers are up (docker compose up -d).
2026-08-31 18:10:02     Container t-coop-backend Running 
2026-08-31 18:10:02     Container t-coop-local-db Running 
2026-08-31 18:10:02     Container t-coop-local-db Waiting 
2026-08-31 18:10:03     Container t-coop-local-db Healthy 
2026-08-31 18:10:03     Container t-coop-backend-db-init-1 Starting 
2026-08-31 18:10:03     Container t-coop-backend-db-init-1 Started 
2026-08-31 18:10:03     Container t-coop-backend-db-init-1 Waiting 
2026-08-31 18:10:04     Container t-coop-backend-db-init-1 Exited 
2026-08-31 18:10:05  ngrok is already running (PID 20220).
2026-08-31 18:10:05  === keep-alive check complete ===
2026-08-31 18:15:03  === keep-alive check starting ===
2026-08-31 18:15:05  Ensuring containers are up (docker compose up -d).
2026-08-31 18:15:06     Container t-coop-local-db Running 
2026-08-31 18:15:06     Container t-coop-backend Running 
2026-08-31 18:15:06     Container t-coop-local-db Waiting 
2026-08-31 18:15:06     Container t-coop-local-db Healthy 
2026-08-31 18:15:06     Container t-coop-backend-db-init-1 Starting 
2026-08-31 18:15:07     Container t-coop-backend-db-init-1 Started 
2026-08-31 18:15:07     Container t-coop-backend-db-init-1 Waiting 
2026-08-31 18:15:07     Container t-coop-backend-db-init-1 Exited 
2026-08-31 18:15:08  ngrok is already running (PID 20220).
2026-08-31 18:15:08  === keep-alive check complete ===
2026-08-31 18:20:01  === keep-alive check starting ===
2026-08-31 18:20:03  Ensuring containers are up (docker compose up -d).
2026-08-31 18:20:03     Container t-coop-local-db Running 
2026-08-31 18:20:03     Container t-coop-backend Running 
2026-08-31 18:20:03     Container t-coop-local-db Waiting 
2026-08-31 18:20:04     Container t-coop-local-db Healthy 
2026-08-31 18:20:04     Container t-coop-backend-db-init-1 Starting 
2026-08-31 18:20:04     Container t-coop-backend-db-init-1 Started 
2026-08-31 18:20:04     Container t-coop-backend-db-init-1 Waiting 
2026-08-31 18:20:05     Container t-coop-backend-db-init-1 Exited 
2026-08-31 18:20:06  ngrok is already running (PID 20220).
2026-08-31 18:20:06  === keep-alive check complete ===
2026-08-31 18:25:00  === keep-alive check starting ===
2026-08-31 18:25:02  Ensuring containers are up (docker compose up -d).
2026-08-31 18:25:03     Container t-coop-local-db Running 
2026-08-31 18:25:03     Container t-coop-backend Running 
2026-08-31 18:25:03     Container t-coop-local-db Waiting 
2026-08-31 18:25:04     Container t-coop-local-db Healthy 
2026-08-31 18:25:04     Container t-coop-backend-db-init-1 Starting 
2026-08-31 18:25:04     Container t-coop-backend-db-init-1 Started 
2026-08-31 18:25:04     Container t-coop-backend-db-init-1 Waiting 
2026-08-31 18:25:05     Container t-coop-backend-db-init-1 Exited 
2026-08-31 18:25:05  ngrok is already running (PID 20220).
2026-08-31 18:25:05  === keep-alive check complete ===
2026-08-31 18:30:04  === keep-alive check starting ===
2026-08-31 18:30:07  Ensuring containers are up (docker compose up -d).
2026-08-31 18:30:08     Container t-coop-backend Running 
2026-08-31 18:30:08     Container t-coop-local-db Running 
2026-08-31 18:30:08     Container t-coop-local-db Waiting 
2026-08-31 18:30:09     Container t-coop-local-db Healthy 
2026-08-31 18:30:09     Container t-coop-backend-db-init-1 Starting 
2026-08-31 18:30:09     Container t-coop-backend-db-init-1 Started 
2026-08-31 18:30:09     Container t-coop-backend-db-init-1 Waiting 
2026-08-31 18:30:10     Container t-coop-backend-db-init-1 Exited 
2026-08-31 18:30:11  ngrok is already running (PID 20220).
2026-08-31 18:30:11  === keep-alive check complete ===
2026-08-31 18:35:11  === keep-alive check starting ===
2026-08-31 18:35:13  Ensuring containers are up (docker compose up -d).
2026-08-31 18:35:14     Container t-coop-backend Running 
2026-08-31 18:35:14     Container t-coop-local-db Running 
2026-08-31 18:35:14     Container t-coop-local-db Waiting 
2026-08-31 18:35:14     Container t-coop-local-db Healthy 
2026-08-31 18:35:14     Container t-coop-backend-db-init-1 Starting 
2026-08-31 18:35:15     Container t-coop-backend-db-init-1 Started 
2026-08-31 18:35:15     Container t-coop-backend-db-init-1 Waiting 
2026-08-31 18:35:16     Container t-coop-backend-db-init-1 Exited 
2026-08-31 18:35:16  ngrok is already running (PID 20220).
2026-08-31 18:35:17  === keep-alive check complete ===
2026-08-31 18:40:04  === keep-alive check starting ===
2026-08-31 18:40:07  Ensuring containers are up (docker compose up -d).
2026-08-31 18:40:08     Container t-coop-backend Running 
2026-08-31 18:40:08     Container t-coop-local-db Running 
2026-08-31 18:40:08     Container t-coop-local-db Waiting 
2026-08-31 18:40:09     Container t-coop-local-db Healthy 
2026-08-31 18:40:09     Container t-coop-backend-db-init-1 Starting 
2026-08-31 18:40:09     Container t-coop-backend-db-init-1 Started 
2026-08-31 18:40:09     Container t-coop-backend-db-init-1 Waiting 
2026-08-31 18:40:09     Container t-coop-backend-db-init-1 Exited 
2026-08-31 18:40:10  ngrok is already running (PID 20220).
2026-08-31 18:40:10  === keep-alive check complete ===
2026-08-31 18:45:06  === keep-alive check starting ===
2026-08-31 18:45:09  Ensuring containers are up (docker compose up -d).
2026-08-31 18:45:10     Container t-coop-backend Running 
2026-08-31 18:45:10     Container t-coop-local-db Running 
2026-08-31 18:45:10     Container t-coop-local-db Waiting 
2026-08-31 18:45:11     Container t-coop-local-db Healthy 
2026-08-31 18:45:11     Container t-coop-backend-db-init-1 Starting 
2026-08-31 18:45:11     Container t-coop-backend-db-init-1 Started 
2026-08-31 18:45:11     Container t-coop-backend-db-init-1 Waiting 
2026-08-31 18:45:12     Container t-coop-backend-db-init-1 Exited 
2026-08-31 18:45:13  ngrok is already running (PID 20220).
2026-08-31 18:45:13  === keep-alive check complete ===
2026-08-31 18:50:03  === keep-alive check starting ===
2026-08-31 18:50:06  Ensuring containers are up (docker compose up -d).
2026-08-31 18:50:07     Container t-coop-local-db Running 
2026-08-31 18:50:07     Container t-coop-backend Running 
2026-08-31 18:50:07     Container t-coop-local-db Waiting 
2026-08-31 18:50:08     Container t-coop-local-db Healthy 
2026-08-31 18:50:08     Container t-coop-backend-db-init-1 Starting 
2026-08-31 18:50:08     Container t-coop-backend-db-init-1 Started 
2026-08-31 18:50:08     Container t-coop-backend-db-init-1 Waiting 
2026-08-31 18:50:09     Container t-coop-backend-db-init-1 Exited 
2026-08-31 18:50:10  ngrok is already running (PID 20220).
2026-08-31 18:50:10  === keep-alive check complete ===
2026-08-31 18:55:03  === keep-alive check starting ===
2026-08-31 18:55:05  Ensuring containers are up (docker compose up -d).
2026-08-31 18:55:07     Container t-coop-local-db Running 
2026-08-31 18:55:07     Container t-coop-backend Running 
2026-08-31 18:55:07     Container t-coop-local-db Waiting 
2026-08-31 18:55:07     Container t-coop-local-db Healthy 
2026-08-31 18:55:07     Container t-coop-backend-db-init-1 Starting 
2026-08-31 18:55:08     Container t-coop-backend-db-init-1 Started 
2026-08-31 18:55:08     Container t-coop-backend-db-init-1 Waiting 
2026-08-31 18:55:08     Container t-coop-backend-db-init-1 Exited 
2026-08-31 18:55:09  ngrok is already running (PID 20220).
2026-08-31 18:55:09  === keep-alive check complete ===
2026-08-31 18:59:59  === keep-alive check starting ===
2026-08-31 19:00:02  Ensuring containers are up (docker compose up -d).
2026-08-31 19:00:03     Container t-coop-backend Running 
2026-08-31 19:00:03     Container t-coop-local-db Running 
2026-08-31 19:00:03     Container t-coop-local-db Waiting 
2026-08-31 19:00:03     Container t-coop-local-db Healthy 
2026-08-31 19:00:03     Container t-coop-backend-db-init-1 Starting 
2026-08-31 19:00:04     Container t-coop-backend-db-init-1 Started 
2026-08-31 19:00:04     Container t-coop-backend-db-init-1 Waiting 
2026-08-31 19:00:04     Container t-coop-backend-db-init-1 Exited 
2026-08-31 19:00:05  ngrok is already running (PID 20220).
2026-08-31 19:00:05  === keep-alive check complete ===
2026-08-31 19:05:05  === keep-alive check starting ===
2026-08-31 19:05:08  Ensuring containers are up (docker compose up -d).
2026-08-31 19:05:09     Container t-coop-backend Running 
2026-08-31 19:05:09     Container t-coop-local-db Running 
2026-08-31 19:05:09     Container t-coop-local-db Waiting 
2026-08-31 19:05:10     Container t-coop-local-db Healthy 
2026-08-31 19:05:10     Container t-coop-backend-db-init-1 Starting 
2026-08-31 19:05:10     Container t-coop-backend-db-init-1 Started 
2026-08-31 19:05:10     Container t-coop-backend-db-init-1 Waiting 
2026-08-31 19:05:11     Container t-coop-backend-db-init-1 Exited 
2026-08-31 19:05:12  ngrok is already running (PID 20220).
2026-08-31 19:05:12  === keep-alive check complete ===
2026-08-31 19:10:02  === keep-alive check starting ===
2026-08-31 19:10:05  Ensuring containers are up (docker compose up -d).
2026-08-31 19:10:06     Container t-coop-backend Running 
2026-08-31 19:10:06     Container t-coop-local-db Running 
2026-08-31 19:10:06     Container t-coop-local-db Waiting 
2026-08-31 19:10:07     Container t-coop-local-db Healthy 
2026-08-31 19:10:07     Container t-coop-backend-db-init-1 Starting 
2026-08-31 19:10:07     Container t-coop-backend-db-init-1 Started 
2026-08-31 19:10:07     Container t-coop-backend-db-init-1 Waiting 
2026-08-31 19:10:08     Container t-coop-backend-db-init-1 Exited 
2026-08-31 19:10:09  ngrok is already running (PID 20220).
2026-08-31 19:10:09  === keep-alive check complete ===
2026-08-31 19:15:04  === keep-alive check starting ===
2026-08-31 19:15:07  Ensuring containers are up (docker compose up -d).
2026-08-31 19:15:08     Container t-coop-backend Running 
2026-08-31 19:15:08     Container t-coop-local-db Running 
2026-08-31 19:15:08     Container t-coop-local-db Waiting 
2026-08-31 19:15:09     Container t-coop-local-db Healthy 
2026-08-31 19:15:09     Container t-coop-backend-db-init-1 Starting 
2026-08-31 19:15:09     Container t-coop-backend-db-init-1 Started 
2026-08-31 19:15:09     Container t-coop-backend-db-init-1 Waiting 
2026-08-31 19:15:10     Container t-coop-backend-db-init-1 Exited 
2026-08-31 19:15:10  ngrok is already running (PID 20220).
2026-08-31 19:15:10  === keep-alive check complete ===
2026-08-31 19:20:02  === keep-alive check starting ===
2026-08-31 19:20:06  Ensuring containers are up (docker compose up -d).
2026-08-31 19:20:07     Container t-coop-backend Running 
2026-08-31 19:20:07     Container t-coop-local-db Running 
2026-08-31 19:20:07     Container t-coop-local-db Waiting 
2026-08-31 19:20:07     Container t-coop-local-db Healthy 
2026-08-31 19:20:07     Container t-coop-backend-db-init-1 Starting 
2026-08-31 19:20:08     Container t-coop-backend-db-init-1 Started 
2026-08-31 19:20:08     Container t-coop-backend-db-init-1 Waiting 
2026-08-31 19:20:08     Container t-coop-backend-db-init-1 Exited 
2026-08-31 19:20:09  ngrok is already running (PID 20220).
2026-08-31 19:20:09  === keep-alive check complete ===
2026-08-31 19:25:03  === keep-alive check starting ===
2026-08-31 19:25:06  Ensuring containers are up (docker compose up -d).
2026-08-31 19:25:07     Container t-coop-local-db Running 
2026-08-31 19:25:07     Container t-coop-backend Running 
2026-08-31 19:25:07     Container t-coop-local-db Waiting 
2026-08-31 19:25:07     Container t-coop-local-db Healthy 
2026-08-31 19:25:07     Container t-coop-backend-db-init-1 Starting 
2026-08-31 19:25:08     Container t-coop-backend-db-init-1 Started 
2026-08-31 19:25:08     Container t-coop-backend-db-init-1 Waiting 
2026-08-31 19:25:08     Container t-coop-backend-db-init-1 Exited 
2026-08-31 19:25:09  ngrok is already running (PID 20220).
2026-08-31 19:25:09  === keep-alive check complete ===
2026-08-31 19:30:04  === keep-alive check starting ===
2026-08-31 19:30:07  Ensuring containers are up (docker compose up -d).
2026-08-31 19:30:08     Container t-coop-backend Running 
2026-08-31 19:30:08     Container t-coop-local-db Running 
2026-08-31 19:30:08     Container t-coop-local-db Waiting 
2026-08-31 19:30:08     Container t-coop-local-db Healthy 
2026-08-31 19:30:08     Container t-coop-backend-db-init-1 Starting 
2026-08-31 19:30:09     Container t-coop-backend-db-init-1 Started 
2026-08-31 19:30:09     Container t-coop-backend-db-init-1 Waiting 
2026-08-31 19:30:09     Container t-coop-backend-db-init-1 Exited 
2026-08-31 19:30:10  ngrok is already running (PID 20220).
2026-08-31 19:30:10  === keep-alive check complete ===
2026-08-31 19:35:03  === keep-alive check starting ===
2026-08-31 19:35:05  Ensuring containers are up (docker compose up -d).
2026-08-31 19:35:06     Container t-coop-backend Running 
2026-08-31 19:35:06     Container t-coop-local-db Running 
2026-08-31 19:35:06     Container t-coop-local-db Waiting 
2026-08-31 19:35:07     Container t-coop-local-db Healthy 
2026-08-31 19:35:07     Container t-coop-backend-db-init-1 Starting 
2026-08-31 19:35:07     Container t-coop-backend-db-init-1 Started 
2026-08-31 19:35:07     Container t-coop-backend-db-init-1 Waiting 
2026-08-31 19:35:08     Container t-coop-backend-db-init-1 Exited 
2026-08-31 19:35:08  ngrok is already running (PID 20220).
2026-08-31 19:35:08  === keep-alive check complete ===
2026-08-31 19:40:02  === keep-alive check starting ===
2026-08-31 19:40:05  Ensuring containers are up (docker compose up -d).
2026-08-31 19:40:06     Container t-coop-backend Running 
2026-08-31 19:40:06     Container t-coop-local-db Running 
2026-08-31 19:40:06     Container t-coop-local-db Waiting 
2026-08-31 19:40:06     Container t-coop-local-db Healthy 
2026-08-31 19:40:06     Container t-coop-backend-db-init-1 Starting 
2026-08-31 19:40:06     Container t-coop-backend-db-init-1 Started 
2026-08-31 19:40:06     Container t-coop-backend-db-init-1 Waiting 
2026-08-31 19:40:07     Container t-coop-backend-db-init-1 Exited 
2026-08-31 19:40:08  ngrok is already running (PID 20220).
2026-08-31 19:40:08  === keep-alive check complete ===
2026-09-01 12:50:37  === keep-alive check starting ===
2026-09-01 12:50:43  Docker Desktop not running - launching it.
2026-09-01 12:50:56  Docker engine is ready.
2026-09-01 12:50:59  Ensuring containers are up (docker compose up -d).
2026-09-01 12:51:00     Container t-coop-backend Running 
2026-09-01 12:51:00     Container t-coop-local-db Starting 
2026-09-01 12:51:01     Container t-coop-local-db Started 
2026-09-01 12:51:01     Container t-coop-local-db Waiting 
2026-09-01 12:51:12     Container t-coop-local-db Healthy 
2026-09-01 12:51:12     Container t-coop-backend-db-init-1 Starting 
2026-09-01 12:51:12     Container t-coop-backend-db-init-1 Started 
2026-09-01 12:51:12     Container t-coop-backend-db-init-1 Waiting 
2026-09-01 12:51:13     Container t-coop-backend-db-init-1 Exited 
2026-09-01 12:51:13  ngrok is not running - starting tunnel on hamster-probiotic-compile.ngrok-free.dev.
2026-09-01 12:51:13  === keep-alive check complete ===
2026-09-01 12:56:30  === keep-alive check starting ===
2026-09-01 12:56:39  Ensuring containers are up (docker compose up -d).
2026-09-01 12:56:39     Container t-coop-backend Running 
2026-09-01 12:56:39     Container t-coop-local-db Running 
2026-09-01 12:56:39     Container t-coop-local-db Waiting 
2026-09-01 12:56:40     Container t-coop-local-db Healthy 
2026-09-01 12:56:40     Container t-coop-backend-db-init-1 Starting 
2026-09-01 12:56:40     Container t-coop-backend-db-init-1 Started 
2026-09-01 12:56:40     Container t-coop-backend-db-init-1 Waiting 
2026-09-01 12:56:41     Container t-coop-backend-db-init-1 Exited 
2026-09-01 12:56:42  ngrok is already running (PID 14864).
2026-09-01 12:56:42  === keep-alive check complete ===
2026-09-01 13:00:02  === keep-alive check starting ===
2026-09-01 13:00:09  Ensuring containers are up (docker compose up -d).
2026-09-01 13:00:10     Container t-coop-backend Running 
2026-09-01 13:00:10     Container t-coop-local-db Running 
2026-09-01 13:00:10     Container t-coop-local-db Waiting 
2026-09-01 13:00:10     Container t-coop-local-db Healthy 
2026-09-01 13:00:10     Container t-coop-backend-db-init-1 Starting 
2026-09-01 13:00:11     Container t-coop-backend-db-init-1 Started 
2026-09-01 13:00:11     Container t-coop-backend-db-init-1 Waiting 
2026-09-01 13:00:11     Container t-coop-backend-db-init-1 Exited 
2026-09-01 13:00:12  ngrok is already running (PID 14864).
2026-09-01 13:00:12  === keep-alive check complete ===
2026-09-01 13:05:00  === keep-alive check starting ===
2026-09-01 13:05:03  Ensuring containers are up (docker compose up -d).
2026-09-01 13:05:04     Container t-coop-backend Running 
2026-09-01 13:05:04     Container t-coop-local-db Running 
2026-09-01 13:05:04     Container t-coop-local-db Waiting 
2026-09-01 13:05:04     Container t-coop-local-db Healthy 
2026-09-01 13:05:04     Container t-coop-backend-db-init-1 Starting 
2026-09-01 13:05:05     Container t-coop-backend-db-init-1 Started 
2026-09-01 13:05:05     Container t-coop-backend-db-init-1 Waiting 
2026-09-01 13:05:05     Container t-coop-backend-db-init-1 Exited 
2026-09-01 13:05:06  ngrok is already running (PID 14864).
2026-09-01 13:05:06  === keep-alive check complete ===
2026-09-01 13:09:59  === keep-alive check starting ===
2026-09-01 13:10:01  Ensuring containers are up (docker compose up -d).
2026-09-01 13:10:02     Container t-coop-local-db Running 
2026-09-01 13:10:02     Container t-coop-backend Running 
2026-09-01 13:10:02     Container t-coop-local-db Waiting 
2026-09-01 13:10:02     Container t-coop-local-db Healthy 
2026-09-01 13:10:02     Container t-coop-backend-db-init-1 Starting 
2026-09-01 13:10:03     Container t-coop-backend-db-init-1 Started 
2026-09-01 13:10:03     Container t-coop-backend-db-init-1 Waiting 
2026-09-01 13:10:03     Container t-coop-backend-db-init-1 Exited 
2026-09-01 13:10:04  ngrok is already running (PID 14864).
2026-09-01 13:10:04  === keep-alive check complete ===
2026-09-01 16:06:12  === keep-alive check starting ===
2026-09-02 10:47:22  === keep-alive check starting ===
2026-09-02 10:47:29  Docker Desktop not running - launching it.
2026-09-02 10:47:44  Docker engine is ready.
2026-09-02 10:47:47  Ensuring containers are up (docker compose up -d).
2026-09-02 10:47:48     Container t-coop-backend Running 
2026-09-02 10:47:48     Container t-coop-local-db Starting 
2026-09-02 10:47:50     Container t-coop-local-db Started 
2026-09-02 10:47:50     Container t-coop-local-db Waiting 
2026-09-02 10:48:00     Container t-coop-local-db Healthy 
2026-09-02 10:48:00     Container t-coop-backend-db-init-1 Starting 
2026-09-02 10:48:00     Container t-coop-backend-db-init-1 Started 
2026-09-02 10:48:00     Container t-coop-backend-db-init-1 Waiting 
2026-09-02 10:48:02     Container t-coop-backend-db-init-1 Exited 
2026-09-02 10:48:03  ngrok is not running - starting tunnel on hamster-probiotic-compile.ngrok-free.dev.
2026-09-02 10:48:03  === keep-alive check complete ===
2026-09-02 10:49:48  === keep-alive check starting ===
2026-09-02 10:49:50  Ensuring containers are up (docker compose up -d).
2026-09-02 10:49:51     Container t-coop-local-db Running 
2026-09-02 10:49:51     Container t-coop-backend Running 
2026-09-02 10:49:51     Container t-coop-local-db Waiting 
2026-09-02 10:49:51     Container t-coop-local-db Healthy 
2026-09-02 10:49:51     Container t-coop-backend-db-init-1 Starting 
2026-09-02 10:49:52     Container t-coop-backend-db-init-1 Started 
2026-09-02 10:49:52     Container t-coop-backend-db-init-1 Waiting 
2026-09-02 10:49:52     Container t-coop-backend-db-init-1 Exited 
2026-09-02 10:49:53  ngrok is already running (PID 19904).
2026-09-02 10:49:53  === keep-alive check complete ===
2026-09-02 10:54:48  === keep-alive check starting ===
2026-09-02 10:54:51  Ensuring containers are up (docker compose up -d).
2026-09-02 10:54:51     Container t-coop-backend Running 
2026-09-02 10:54:51     Container t-coop-local-db Running 
2026-09-02 10:54:51     Container t-coop-local-db Waiting 
2026-09-02 10:54:52     Container t-coop-local-db Healthy 
2026-09-02 10:54:52     Container t-coop-backend-db-init-1 Starting 
2026-09-02 10:54:52     Container t-coop-backend-db-init-1 Started 
2026-09-02 10:54:52     Container t-coop-backend-db-init-1 Waiting 
2026-09-02 10:54:53     Container t-coop-backend-db-init-1 Exited 
2026-09-02 10:54:53  ngrok is already running (PID 19904).
2026-09-02 10:54:53  === keep-alive check complete ===
2026-09-02 10:59:47  === keep-alive check starting ===
2026-09-02 10:59:52  Ensuring containers are up (docker compose up -d).
2026-09-02 10:59:53     Container t-coop-backend Running 
2026-09-02 10:59:53     Container t-coop-local-db Running 
2026-09-02 10:59:53     Container t-coop-local-db Waiting 
2026-09-02 10:59:53     Container t-coop-local-db Healthy 
2026-09-02 10:59:53     Container t-coop-backend-db-init-1 Starting 
2026-09-02 10:59:53     Container t-coop-backend-db-init-1 Started 
2026-09-02 10:59:53     Container t-coop-backend-db-init-1 Waiting 
2026-09-02 10:59:54     Container t-coop-backend-db-init-1 Exited 
2026-09-02 10:59:55  ngrok is already running (PID 19904).
2026-09-02 10:59:55  === keep-alive check complete ===
2026-09-02 11:04:46  === keep-alive check starting ===
2026-09-02 11:04:47  Ensuring containers are up (docker compose up -d).
2026-09-02 11:04:48     Container t-coop-local-db Running 
2026-09-02 11:04:48     Container t-coop-backend Running 
2026-09-02 11:04:48     Container t-coop-local-db Waiting 
2026-09-02 11:04:48     Container t-coop-local-db Healthy 
2026-09-02 11:04:48     Container t-coop-backend-db-init-1 Starting 
2026-09-02 11:04:48     Container t-coop-backend-db-init-1 Started 
2026-09-02 11:04:48     Container t-coop-backend-db-init-1 Waiting 
2026-09-02 11:04:49     Container t-coop-backend-db-init-1 Exited 
2026-09-02 11:04:49  ngrok is already running (PID 19904).
2026-09-02 11:04:49  === keep-alive check complete ===
2026-09-02 11:09:46  === keep-alive check starting ===
2026-09-02 11:09:47  Ensuring containers are up (docker compose up -d).
2026-09-02 11:09:47     Container t-coop-backend Running 
2026-09-02 11:09:47     Container t-coop-local-db Running 
2026-09-02 11:09:47     Container t-coop-local-db Waiting 
2026-09-02 11:09:48     Container t-coop-local-db Healthy 
2026-09-02 11:09:48     Container t-coop-backend-db-init-1 Starting 
2026-09-02 11:09:48     Container t-coop-backend-db-init-1 Started 
2026-09-02 11:09:48     Container t-coop-backend-db-init-1 Waiting 
2026-09-02 11:09:48     Container t-coop-backend-db-init-1 Exited 
2026-09-02 11:09:49  ngrok is already running (PID 19904).
2026-09-02 11:09:49  === keep-alive check complete ===
2026-09-02 11:14:46  === keep-alive check starting ===
2026-09-02 11:14:47  Ensuring containers are up (docker compose up -d).
2026-09-02 11:14:47     Container t-coop-local-db Running 
2026-09-02 11:14:47     Container t-coop-backend Running 
2026-09-02 11:14:47     Container t-coop-local-db Waiting 
2026-09-02 11:14:48     Container t-coop-local-db Healthy 
2026-09-02 11:14:48     Container t-coop-backend-db-init-1 Starting 
2026-09-02 11:14:48     Container t-coop-backend-db-init-1 Started 
2026-09-02 11:14:48     Container t-coop-backend-db-init-1 Waiting 
2026-09-02 11:14:48     Container t-coop-backend-db-init-1 Exited 
2026-09-02 11:14:49  ngrok is already running (PID 19904).
2026-09-02 11:14:49  === keep-alive check complete ===
2026-09-02 11:19:46  === keep-alive check starting ===
2026-09-02 11:19:50  Ensuring containers are up (docker compose up -d).
2026-09-02 11:19:50     Container t-coop-local-db Running 
2026-09-02 11:19:50     Container t-coop-backend Running 
2026-09-02 11:19:50     Container t-coop-local-db Waiting 
2026-09-02 11:19:51     Container t-coop-local-db Healthy 
2026-09-02 11:19:51     Container t-coop-backend-db-init-1 Starting 
2026-09-02 11:19:51     Container t-coop-backend-db-init-1 Started 
2026-09-02 11:19:51     Container t-coop-backend-db-init-1 Waiting 
2026-09-02 11:19:52     Container t-coop-backend-db-init-1 Exited 
2026-09-02 11:19:53  ngrok is already running (PID 19904).
2026-09-02 11:19:53  === keep-alive check complete ===
2026-09-02 11:24:46  === keep-alive check starting ===
2026-09-02 11:24:48  Ensuring containers are up (docker compose up -d).
2026-09-02 11:24:48     Container t-coop-local-db Running 
2026-09-02 11:24:48     Container t-coop-backend Running 
2026-09-02 11:24:48     Container t-coop-local-db Waiting 
2026-09-02 11:24:48     Container t-coop-local-db Healthy 
2026-09-02 11:24:49     Container t-coop-backend-db-init-1 Starting 
2026-09-02 11:24:49     Container t-coop-backend-db-init-1 Started 
2026-09-02 11:24:49     Container t-coop-backend-db-init-1 Waiting 
2026-09-02 11:24:49     Container t-coop-backend-db-init-1 Exited 
2026-09-02 11:24:50  ngrok is already running (PID 19904).
2026-09-02 11:24:50  === keep-alive check complete ===
2026-09-02 11:29:47  === keep-alive check starting ===
2026-09-02 11:29:48  Ensuring containers are up (docker compose up -d).
2026-09-02 11:29:49     Container t-coop-backend Running 
2026-09-02 11:29:49     Container t-coop-local-db Running 
2026-09-02 11:29:49     Container t-coop-local-db Waiting 
2026-09-02 11:29:49     Container t-coop-local-db Healthy 
2026-09-02 11:29:49     Container t-coop-backend-db-init-1 Starting 
2026-09-02 11:29:50     Container t-coop-backend-db-init-1 Started 
2026-09-02 11:29:50     Container t-coop-backend-db-init-1 Waiting 
2026-09-02 11:29:50     Container t-coop-backend-db-init-1 Exited 
2026-09-02 11:29:51  ngrok is already running (PID 19904).
2026-09-02 11:29:51  === keep-alive check complete ===
2026-09-02 11:34:46  === keep-alive check starting ===
2026-09-02 11:34:48  Ensuring containers are up (docker compose up -d).
2026-09-02 11:34:48     Container t-coop-backend Running 
2026-09-02 11:34:48     Container t-coop-local-db Running 
2026-09-02 11:34:48     Container t-coop-local-db Waiting 
2026-09-02 11:34:49     Container t-coop-local-db Healthy 
2026-09-02 11:34:49     Container t-coop-backend-db-init-1 Starting 
2026-09-02 11:34:49     Container t-coop-backend-db-init-1 Started 
2026-09-02 11:34:49     Container t-coop-backend-db-init-1 Waiting 
2026-09-02 11:34:50     Container t-coop-backend-db-init-1 Exited 
2026-09-02 11:34:50  ngrok is already running (PID 19904).
2026-09-02 11:34:50  === keep-alive check complete ===
2026-09-02 11:39:46  === keep-alive check starting ===
2026-09-02 11:39:47  Ensuring containers are up (docker compose up -d).
2026-09-02 11:39:48     Container t-coop-backend Running 
2026-09-02 11:39:48     Container t-coop-local-db Running 
2026-09-02 11:39:48     Container t-coop-local-db Waiting 
2026-09-02 11:39:48     Container t-coop-local-db Healthy 
2026-09-02 11:39:49     Container t-coop-backend-db-init-1 Starting 
2026-09-02 11:39:49     Container t-coop-backend-db-init-1 Started 
2026-09-02 11:39:49     Container t-coop-backend-db-init-1 Waiting 
2026-09-02 11:39:49     Container t-coop-backend-db-init-1 Exited 
2026-09-02 11:39:50  ngrok is already running (PID 19904).
2026-09-02 11:39:50  === keep-alive check complete ===
2026-09-02 11:44:46  === keep-alive check starting ===
2026-09-02 11:44:48  Ensuring containers are up (docker compose up -d).
2026-09-02 11:44:49     Container t-coop-local-db Running 
2026-09-02 11:44:49     Container t-coop-backend Running 
2026-09-02 11:44:49     Container t-coop-local-db Waiting 
2026-09-02 11:44:49     Container t-coop-local-db Healthy 
2026-09-02 11:44:49     Container t-coop-backend-db-init-1 Starting 
2026-09-02 11:44:49     Container t-coop-backend-db-init-1 Started 
2026-09-02 11:44:49     Container t-coop-backend-db-init-1 Waiting 
2026-09-02 11:44:50     Container t-coop-backend-db-init-1 Exited 
2026-09-02 11:44:51  ngrok is already running (PID 19904).
2026-09-02 11:44:51  === keep-alive check complete ===
2026-09-02 11:49:47  === keep-alive check starting ===
2026-09-02 11:49:49  Ensuring containers are up (docker compose up -d).
2026-09-02 11:49:50     Container t-coop-backend Running 
2026-09-02 11:49:50     Container t-coop-local-db Running 
2026-09-02 11:49:50     Container t-coop-local-db Waiting 
2026-09-02 11:49:50     Container t-coop-local-db Healthy 
2026-09-02 11:49:50     Container t-coop-backend-db-init-1 Starting 
2026-09-02 11:49:50     Container t-coop-backend-db-init-1 Started 
2026-09-02 11:49:50     Container t-coop-backend-db-init-1 Waiting 
2026-09-02 11:49:51     Container t-coop-backend-db-init-1 Exited 
2026-09-02 11:49:51  ngrok is already running (PID 19904).
2026-09-02 11:49:51  === keep-alive check complete ===
2026-09-02 11:54:56  === keep-alive check starting ===
2026-09-02 11:54:58  Ensuring containers are up (docker compose up -d).
2026-09-02 11:54:59     Container t-coop-backend Running 
2026-09-02 11:54:59     Container t-coop-local-db Running 
2026-09-02 11:54:59     Container t-coop-local-db Waiting 
2026-09-02 11:54:59     Container t-coop-local-db Healthy 
2026-09-02 11:54:59     Container t-coop-backend-db-init-1 Starting 
2026-09-02 11:54:59     Container t-coop-backend-db-init-1 Started 
2026-09-02 11:54:59     Container t-coop-backend-db-init-1 Waiting 
2026-09-02 11:55:00     Container t-coop-backend-db-init-1 Exited 
2026-09-02 11:55:00  ngrok is already running (PID 19904).
2026-09-02 11:55:00  === keep-alive check complete ===
2026-09-02 11:59:59  === keep-alive check starting ===
2026-09-02 12:00:00  Ensuring containers are up (docker compose up -d).
2026-09-02 12:00:01     Container t-coop-backend Running 
2026-09-02 12:00:01     Container t-coop-local-db Running 
2026-09-02 12:00:01     Container t-coop-local-db Waiting 
2026-09-02 12:00:01     Container t-coop-local-db Healthy 
2026-09-02 12:00:01     Container t-coop-backend-db-init-1 Starting 
2026-09-02 12:00:01     Container t-coop-backend-db-init-1 Started 
2026-09-02 12:00:01     Container t-coop-backend-db-init-1 Waiting 
2026-09-02 12:00:02     Container t-coop-backend-db-init-1 Exited 
2026-09-02 12:00:03  ngrok is already running (PID 19904).
2026-09-02 12:00:03  === keep-alive check complete ===
2026-09-02 12:10:01  === keep-alive check starting ===
2026-09-02 12:10:02  Ensuring containers are up (docker compose up -d).
2026-09-02 12:10:03     Container t-coop-backend Running 
2026-09-02 12:10:03     Container t-coop-local-db Running 
2026-09-02 12:10:03     Container t-coop-local-db Waiting 
2026-09-02 12:10:04     Container t-coop-local-db Healthy 
2026-09-02 12:10:04     Container t-coop-backend-db-init-1 Starting 
2026-09-02 12:10:04     Container t-coop-backend-db-init-1 Started 
2026-09-02 12:10:04     Container t-coop-backend-db-init-1 Waiting 
2026-09-02 12:10:04     Container t-coop-backend-db-init-1 Exited 
2026-09-02 12:10:05  ngrok is already running (PID 19904).
2026-09-02 12:10:05  === keep-alive check complete ===
2026-09-02 12:14:58  === keep-alive check starting ===
2026-09-02 12:15:00  Ensuring containers are up (docker compose up -d).
2026-09-02 12:15:01     Container t-coop-backend Running 
2026-09-02 12:15:01     Container t-coop-local-db Running 
2026-09-02 12:15:01     Container t-coop-local-db Waiting 
2026-09-02 12:15:01     Container t-coop-local-db Healthy 
2026-09-02 12:15:01     Container t-coop-backend-db-init-1 Starting 
2026-09-02 12:15:01     Container t-coop-backend-db-init-1 Started 
2026-09-02 12:15:01     Container t-coop-backend-db-init-1 Waiting 
2026-09-02 12:15:02     Container t-coop-backend-db-init-1 Exited 
2026-09-02 12:15:02  ngrok is already running (PID 19904).
2026-09-02 12:15:02  === keep-alive check complete ===
2026-09-02 12:19:57  === keep-alive check starting ===
2026-09-02 12:19:58  Ensuring containers are up (docker compose up -d).
2026-09-02 12:19:59     Container t-coop-backend Running 
2026-09-02 12:19:59     Container t-coop-local-db Running 
2026-09-02 12:19:59     Container t-coop-local-db Waiting 
2026-09-02 12:19:59     Container t-coop-local-db Healthy 
2026-09-02 12:19:59     Container t-coop-backend-db-init-1 Starting 
2026-09-02 12:19:59     Container t-coop-backend-db-init-1 Started 
2026-09-02 12:19:59     Container t-coop-backend-db-init-1 Waiting 
2026-09-02 12:20:00     Container t-coop-backend-db-init-1 Exited 
2026-09-02 12:20:00  ngrok is already running (PID 19904).
2026-09-02 12:20:00  === keep-alive check complete ===
2026-09-02 12:24:58  === keep-alive check starting ===
2026-09-02 12:25:00  Ensuring containers are up (docker compose up -d).
2026-09-02 12:25:01     Container t-coop-local-db Running 
2026-09-02 12:25:01     Container t-coop-backend Running 
2026-09-02 12:25:01     Container t-coop-local-db Waiting 
2026-09-02 12:25:01     Container t-coop-local-db Healthy 
2026-09-02 12:25:01     Container t-coop-backend-db-init-1 Starting 
2026-09-02 12:25:02     Container t-coop-backend-db-init-1 Started 
2026-09-02 12:25:02     Container t-coop-backend-db-init-1 Waiting 
2026-09-02 12:25:02     Container t-coop-backend-db-init-1 Exited 
2026-09-02 12:25:03  ngrok is already running (PID 19904).
2026-09-02 12:25:03  === keep-alive check complete ===
2026-09-02 12:30:05  === keep-alive check starting ===
2026-09-02 12:30:08  Ensuring containers are up (docker compose up -d).
2026-09-02 12:30:08     Container t-coop-backend Running 
2026-09-02 12:30:08     Container t-coop-local-db Running 
2026-09-02 12:30:08     Container t-coop-local-db Waiting 
2026-09-02 12:30:09     Container t-coop-local-db Healthy 
2026-09-02 12:30:09     Container t-coop-backend-db-init-1 Starting 
2026-09-02 12:30:09     Container t-coop-backend-db-init-1 Started 
2026-09-02 12:30:09     Container t-coop-backend-db-init-1 Waiting 
2026-09-02 12:30:10     Container t-coop-backend-db-init-1 Exited 
2026-09-02 12:30:11  ngrok is already running (PID 19904).
2026-09-02 12:30:11  === keep-alive check complete ===
2026-09-02 12:40:03  === keep-alive check starting ===
2026-09-02 12:40:08  Ensuring containers are up (docker compose up -d).
2026-09-02 12:40:08     Container t-coop-backend Running 
2026-09-02 12:40:08     Container t-coop-local-db Running 
2026-09-02 12:40:08     Container t-coop-local-db Waiting 
2026-09-02 12:40:09     Container t-coop-local-db Healthy 
2026-09-02 12:40:09     Container t-coop-backend-db-init-1 Starting 
2026-09-02 12:40:09     Container t-coop-backend-db-init-1 Started 
2026-09-02 12:40:09     Container t-coop-backend-db-init-1 Waiting 
2026-09-02 12:40:10     Container t-coop-backend-db-init-1 Exited 
2026-09-02 12:40:11  ngrok is already running (PID 19904).
2026-09-02 12:40:11  === keep-alive check complete ===
2026-09-02 19:10:07  === keep-alive check starting ===
2026-09-02 19:10:11  Docker Desktop not running - launching it.
2026-09-02 19:10:25  Docker engine is ready.
2026-09-02 19:10:33  Ensuring containers are up (docker compose up -d).
2026-09-02 19:10:35     Container t-coop-backend Running 
2026-09-02 19:10:35     Container t-coop-local-db Starting 
2026-09-02 19:10:36     Container t-coop-local-db Started 
2026-09-02 19:10:36     Container t-coop-local-db Waiting 
2026-09-02 19:11:02     Container t-coop-local-db Healthy 
2026-09-02 19:11:02     Container t-coop-backend-db-init-1 Starting 
2026-09-02 19:11:02     Container t-coop-backend-db-init-1 Started 
2026-09-02 19:11:02     Container t-coop-backend-db-init-1 Waiting 
2026-09-02 19:11:02     Container t-coop-backend-db-init-1 Exited 
2026-09-02 19:11:03  ngrok is not running - starting tunnel on hamster-probiotic-compile.ngrok-free.dev.
2026-09-02 19:11:03  === keep-alive check complete ===
2026-09-02 19:15:49  === keep-alive check starting ===
2026-09-02 19:15:54  Ensuring containers are up (docker compose up -d).
2026-09-02 19:15:54     Container t-coop-backend Running 
2026-09-02 19:15:54     Container t-coop-local-db Running 
2026-09-02 19:15:54     Container t-coop-local-db Waiting 
2026-09-02 19:15:55     Container t-coop-local-db Healthy 
2026-09-02 19:15:55     Container t-coop-backend-db-init-1 Starting 
2026-09-02 19:15:55     Container t-coop-backend-db-init-1 Started 
2026-09-02 19:15:55     Container t-coop-backend-db-init-1 Waiting 
2026-09-02 19:15:56     Container t-coop-backend-db-init-1 Exited 
2026-09-02 19:15:56  ngrok is already running (PID 13024).
2026-09-02 19:15:56  === keep-alive check complete ===
2026-09-02 19:29:58  === keep-alive check starting ===
2026-09-02 19:30:03  Ensuring containers are up (docker compose up -d).
2026-09-02 19:30:04     Container t-coop-backend Running 
2026-09-02 19:30:04     Container t-coop-local-db Running 
2026-09-02 19:30:04     Container t-coop-local-db Waiting 
2026-09-02 19:30:04     Container t-coop-local-db Healthy 
2026-09-02 19:30:04     Container t-coop-backend-db-init-1 Starting 
2026-09-02 19:30:05     Container t-coop-backend-db-init-1 Started 
2026-09-02 19:30:05     Container t-coop-backend-db-init-1 Waiting 
2026-09-02 19:30:05     Container t-coop-backend-db-init-1 Exited 
2026-09-02 19:30:06  ngrok is already running (PID 13024).
2026-09-02 19:30:06  === keep-alive check complete ===
2026-09-02 19:34:53  === keep-alive check starting ===
2026-09-02 19:34:57  Ensuring containers are up (docker compose up -d).
2026-09-02 19:34:58     Container t-coop-backend Running 
2026-09-02 19:34:58     Container t-coop-local-db Running 
2026-09-02 19:34:58     Container t-coop-local-db Waiting 
2026-09-02 19:34:58     Container t-coop-local-db Healthy 
2026-09-02 19:34:58     Container t-coop-backend-db-init-1 Starting 
2026-09-02 19:34:59     Container t-coop-backend-db-init-1 Started 
2026-09-02 19:34:59     Container t-coop-backend-db-init-1 Waiting 
2026-09-02 19:34:59     Container t-coop-backend-db-init-1 Exited 
2026-09-02 19:35:00  ngrok is already running (PID 13024).
2026-09-02 19:35:00  === keep-alive check complete ===
2026-09-02 19:39:53  === keep-alive check starting ===
2026-09-02 19:39:55  Ensuring containers are up (docker compose up -d).
2026-09-02 19:39:55     Container t-coop-backend Running 
2026-09-02 19:39:55     Container t-coop-local-db Running 
2026-09-02 19:39:55     Container t-coop-local-db Waiting 
2026-09-02 19:39:56     Container t-coop-local-db Healthy 
2026-09-02 19:39:56     Container t-coop-backend-db-init-1 Starting 
2026-09-02 19:39:56     Container t-coop-backend-db-init-1 Started 
2026-09-02 19:39:56     Container t-coop-backend-db-init-1 Waiting 
2026-09-02 19:39:56     Container t-coop-backend-db-init-1 Exited 
2026-09-02 19:39:57  ngrok is already running (PID 13024).
2026-09-02 19:39:57  === keep-alive check complete ===
2026-09-02 19:44:59  === keep-alive check starting ===
2026-09-02 19:45:00  Ensuring containers are up (docker compose up -d).
2026-09-02 19:45:01     Container t-coop-local-db Running 
2026-09-02 19:45:01     Container t-coop-backend Running 
2026-09-02 19:45:01     Container t-coop-local-db Waiting 
2026-09-02 19:45:01     Container t-coop-local-db Healthy 
2026-09-02 19:45:01     Container t-coop-backend-db-init-1 Starting 
2026-09-02 19:45:02     Container t-coop-backend-db-init-1 Started 
2026-09-02 19:45:02     Container t-coop-backend-db-init-1 Waiting 
2026-09-02 19:45:02     Container t-coop-backend-db-init-1 Exited 
2026-09-02 19:45:03  ngrok is already running (PID 13024).
2026-09-02 19:45:03  === keep-alive check complete ===
2026-09-02 19:49:57  === keep-alive check starting ===
2026-09-02 19:50:17  Ensuring containers are up (docker compose up -d).
2026-09-02 19:50:18     Container t-coop-local-db Running 
2026-09-02 19:50:18     Container t-coop-backend Running 
2026-09-02 19:50:18     Container t-coop-local-db Waiting 
2026-09-02 19:50:19     Container t-coop-local-db Healthy 
2026-09-02 19:50:19     Container t-coop-backend-db-init-1 Starting 
2026-09-02 19:50:19     Container t-coop-backend-db-init-1 Started 
2026-09-02 19:50:19     Container t-coop-backend-db-init-1 Waiting 
2026-09-02 19:50:19     Container t-coop-backend-db-init-1 Exited 
2026-09-02 19:50:20  ngrok is already running (PID 13024).
2026-09-02 19:50:20  === keep-alive check complete ===
2026-09-02 19:54:52  === keep-alive check starting ===
2026-09-02 19:54:56  Ensuring containers are up (docker compose up -d).
2026-09-02 19:54:57     Container t-coop-backend Running 
2026-09-02 19:54:57     Container t-coop-local-db Running 
2026-09-02 19:54:57     Container t-coop-local-db Waiting 
2026-09-02 19:54:57     Container t-coop-local-db Healthy 
2026-09-02 19:54:57     Container t-coop-backend-db-init-1 Starting 
2026-09-02 19:54:58     Container t-coop-backend-db-init-1 Started 
2026-09-02 19:54:58     Container t-coop-backend-db-init-1 Waiting 
2026-09-02 19:54:58     Container t-coop-backend-db-init-1 Exited 
2026-09-02 19:54:59  ngrok is already running (PID 13024).
2026-09-02 19:54:59  === keep-alive check complete ===
2026-09-02 19:59:57  === keep-alive check starting ===
2026-09-02 20:00:01  Ensuring containers are up (docker compose up -d).
2026-09-02 20:00:01     Container t-coop-backend Running 
2026-09-02 20:00:01     Container t-coop-local-db Running 
2026-09-02 20:00:01     Container t-coop-local-db Waiting 
2026-09-02 20:00:01     Container t-coop-local-db Healthy 
2026-09-02 20:00:01     Container t-coop-backend-db-init-1 Starting 
2026-09-02 20:00:02     Container t-coop-backend-db-init-1 Started 
2026-09-02 20:00:02     Container t-coop-backend-db-init-1 Waiting 
2026-09-02 20:00:02     Container t-coop-backend-db-init-1 Exited 
2026-09-02 20:00:03  ngrok is already running (PID 13024).
2026-09-02 20:00:03  === keep-alive check complete ===
2026-09-02 20:04:52  === keep-alive check starting ===
2026-09-02 20:04:56  Ensuring containers are up (docker compose up -d).
2026-09-02 20:04:57     Container t-coop-backend Running 
2026-09-02 20:04:57     Container t-coop-local-db Running 
2026-09-02 20:04:57     Container t-coop-local-db Waiting 
2026-09-02 20:04:57     Container t-coop-local-db Healthy 
2026-09-02 20:04:57     Container t-coop-backend-db-init-1 Starting 
2026-09-02 20:04:57     Container t-coop-backend-db-init-1 Started 
2026-09-02 20:04:57     Container t-coop-backend-db-init-1 Waiting 
2026-09-02 20:04:58     Container t-coop-backend-db-init-1 Exited 
2026-09-02 20:04:59  ngrok is already running (PID 13024).
2026-09-02 20:04:59  === keep-alive check complete ===
2026-09-02 20:19:59  === keep-alive check starting ===
2026-09-02 20:20:04  Ensuring containers are up (docker compose up -d).
2026-09-02 20:20:04     Container t-coop-backend Running 
2026-09-02 20:20:04     Container t-coop-local-db Running 
2026-09-02 20:20:04     Container t-coop-local-db Waiting 
2026-09-02 20:20:05     Container t-coop-local-db Healthy 
2026-09-02 20:20:05     Container t-coop-backend-db-init-1 Starting 
2026-09-02 20:20:05     Container t-coop-backend-db-init-1 Started 
2026-09-02 20:20:05     Container t-coop-backend-db-init-1 Waiting 
2026-09-02 20:20:06     Container t-coop-backend-db-init-1 Exited 
2026-09-02 20:20:06  ngrok is already running (PID 13024).
2026-09-02 20:20:06  === keep-alive check complete ===
2026-09-02 20:29:57  === keep-alive check starting ===
2026-09-02 20:30:01  Ensuring containers are up (docker compose up -d).
2026-09-02 20:30:01     Container t-coop-backend Running 
2026-09-02 20:30:01     Container t-coop-local-db Running 
2026-09-02 20:30:01     Container t-coop-local-db Waiting 
2026-09-02 20:30:02     Container t-coop-local-db Healthy 
2026-09-02 20:30:02     Container t-coop-backend-db-init-1 Starting 
2026-09-02 20:30:02     Container t-coop-backend-db-init-1 Started 
2026-09-02 20:30:02     Container t-coop-backend-db-init-1 Waiting 
2026-09-02 20:30:03     Container t-coop-backend-db-init-1 Exited 
2026-09-02 20:30:03  ngrok is already running (PID 13024).
2026-09-02 20:30:03  === keep-alive check complete ===
2026-09-02 20:34:55  === keep-alive check starting ===
2026-09-02 20:34:58  Ensuring containers are up (docker compose up -d).
2026-09-02 20:34:59     Container t-coop-local-db Running 
2026-09-02 20:34:59     Container t-coop-backend Running 
2026-09-02 20:34:59     Container t-coop-local-db Waiting 
2026-09-02 20:34:59     Container t-coop-local-db Healthy 
2026-09-02 20:34:59     Container t-coop-backend-db-init-1 Starting 
2026-09-02 20:34:59     Container t-coop-backend-db-init-1 Started 
2026-09-02 20:34:59     Container t-coop-backend-db-init-1 Waiting 
2026-09-02 20:35:00     Container t-coop-backend-db-init-1 Exited 
2026-09-02 20:35:00  ngrok is already running (PID 13024).
2026-09-02 20:35:00  === keep-alive check complete ===
2026-09-02 20:39:58  === keep-alive check starting ===
2026-09-02 20:39:59  Ensuring containers are up (docker compose up -d).
2026-09-02 20:40:00     Container t-coop-backend Running 
2026-09-02 20:40:00     Container t-coop-local-db Running 
2026-09-02 20:40:00     Container t-coop-local-db Waiting 
2026-09-02 20:40:00     Container t-coop-local-db Healthy 
2026-09-02 20:40:00     Container t-coop-backend-db-init-1 Starting 
2026-09-02 20:40:00     Container t-coop-backend-db-init-1 Started 
2026-09-02 20:40:00     Container t-coop-backend-db-init-1 Waiting 
2026-09-02 20:40:01     Container t-coop-backend-db-init-1 Exited 
2026-09-02 20:40:02  ngrok is already running (PID 13024).
2026-09-02 20:40:02  === keep-alive check complete ===
2026-09-02 20:44:58  === keep-alive check starting ===
2026-09-02 20:44:59  Ensuring containers are up (docker compose up -d).
2026-09-02 20:44:59     Container t-coop-backend Running 
2026-09-02 20:44:59     Container t-coop-local-db Running 
2026-09-02 20:44:59     Container t-coop-local-db Waiting 
2026-09-02 20:45:00     Container t-coop-local-db Healthy 
2026-09-02 20:45:00     Container t-coop-backend-db-init-1 Starting 
2026-09-02 20:45:00     Container t-coop-backend-db-init-1 Started 
2026-09-02 20:45:00     Container t-coop-backend-db-init-1 Waiting 
2026-09-02 20:45:01     Container t-coop-backend-db-init-1 Exited 
2026-09-02 20:45:01  ngrok is already running (PID 13024).
2026-09-02 20:45:01  === keep-alive check complete ===
2026-09-02 20:54:57  === keep-alive check starting ===
2026-09-02 20:55:01  Ensuring containers are up (docker compose up -d).
2026-09-02 20:55:02     Container t-coop-backend Running 
2026-09-02 20:55:02     Container t-coop-local-db Running 
2026-09-02 20:55:02     Container t-coop-local-db Waiting 
2026-09-02 20:55:03     Container t-coop-local-db Healthy 
2026-09-02 20:55:03     Container t-coop-backend-db-init-1 Starting 
2026-09-02 20:55:03     Container t-coop-backend-db-init-1 Started 
2026-09-02 20:55:03     Container t-coop-backend-db-init-1 Waiting 
2026-09-02 20:55:04     Container t-coop-backend-db-init-1 Exited 
2026-09-02 20:55:05  ngrok is already running (PID 13024).
2026-09-02 20:55:05  === keep-alive check complete ===
2026-09-02 20:59:58  === keep-alive check starting ===
2026-09-02 20:59:59  Ensuring containers are up (docker compose up -d).
2026-09-02 21:00:00     Container t-coop-backend Running 
2026-09-02 21:00:00     Container t-coop-local-db Running 
2026-09-02 21:00:00     Container t-coop-local-db Waiting 
2026-09-02 21:00:00     Container t-coop-local-db Healthy 
2026-09-02 21:00:00     Container t-coop-backend-db-init-1 Starting 
2026-09-02 21:00:00     Container t-coop-backend-db-init-1 Started 
2026-09-02 21:00:00     Container t-coop-backend-db-init-1 Waiting 
2026-09-02 21:00:01     Container t-coop-backend-db-init-1 Exited 
2026-09-02 21:00:01  ngrok is already running (PID 13024).
2026-09-02 21:00:01  === keep-alive check complete ===
2026-09-02 21:04:57  === keep-alive check starting ===
2026-09-02 21:04:59  Ensuring containers are up (docker compose up -d).
2026-09-02 21:04:59     Container t-coop-backend Running 
2026-09-02 21:04:59     Container t-coop-local-db Running 
2026-09-02 21:04:59     Container t-coop-local-db Waiting 
2026-09-02 21:05:00     Container t-coop-local-db Healthy 
2026-09-02 21:05:00     Container t-coop-backend-db-init-1 Starting 
2026-09-02 21:05:00     Container t-coop-backend-db-init-1 Started 
2026-09-02 21:05:00     Container t-coop-backend-db-init-1 Waiting 
2026-09-02 21:05:01     Container t-coop-backend-db-init-1 Exited 
2026-09-02 21:05:01  ngrok is already running (PID 13024).
2026-09-02 21:05:01  === keep-alive check complete ===
2026-09-02 21:09:58  === keep-alive check starting ===
2026-09-02 21:10:00  Ensuring containers are up (docker compose up -d).
2026-09-02 21:10:00     Container t-coop-backend Running 
2026-09-02 21:10:00     Container t-coop-local-db Running 
2026-09-02 21:10:00     Container t-coop-local-db Waiting 
2026-09-02 21:10:00     Container t-coop-local-db Healthy 
2026-09-02 21:10:00     Container t-coop-backend-db-init-1 Starting 
2026-09-02 21:10:01     Container t-coop-backend-db-init-1 Started 
2026-09-02 21:10:01     Container t-coop-backend-db-init-1 Waiting 
2026-09-02 21:10:01     Container t-coop-backend-db-init-1 Exited 
2026-09-02 21:10:02  ngrok is already running (PID 13024).
2026-09-02 21:10:02  === keep-alive check complete ===
2026-09-02 21:14:58  === keep-alive check starting ===
2026-09-02 21:14:59  Ensuring containers are up (docker compose up -d).
2026-09-02 21:15:00     Container t-coop-backend Running 
2026-09-02 21:15:00     Container t-coop-local-db Running 
2026-09-02 21:15:00     Container t-coop-local-db Waiting 
2026-09-02 21:15:00     Container t-coop-local-db Healthy 
2026-09-02 21:15:00     Container t-coop-backend-db-init-1 Starting 
2026-09-02 21:15:01     Container t-coop-backend-db-init-1 Started 
2026-09-02 21:15:01     Container t-coop-backend-db-init-1 Waiting 
2026-09-02 21:15:01     Container t-coop-backend-db-init-1 Exited 
2026-09-02 21:15:02  ngrok is already running (PID 13024).
2026-09-02 21:15:02  === keep-alive check complete ===
2026-09-02 21:19:53  === keep-alive check starting ===
2026-09-02 21:19:55  Ensuring containers are up (docker compose up -d).
2026-09-02 21:19:56     Container t-coop-backend Running 
2026-09-02 21:19:56     Container t-coop-local-db Running 
2026-09-02 21:19:56     Container t-coop-local-db Waiting 
2026-09-02 21:19:56     Container t-coop-local-db Healthy 
2026-09-02 21:19:56     Container t-coop-backend-db-init-1 Starting 
2026-09-02 21:19:56     Container t-coop-backend-db-init-1 Started 
2026-09-02 21:19:56     Container t-coop-backend-db-init-1 Waiting 
2026-09-02 21:19:57     Container t-coop-backend-db-init-1 Exited 
2026-09-02 21:19:58  ngrok is already running (PID 13024).
2026-09-02 21:19:58  === keep-alive check complete ===
2026-09-02 21:24:59  === keep-alive check starting ===
2026-09-02 21:25:01  Ensuring containers are up (docker compose up -d).
2026-09-02 21:25:02     Container t-coop-backend Running 
2026-09-02 21:25:02     Container t-coop-local-db Running 
2026-09-02 21:25:02     Container t-coop-local-db Waiting 
2026-09-02 21:25:02     Container t-coop-local-db Healthy 
2026-09-02 21:25:02     Container t-coop-backend-db-init-1 Starting 
2026-09-02 21:25:03     Container t-coop-backend-db-init-1 Started 
2026-09-02 21:25:03     Container t-coop-backend-db-init-1 Waiting 
2026-09-02 21:25:03     Container t-coop-backend-db-init-1 Exited 
2026-09-02 21:25:04  ngrok is already running (PID 13024).
2026-09-02 21:25:04  === keep-alive check complete ===
2026-09-02 21:29:58  === keep-alive check starting ===
2026-09-02 21:30:00  Ensuring containers are up (docker compose up -d).
2026-09-02 21:30:01     Container t-coop-local-db Running 
2026-09-02 21:30:01     Container t-coop-backend Running 
2026-09-02 21:30:01     Container t-coop-local-db Waiting 
2026-09-02 21:30:01     Container t-coop-local-db Healthy 
2026-09-02 21:30:01     Container t-coop-backend-db-init-1 Starting 
2026-09-02 21:30:01     Container t-coop-backend-db-init-1 Started 
2026-09-02 21:30:01     Container t-coop-backend-db-init-1 Waiting 
2026-09-02 21:30:02     Container t-coop-backend-db-init-1 Exited 
2026-09-02 21:30:02  ngrok is already running (PID 13024).
2026-09-02 21:30:02  === keep-alive check complete ===
2026-09-03 02:40:08  === keep-alive check starting ===
2026-09-03 02:40:17  Ensuring containers are up (docker compose up -d).
2026-09-03 02:40:18     Container t-coop-backend Running 
2026-09-03 02:40:18     Container t-coop-local-db Running 
2026-09-03 02:40:18     Container t-coop-local-db Waiting 
2026-09-03 02:40:18     Container t-coop-local-db Healthy 
2026-09-03 02:40:18     Container t-coop-backend-db-init-1 Starting 
2026-09-03 02:40:18     Container t-coop-backend-db-init-1 Started 
2026-09-03 02:40:18     Container t-coop-backend-db-init-1 Waiting 
2026-09-03 02:40:19     Container t-coop-backend-db-init-1 Exited 
2026-09-03 02:40:20  ngrok is already running (PID 13024).
2026-09-03 02:40:20  === keep-alive check complete ===
2026-09-03 02:59:57  === keep-alive check starting ===
2026-09-03 03:00:02  Ensuring containers are up (docker compose up -d).
2026-09-03 03:00:02     Container t-coop-local-db Running 
2026-09-03 03:00:02     Container t-coop-backend Running 
2026-09-03 03:00:02     Container t-coop-local-db Waiting 
2026-09-03 03:00:03     Container t-coop-local-db Healthy 
2026-09-03 03:00:03     Container t-coop-backend-db-init-1 Starting 
2026-09-03 03:00:03     Container t-coop-backend-db-init-1 Started 
2026-09-03 03:00:03     Container t-coop-backend-db-init-1 Waiting 
2026-09-03 03:00:04     Container t-coop-backend-db-init-1 Exited 
2026-09-03 03:00:05  ngrok is already running (PID 13024).
2026-09-03 03:00:05  === keep-alive check complete ===
2026-09-03 03:04:53  === keep-alive check starting ===
2026-09-03 03:04:59  Ensuring containers are up (docker compose up -d).
2026-09-03 03:04:59     Container t-coop-backend Running 
2026-09-03 03:04:59     Container t-coop-local-db Running 
2026-09-03 03:04:59     Container t-coop-local-db Waiting 
2026-09-03 03:05:00     Container t-coop-local-db Healthy 
2026-09-03 03:05:00     Container t-coop-backend-db-init-1 Starting 
2026-09-03 03:05:00     Container t-coop-backend-db-init-1 Started 
2026-09-03 03:05:00     Container t-coop-backend-db-init-1 Waiting 
2026-09-03 03:05:00     Container t-coop-backend-db-init-1 Exited 
2026-09-03 03:05:01  ngrok is already running (PID 13024).
2026-09-03 03:05:01  === keep-alive check complete ===
2026-09-03 03:09:58  === keep-alive check starting ===
2026-09-03 03:10:02  Ensuring containers are up (docker compose up -d).
2026-09-03 03:10:03     Container t-coop-local-db Running 
2026-09-03 03:10:03     Container t-coop-backend Running 
2026-09-03 03:10:03     Container t-coop-local-db Waiting 
2026-09-03 03:10:03     Container t-coop-local-db Healthy 
2026-09-03 03:10:03     Container t-coop-backend-db-init-1 Starting 
2026-09-03 03:10:04     Container t-coop-backend-db-init-1 Started 
2026-09-03 03:10:04     Container t-coop-backend-db-init-1 Waiting 
2026-09-03 03:10:04     Container t-coop-backend-db-init-1 Exited 
2026-09-03 03:10:05  ngrok is already running (PID 13024).
2026-09-03 03:10:05  === keep-alive check complete ===
2026-09-03 03:14:56  === keep-alive check starting ===
2026-09-03 03:15:09  Ensuring containers are up (docker compose up -d).
2026-09-03 03:15:10     Container t-coop-backend Running 
2026-09-03 03:15:10     Container t-coop-local-db Running 
2026-09-03 03:15:10     Container t-coop-local-db Waiting 
2026-09-03 03:15:10     Container t-coop-local-db Healthy 
2026-09-03 03:15:10     Container t-coop-backend-db-init-1 Starting 
2026-09-03 03:15:10     Container t-coop-backend-db-init-1 Started 
2026-09-03 03:15:10     Container t-coop-backend-db-init-1 Waiting 
2026-09-03 03:15:11     Container t-coop-backend-db-init-1 Exited 
2026-09-03 03:15:12  ngrok is already running (PID 13024).
2026-09-03 03:15:12  === keep-alive check complete ===
2026-09-03 03:19:55  === keep-alive check starting ===
2026-09-03 03:19:59  Ensuring containers are up (docker compose up -d).
2026-09-03 03:20:00     Container t-coop-backend Running 
2026-09-03 03:20:00     Container t-coop-local-db Running 
2026-09-03 03:20:00     Container t-coop-local-db Waiting 
2026-09-03 03:20:00     Container t-coop-local-db Healthy 
2026-09-03 03:20:00     Container t-coop-backend-db-init-1 Starting 
2026-09-03 03:20:01     Container t-coop-backend-db-init-1 Started 
2026-09-03 03:20:01     Container t-coop-backend-db-init-1 Waiting 
2026-09-03 03:20:01     Container t-coop-backend-db-init-1 Exited 
2026-09-03 03:20:02  ngrok is already running (PID 13024).
2026-09-03 03:20:02  === keep-alive check complete ===
2026-09-03 03:24:58  === keep-alive check starting ===
2026-09-03 03:25:00  Ensuring containers are up (docker compose up -d).
2026-09-03 03:25:00     Container t-coop-backend Running 
2026-09-03 03:25:00     Container t-coop-local-db Running 
2026-09-03 03:25:00     Container t-coop-local-db Waiting 
2026-09-03 03:25:01     Container t-coop-local-db Healthy 
2026-09-03 03:25:01     Container t-coop-backend-db-init-1 Starting 
2026-09-03 03:25:01     Container t-coop-backend-db-init-1 Started 
2026-09-03 03:25:01     Container t-coop-backend-db-init-1 Waiting 
2026-09-03 03:25:01     Container t-coop-backend-db-init-1 Exited 
2026-09-03 03:25:02  ngrok is already running (PID 13024).
2026-09-03 03:25:02  === keep-alive check complete ===
2026-09-03 03:29:52  === keep-alive check starting ===
2026-09-03 03:29:56  Ensuring containers are up (docker compose up -d).
2026-09-03 03:29:57     Container t-coop-backend Running 
2026-09-03 03:29:57     Container t-coop-local-db Running 
2026-09-03 03:29:57     Container t-coop-local-db Waiting 
2026-09-03 03:29:57     Container t-coop-local-db Healthy 
2026-09-03 03:29:57     Container t-coop-backend-db-init-1 Starting 
2026-09-03 03:29:57     Container t-coop-backend-db-init-1 Started 
2026-09-03 03:29:57     Container t-coop-backend-db-init-1 Waiting 
2026-09-03 03:29:58     Container t-coop-backend-db-init-1 Exited 
2026-09-03 03:29:58  ngrok is already running (PID 13024).
2026-09-03 03:29:58  === keep-alive check complete ===
2026-09-03 03:34:59  === keep-alive check starting ===
2026-09-03 03:35:04  Ensuring containers are up (docker compose up -d).
2026-09-03 03:35:04     Container t-coop-backend Running 
2026-09-03 03:35:04     Container t-coop-local-db Running 
2026-09-03 03:35:04     Container t-coop-local-db Waiting 
2026-09-03 03:35:05     Container t-coop-local-db Healthy 
2026-09-03 03:35:05     Container t-coop-backend-db-init-1 Starting 
2026-09-03 03:35:05     Container t-coop-backend-db-init-1 Started 
2026-09-03 03:35:05     Container t-coop-backend-db-init-1 Waiting 
2026-09-03 03:35:06     Container t-coop-backend-db-init-1 Exited 
2026-09-03 03:35:06  ngrok is already running (PID 13024).
2026-09-03 03:35:06  === keep-alive check complete ===
2026-09-03 03:39:59  === keep-alive check starting ===
2026-09-03 03:40:05  Ensuring containers are up (docker compose up -d).
2026-09-03 03:40:05     Container t-coop-backend Running 
2026-09-03 03:40:05     Container t-coop-local-db Running 
2026-09-03 03:40:05     Container t-coop-local-db Waiting 
2026-09-03 03:40:06     Container t-coop-local-db Healthy 
2026-09-03 03:40:06     Container t-coop-backend-db-init-1 Starting 
2026-09-03 03:40:06     Container t-coop-backend-db-init-1 Started 
2026-09-03 03:40:06     Container t-coop-backend-db-init-1 Waiting 
2026-09-03 03:40:07     Container t-coop-backend-db-init-1 Exited 
2026-09-03 03:40:08  ngrok is already running (PID 13024).
2026-09-03 03:40:08  === keep-alive check complete ===
2026-09-03 03:45:03  === keep-alive check starting ===
2026-09-03 03:45:10  Ensuring containers are up (docker compose up -d).
2026-09-03 03:45:10     Container t-coop-backend Running 
2026-09-03 03:45:10     Container t-coop-local-db Running 
2026-09-03 03:45:10     Container t-coop-local-db Waiting 
2026-09-03 03:45:11     Container t-coop-local-db Healthy 
2026-09-03 03:45:11     Container t-coop-backend-db-init-1 Starting 
2026-09-03 03:45:11     Container t-coop-backend-db-init-1 Started 
2026-09-03 03:45:11     Container t-coop-backend-db-init-1 Waiting 
2026-09-03 03:45:12     Container t-coop-backend-db-init-1 Exited 
2026-09-03 03:45:13  ngrok is already running (PID 13024).
2026-09-03 03:45:13  === keep-alive check complete ===
2026-09-03 03:49:54  === keep-alive check starting ===
2026-09-03 03:49:58  Ensuring containers are up (docker compose up -d).
2026-09-03 03:49:58     Container t-coop-backend Running 
2026-09-03 03:49:58     Container t-coop-local-db Running 
2026-09-03 03:49:58     Container t-coop-local-db Waiting 
2026-09-03 03:49:59     Container t-coop-local-db Healthy 
2026-09-03 03:49:59     Container t-coop-backend-db-init-1 Starting 
2026-09-03 03:49:59     Container t-coop-backend-db-init-1 Started 
2026-09-03 03:49:59     Container t-coop-backend-db-init-1 Waiting 
2026-09-03 03:49:59     Container t-coop-backend-db-init-1 Exited 
2026-09-03 03:50:00  ngrok is already running (PID 13024).
2026-09-03 03:50:00  === keep-alive check complete ===
2026-09-03 03:54:53  === keep-alive check starting ===
2026-09-03 03:54:56  Ensuring containers are up (docker compose up -d).
2026-09-03 03:54:56     Container t-coop-backend Running 
2026-09-03 03:54:56     Container t-coop-local-db Running 
2026-09-03 03:54:56     Container t-coop-local-db Waiting 
2026-09-03 03:54:57     Container t-coop-local-db Healthy 
2026-09-03 03:54:57     Container t-coop-backend-db-init-1 Starting 
2026-09-03 03:54:57     Container t-coop-backend-db-init-1 Started 
2026-09-03 03:54:57     Container t-coop-backend-db-init-1 Waiting 
2026-09-03 03:54:58     Container t-coop-backend-db-init-1 Exited 
2026-09-03 03:54:58  ngrok is already running (PID 13024).
2026-09-03 03:54:58  === keep-alive check complete ===
2026-09-03 03:59:54  === keep-alive check starting ===
2026-09-03 03:59:55  Ensuring containers are up (docker compose up -d).
2026-09-03 03:59:56     Container t-coop-backend Running 
2026-09-03 03:59:56     Container t-coop-local-db Running 
2026-09-03 03:59:56     Container t-coop-local-db Waiting 
2026-09-03 03:59:56     Container t-coop-local-db Healthy 
2026-09-03 03:59:56     Container t-coop-backend-db-init-1 Starting 
2026-09-03 03:59:57     Container t-coop-backend-db-init-1 Started 
2026-09-03 03:59:57     Container t-coop-backend-db-init-1 Waiting 
2026-09-03 03:59:57     Container t-coop-backend-db-init-1 Exited 
2026-09-03 03:59:57  ngrok is already running (PID 13024).
2026-09-03 03:59:57  === keep-alive check complete ===
2026-09-03 04:04:51  === keep-alive check starting ===
2026-09-03 04:04:55  Ensuring containers are up (docker compose up -d).
2026-09-03 04:04:56     Container t-coop-backend Running 
2026-09-03 04:04:56     Container t-coop-local-db Running 
2026-09-03 04:04:56     Container t-coop-local-db Waiting 
2026-09-03 04:04:56     Container t-coop-local-db Healthy 
2026-09-03 04:04:56     Container t-coop-backend-db-init-1 Starting 
2026-09-03 04:04:56     Container t-coop-backend-db-init-1 Started 
2026-09-03 04:04:56     Container t-coop-backend-db-init-1 Waiting 
2026-09-03 04:04:57     Container t-coop-backend-db-init-1 Exited 
2026-09-03 04:04:57  ngrok is already running (PID 13024).
2026-09-03 04:04:57  === keep-alive check complete ===
2026-09-03 04:09:52  === keep-alive check starting ===
2026-09-03 04:09:56  Ensuring containers are up (docker compose up -d).
2026-09-03 04:09:57     Container t-coop-backend Running 
2026-09-03 04:09:57     Container t-coop-local-db Running 
2026-09-03 04:09:57     Container t-coop-local-db Waiting 
2026-09-03 04:09:57     Container t-coop-local-db Healthy 
2026-09-03 04:09:57     Container t-coop-backend-db-init-1 Starting 
2026-09-03 04:09:58     Container t-coop-backend-db-init-1 Started 
2026-09-03 04:09:58     Container t-coop-backend-db-init-1 Waiting 
2026-09-03 04:09:58     Container t-coop-backend-db-init-1 Exited 
2026-09-03 04:09:59  ngrok is already running (PID 13024).
2026-09-03 04:09:59  === keep-alive check complete ===
2026-09-03 04:14:54  === keep-alive check starting ===
2026-09-03 04:14:58  Ensuring containers are up (docker compose up -d).
2026-09-03 04:14:59     Container t-coop-backend Running 
2026-09-03 04:14:59     Container t-coop-local-db Running 
2026-09-03 04:14:59     Container t-coop-local-db Waiting 
2026-09-03 04:14:59     Container t-coop-local-db Healthy 
2026-09-03 04:14:59     Container t-coop-backend-db-init-1 Starting 
2026-09-03 04:14:59     Container t-coop-backend-db-init-1 Started 
2026-09-03 04:14:59     Container t-coop-backend-db-init-1 Waiting 
2026-09-03 04:15:00     Container t-coop-backend-db-init-1 Exited 
2026-09-03 04:15:00  ngrok is already running (PID 13024).
2026-09-03 04:15:00  === keep-alive check complete ===
2026-09-03 04:19:52  === keep-alive check starting ===
2026-09-03 04:19:55  Ensuring containers are up (docker compose up -d).
2026-09-03 04:19:55     Container t-coop-backend Running 
2026-09-03 04:19:55     Container t-coop-local-db Running 
2026-09-03 04:19:55     Container t-coop-local-db Waiting 
2026-09-03 04:19:56     Container t-coop-local-db Healthy 
2026-09-03 04:19:56     Container t-coop-backend-db-init-1 Starting 
2026-09-03 04:19:56     Container t-coop-backend-db-init-1 Started 
2026-09-03 04:19:56     Container t-coop-backend-db-init-1 Waiting 
2026-09-03 04:19:56     Container t-coop-backend-db-init-1 Exited 
2026-09-03 04:19:57  ngrok is already running (PID 13024).
2026-09-03 04:19:57  === keep-alive check complete ===
2026-09-03 04:24:53  === keep-alive check starting ===
2026-09-03 04:24:57  Ensuring containers are up (docker compose up -d).
2026-09-03 04:24:57     Container t-coop-backend Running 
2026-09-03 04:24:57     Container t-coop-local-db Running 
2026-09-03 04:24:57     Container t-coop-local-db Waiting 
2026-09-03 04:24:58     Container t-coop-local-db Healthy 
2026-09-03 04:24:58     Container t-coop-backend-db-init-1 Starting 
2026-09-03 04:24:58     Container t-coop-backend-db-init-1 Started 
2026-09-03 04:24:58     Container t-coop-backend-db-init-1 Waiting 
2026-09-03 04:24:58     Container t-coop-backend-db-init-1 Exited 
2026-09-03 04:24:59  ngrok is already running (PID 13024).
2026-09-03 04:24:59  === keep-alive check complete ===
2026-09-03 04:29:52  === keep-alive check starting ===
2026-09-03 04:29:55  Ensuring containers are up (docker compose up -d).
2026-09-03 04:29:55     Container t-coop-backend Running 
2026-09-03 04:29:55     Container t-coop-local-db Running 
2026-09-03 04:29:55     Container t-coop-local-db Waiting 
2026-09-03 04:29:56     Container t-coop-local-db Healthy 
2026-09-03 04:29:56     Container t-coop-backend-db-init-1 Starting 
2026-09-03 04:29:56     Container t-coop-backend-db-init-1 Started 
2026-09-03 04:29:56     Container t-coop-backend-db-init-1 Waiting 
2026-09-03 04:29:56     Container t-coop-backend-db-init-1 Exited 
2026-09-03 04:29:57  ngrok is already running (PID 13024).
2026-09-03 04:29:57  === keep-alive check complete ===
2026-09-03 04:34:53  === keep-alive check starting ===
2026-09-03 04:34:55  Ensuring containers are up (docker compose up -d).
2026-09-03 04:34:55     Container t-coop-backend Running 
2026-09-03 04:34:55     Container t-coop-local-db Running 
2026-09-03 04:34:55     Container t-coop-local-db Waiting 
2026-09-03 04:34:55     Container t-coop-local-db Healthy 
2026-09-03 04:34:55     Container t-coop-backend-db-init-1 Starting 
2026-09-03 04:34:56     Container t-coop-backend-db-init-1 Started 
2026-09-03 04:34:56     Container t-coop-backend-db-init-1 Waiting 
2026-09-03 04:34:56     Container t-coop-backend-db-init-1 Exited 
2026-09-03 04:34:56  ngrok is already running (PID 13024).
2026-09-03 04:34:56  === keep-alive check complete ===
2026-09-03 04:39:52  === keep-alive check starting ===
2026-09-03 04:39:54  Ensuring containers are up (docker compose up -d).
2026-09-03 04:39:54     Container t-coop-backend Running 
2026-09-03 04:39:54     Container t-coop-local-db Running 
2026-09-03 04:39:54     Container t-coop-local-db Waiting 
2026-09-03 04:39:55     Container t-coop-local-db Healthy 
2026-09-03 04:39:55     Container t-coop-backend-db-init-1 Starting 
2026-09-03 04:39:55     Container t-coop-backend-db-init-1 Started 
2026-09-03 04:39:55     Container t-coop-backend-db-init-1 Waiting 
2026-09-03 04:39:55     Container t-coop-backend-db-init-1 Exited 
2026-09-03 04:39:56  ngrok is already running (PID 13024).
2026-09-03 04:39:56  === keep-alive check complete ===
2026-09-03 04:44:52  === keep-alive check starting ===
2026-09-03 04:44:55  Ensuring containers are up (docker compose up -d).
2026-09-03 04:44:56     Container t-coop-local-db Running 
2026-09-03 04:44:56     Container t-coop-backend Running 
2026-09-03 04:44:56     Container t-coop-local-db Waiting 
2026-09-03 04:44:56     Container t-coop-local-db Healthy 
2026-09-03 04:44:56     Container t-coop-backend-db-init-1 Starting 
2026-09-03 04:44:56     Container t-coop-backend-db-init-1 Started 
2026-09-03 04:44:56     Container t-coop-backend-db-init-1 Waiting 
2026-09-03 04:44:57     Container t-coop-backend-db-init-1 Exited 
2026-09-03 04:44:57  ngrok is already running (PID 13024).
2026-09-03 04:44:57  === keep-alive check complete ===
2026-09-03 04:49:51  === keep-alive check starting ===
2026-09-03 04:49:54  Ensuring containers are up (docker compose up -d).
2026-09-03 04:49:54     Container t-coop-backend Running 
2026-09-03 04:49:54     Container t-coop-local-db Running 
2026-09-03 04:49:54     Container t-coop-local-db Waiting 
2026-09-03 04:49:55     Container t-coop-local-db Healthy 
2026-09-03 04:49:55     Container t-coop-backend-db-init-1 Starting 
2026-09-03 04:49:55     Container t-coop-backend-db-init-1 Started 
2026-09-03 04:49:55     Container t-coop-backend-db-init-1 Waiting 
2026-09-03 04:49:56     Container t-coop-backend-db-init-1 Exited 
2026-09-03 04:49:56  ngrok is already running (PID 13024).
2026-09-03 04:49:56  === keep-alive check complete ===
2026-09-03 04:54:54  === keep-alive check starting ===
2026-09-03 04:54:58  Ensuring containers are up (docker compose up -d).
2026-09-03 04:54:59     Container t-coop-backend Running 
2026-09-03 04:54:59     Container t-coop-local-db Running 
2026-09-03 04:54:59     Container t-coop-local-db Waiting 
2026-09-03 04:54:59     Container t-coop-local-db Healthy 
2026-09-03 04:54:59     Container t-coop-backend-db-init-1 Starting 
2026-09-03 04:54:59     Container t-coop-backend-db-init-1 Started 
2026-09-03 04:54:59     Container t-coop-backend-db-init-1 Waiting 
2026-09-03 04:55:00     Container t-coop-backend-db-init-1 Exited 
2026-09-03 04:55:00  ngrok is already running (PID 13024).
2026-09-03 04:55:00  === keep-alive check complete ===
2026-09-03 04:59:52  === keep-alive check starting ===
2026-09-03 04:59:57  Ensuring containers are up (docker compose up -d).
2026-09-03 04:59:57     Container t-coop-local-db Running 
2026-09-03 04:59:57     Container t-coop-backend Running 
2026-09-03 04:59:57     Container t-coop-local-db Waiting 
2026-09-03 04:59:58     Container t-coop-local-db Healthy 
2026-09-03 04:59:58     Container t-coop-backend-db-init-1 Starting 
2026-09-03 04:59:58     Container t-coop-backend-db-init-1 Started 
2026-09-03 04:59:58     Container t-coop-backend-db-init-1 Waiting 
2026-09-03 04:59:59     Container t-coop-backend-db-init-1 Exited 
2026-09-03 04:59:59  ngrok is already running (PID 13024).
2026-09-03 04:59:59  === keep-alive check complete ===
2026-09-03 05:04:51  === keep-alive check starting ===
2026-09-03 05:04:52  Ensuring containers are up (docker compose up -d).
2026-09-03 05:04:52     Container t-coop-local-db Running 
2026-09-03 05:04:52     Container t-coop-backend Running 
2026-09-03 05:04:52     Container t-coop-local-db Waiting 
2026-09-03 05:04:53     Container t-coop-local-db Healthy 
2026-09-03 05:04:53     Container t-coop-backend-db-init-1 Starting 
2026-09-03 05:04:53     Container t-coop-backend-db-init-1 Started 
2026-09-03 05:04:53     Container t-coop-backend-db-init-1 Waiting 
2026-09-03 05:04:54     Container t-coop-backend-db-init-1 Exited 
2026-09-03 05:04:54  ngrok is already running (PID 13024).
2026-09-03 05:04:54  === keep-alive check complete ===
2026-09-03 05:09:51  === keep-alive check starting ===
2026-09-03 05:09:52  Ensuring containers are up (docker compose up -d).
2026-09-03 05:09:53     Container t-coop-backend Running 
2026-09-03 05:09:53     Container t-coop-local-db Running 
2026-09-03 05:09:53     Container t-coop-local-db Waiting 
2026-09-03 05:09:53     Container t-coop-local-db Healthy 
2026-09-03 05:09:53     Container t-coop-backend-db-init-1 Starting 
2026-09-03 05:09:53     Container t-coop-backend-db-init-1 Started 
2026-09-03 05:09:53     Container t-coop-backend-db-init-1 Waiting 
2026-09-03 05:09:54     Container t-coop-backend-db-init-1 Exited 
2026-09-03 05:09:54  ngrok is already running (PID 13024).
2026-09-03 05:09:54  === keep-alive check complete ===
2026-09-03 05:14:51  === keep-alive check starting ===
2026-09-03 05:14:52  Ensuring containers are up (docker compose up -d).
2026-09-03 05:14:53     Container t-coop-local-db Running 
2026-09-03 05:14:53     Container t-coop-backend Running 
2026-09-03 05:14:53     Container t-coop-local-db Waiting 
2026-09-03 05:14:53     Container t-coop-local-db Healthy 
2026-09-03 05:14:53     Container t-coop-backend-db-init-1 Starting 
2026-09-03 05:14:53     Container t-coop-backend-db-init-1 Started 
2026-09-03 05:14:53     Container t-coop-backend-db-init-1 Waiting 
2026-09-03 05:14:54     Container t-coop-backend-db-init-1 Exited 
2026-09-03 05:14:54  ngrok is already running (PID 13024).
2026-09-03 05:14:54  === keep-alive check complete ===
2026-09-03 05:19:52  === keep-alive check starting ===
2026-09-03 05:19:56  Ensuring containers are up (docker compose up -d).
2026-09-03 05:19:56     Container t-coop-backend Running 
2026-09-03 05:19:56     Container t-coop-local-db Running 
2026-09-03 05:19:56     Container t-coop-local-db Waiting 
2026-09-03 05:19:57     Container t-coop-local-db Healthy 
2026-09-03 05:19:57     Container t-coop-backend-db-init-1 Starting 
2026-09-03 05:19:57     Container t-coop-backend-db-init-1 Started 
2026-09-03 05:19:57     Container t-coop-backend-db-init-1 Waiting 
2026-09-03 05:19:57     Container t-coop-backend-db-init-1 Exited 
2026-09-03 05:19:58  ngrok is already running (PID 13024).
2026-09-03 05:19:58  === keep-alive check complete ===
2026-09-03 05:24:53  === keep-alive check starting ===
2026-09-03 05:25:00  Ensuring containers are up (docker compose up -d).
2026-09-03 05:25:01     Container t-coop-backend Running 
2026-09-03 05:25:01     Container t-coop-local-db Running 
2026-09-03 05:25:01     Container t-coop-local-db Waiting 
2026-09-03 05:25:02     Container t-coop-local-db Healthy 
2026-09-03 05:25:02     Container t-coop-backend-db-init-1 Starting 
2026-09-03 05:25:02     Container t-coop-backend-db-init-1 Started 
2026-09-03 05:25:02     Container t-coop-backend-db-init-1 Waiting 
2026-09-03 05:25:03     Container t-coop-backend-db-init-1 Exited 
2026-09-03 05:25:04  ngrok is already running (PID 13024).
2026-09-03 05:25:04  === keep-alive check complete ===
2026-09-03 05:29:51  === keep-alive check starting ===
2026-09-03 05:29:54  Ensuring containers are up (docker compose up -d).
2026-09-03 05:29:55     Container t-coop-backend Running 
2026-09-03 05:29:55     Container t-coop-local-db Running 
2026-09-03 05:29:55     Container t-coop-local-db Waiting 
2026-09-03 05:29:55     Container t-coop-local-db Healthy 
2026-09-03 05:29:55     Container t-coop-backend-db-init-1 Starting 
2026-09-03 05:29:56     Container t-coop-backend-db-init-1 Started 
2026-09-03 05:29:56     Container t-coop-backend-db-init-1 Waiting 
2026-09-03 05:29:56     Container t-coop-backend-db-init-1 Exited 
2026-09-03 05:29:57  ngrok is already running (PID 13024).
2026-09-03 05:29:57  === keep-alive check complete ===
2026-09-03 05:34:51  === keep-alive check starting ===
2026-09-03 05:34:53  Ensuring containers are up (docker compose up -d).
2026-09-03 05:34:54     Container t-coop-backend Running 
2026-09-03 05:34:54     Container t-coop-local-db Running 
2026-09-03 05:34:54     Container t-coop-local-db Waiting 
2026-09-03 05:34:54     Container t-coop-local-db Healthy 
2026-09-03 05:34:54     Container t-coop-backend-db-init-1 Starting 
2026-09-03 05:34:54     Container t-coop-backend-db-init-1 Started 
2026-09-03 05:34:54     Container t-coop-backend-db-init-1 Waiting 
2026-09-03 05:34:55     Container t-coop-backend-db-init-1 Exited 
2026-09-03 05:34:55  ngrok is already running (PID 13024).
2026-09-03 05:34:55  === keep-alive check complete ===
2026-09-03 05:39:51  === keep-alive check starting ===
2026-09-03 05:39:56  Ensuring containers are up (docker compose up -d).
2026-09-03 05:39:56     Container t-coop-local-db Running 
2026-09-03 05:39:56     Container t-coop-backend Running 
2026-09-03 05:39:56     Container t-coop-local-db Waiting 
2026-09-03 05:39:56     Container t-coop-local-db Healthy 
2026-09-03 05:39:56     Container t-coop-backend-db-init-1 Starting 
2026-09-03 05:39:57     Container t-coop-backend-db-init-1 Started 
2026-09-03 05:39:57     Container t-coop-backend-db-init-1 Waiting 
2026-09-03 05:39:57     Container t-coop-backend-db-init-1 Exited 
2026-09-03 05:39:57  ngrok is already running (PID 13024).
2026-09-03 05:39:57  === keep-alive check complete ===
2026-09-03 05:44:51  === keep-alive check starting ===
2026-09-03 05:44:55  Ensuring containers are up (docker compose up -d).
2026-09-03 05:44:55     Container t-coop-backend Running 
2026-09-03 05:44:55     Container t-coop-local-db Running 
2026-09-03 05:44:55     Container t-coop-local-db Waiting 
2026-09-03 05:44:55     Container t-coop-local-db Healthy 
2026-09-03 05:44:55     Container t-coop-backend-db-init-1 Starting 
2026-09-03 05:44:56     Container t-coop-backend-db-init-1 Started 
2026-09-03 05:44:56     Container t-coop-backend-db-init-1 Waiting 
2026-09-03 05:44:56     Container t-coop-backend-db-init-1 Exited 
2026-09-03 05:44:57  ngrok is already running (PID 13024).
2026-09-03 05:44:57  === keep-alive check complete ===
2026-09-03 05:49:52  === keep-alive check starting ===
2026-09-03 05:49:56  Ensuring containers are up (docker compose up -d).
2026-09-03 05:49:57     Container t-coop-backend Running 
2026-09-03 05:49:57     Container t-coop-local-db Running 
2026-09-03 05:49:57     Container t-coop-local-db Waiting 
2026-09-03 05:49:57     Container t-coop-local-db Healthy 
2026-09-03 05:49:57     Container t-coop-backend-db-init-1 Starting 
2026-09-03 05:49:57     Container t-coop-backend-db-init-1 Started 
2026-09-03 05:49:57     Container t-coop-backend-db-init-1 Waiting 
2026-09-03 05:49:58     Container t-coop-backend-db-init-1 Exited 
2026-09-03 05:49:58  ngrok is already running (PID 13024).
2026-09-03 05:49:58  === keep-alive check complete ===
2026-09-03 05:54:52  === keep-alive check starting ===
2026-09-03 05:54:54  Ensuring containers are up (docker compose up -d).
2026-09-03 05:54:55     Container t-coop-backend Running 
2026-09-03 05:54:55     Container t-coop-local-db Running 
2026-09-03 05:54:55     Container t-coop-local-db Waiting 
2026-09-03 05:54:55     Container t-coop-local-db Healthy 
2026-09-03 05:54:55     Container t-coop-backend-db-init-1 Starting 
2026-09-03 05:54:55     Container t-coop-backend-db-init-1 Started 
2026-09-03 05:54:55     Container t-coop-backend-db-init-1 Waiting 
2026-09-03 05:54:56     Container t-coop-backend-db-init-1 Exited 
2026-09-03 05:54:56  ngrok is already running (PID 13024).
2026-09-03 05:54:56  === keep-alive check complete ===
2026-09-03 05:59:51  === keep-alive check starting ===
2026-09-03 05:59:54  Ensuring containers are up (docker compose up -d).
2026-09-03 05:59:54     Container t-coop-backend Running 
2026-09-03 05:59:54     Container t-coop-local-db Running 
2026-09-03 05:59:54     Container t-coop-local-db Waiting 
2026-09-03 05:59:55     Container t-coop-local-db Healthy 
2026-09-03 05:59:55     Container t-coop-backend-db-init-1 Starting 
2026-09-03 05:59:55     Container t-coop-backend-db-init-1 Started 
2026-09-03 05:59:55     Container t-coop-backend-db-init-1 Waiting 
2026-09-03 05:59:55     Container t-coop-backend-db-init-1 Exited 
2026-09-03 05:59:56  ngrok is already running (PID 13024).
2026-09-03 05:59:56  === keep-alive check complete ===
2026-09-03 06:04:51  === keep-alive check starting ===
2026-09-03 06:04:54  Ensuring containers are up (docker compose up -d).
2026-09-03 06:04:55     Container t-coop-local-db Running 
2026-09-03 06:04:55     Container t-coop-backend Running 
2026-09-03 06:04:55     Container t-coop-local-db Waiting 
2026-09-03 06:04:55     Container t-coop-local-db Healthy 
2026-09-03 06:04:55     Container t-coop-backend-db-init-1 Starting 
2026-09-03 06:04:55     Container t-coop-backend-db-init-1 Started 
2026-09-03 06:04:55     Container t-coop-backend-db-init-1 Waiting 
2026-09-03 06:04:56     Container t-coop-backend-db-init-1 Exited 
2026-09-03 06:04:56  ngrok is already running (PID 13024).
2026-09-03 06:04:56  === keep-alive check complete ===
2026-09-03 06:09:53  === keep-alive check starting ===
2026-09-03 06:09:56  Ensuring containers are up (docker compose up -d).
2026-09-03 06:09:56     Container t-coop-backend Running 
2026-09-03 06:09:56     Container t-coop-local-db Running 
2026-09-03 06:09:56     Container t-coop-local-db Waiting 
2026-09-03 06:09:57     Container t-coop-local-db Healthy 
2026-09-03 06:09:57     Container t-coop-backend-db-init-1 Starting 
2026-09-03 06:09:57     Container t-coop-backend-db-init-1 Started 
2026-09-03 06:09:57     Container t-coop-backend-db-init-1 Waiting 
2026-09-03 06:09:57     Container t-coop-backend-db-init-1 Exited 
2026-09-03 06:09:58  ngrok is already running (PID 13024).
2026-09-03 06:09:58  === keep-alive check complete ===
2026-09-03 06:14:52  === keep-alive check starting ===
2026-09-03 06:14:57  Ensuring containers are up (docker compose up -d).
2026-09-03 06:14:57     Container t-coop-backend Running 
2026-09-03 06:14:57     Container t-coop-local-db Running 
2026-09-03 06:14:57     Container t-coop-local-db Waiting 
2026-09-03 06:14:58     Container t-coop-local-db Healthy 
2026-09-03 06:14:58     Container t-coop-backend-db-init-1 Starting 
2026-09-03 06:14:58     Container t-coop-backend-db-init-1 Started 
2026-09-03 06:14:58     Container t-coop-backend-db-init-1 Waiting 
2026-09-03 06:14:58     Container t-coop-backend-db-init-1 Exited 
2026-09-03 06:14:59  ngrok is already running (PID 13024).
2026-09-03 06:14:59  === keep-alive check complete ===
2026-09-03 06:19:52  === keep-alive check starting ===
2026-09-03 06:19:56  Ensuring containers are up (docker compose up -d).
2026-09-03 06:19:56     Container t-coop-local-db Running 
2026-09-03 06:19:56     Container t-coop-backend Running 
2026-09-03 06:19:56     Container t-coop-local-db Waiting 
2026-09-03 06:19:56     Container t-coop-local-db Healthy 
2026-09-03 06:19:56     Container t-coop-backend-db-init-1 Starting 
2026-09-03 06:19:57     Container t-coop-backend-db-init-1 Started 
2026-09-03 06:19:57     Container t-coop-backend-db-init-1 Waiting 
2026-09-03 06:19:57     Container t-coop-backend-db-init-1 Exited 
2026-09-03 06:19:58  ngrok is already running (PID 13024).
2026-09-03 06:19:58  === keep-alive check complete ===
2026-09-03 06:24:51  === keep-alive check starting ===
2026-09-03 06:24:54  Ensuring containers are up (docker compose up -d).
2026-09-03 06:24:55     Container t-coop-backend Running 
2026-09-03 06:24:55     Container t-coop-local-db Running 
2026-09-03 06:24:55     Container t-coop-local-db Waiting 
2026-09-03 06:24:55     Container t-coop-local-db Healthy 
2026-09-03 06:24:55     Container t-coop-backend-db-init-1 Starting 
2026-09-03 06:24:55     Container t-coop-backend-db-init-1 Started 
2026-09-03 06:24:55     Container t-coop-backend-db-init-1 Waiting 
2026-09-03 06:24:56     Container t-coop-backend-db-init-1 Exited 
2026-09-03 06:24:57  ngrok is already running (PID 13024).
2026-09-03 06:24:57  === keep-alive check complete ===
2026-09-03 06:29:52  === keep-alive check starting ===
2026-09-03 06:29:53  Ensuring containers are up (docker compose up -d).
2026-09-03 06:29:53     Container t-coop-local-db Running 
2026-09-03 06:29:53     Container t-coop-backend Running 
2026-09-03 06:29:53     Container t-coop-local-db Waiting 
2026-09-03 06:29:54     Container t-coop-local-db Healthy 
2026-09-03 06:29:54     Container t-coop-backend-db-init-1 Starting 
2026-09-03 06:29:54     Container t-coop-backend-db-init-1 Started 
2026-09-03 06:29:54     Container t-coop-backend-db-init-1 Waiting 
2026-09-03 06:29:55     Container t-coop-backend-db-init-1 Exited 
2026-09-03 06:29:55  ngrok is already running (PID 13024).
2026-09-03 06:29:55  === keep-alive check complete ===
2026-09-03 06:34:52  === keep-alive check starting ===
2026-09-03 06:34:55  Ensuring containers are up (docker compose up -d).
2026-09-03 06:34:55     Container t-coop-backend Running 
2026-09-03 06:34:55     Container t-coop-local-db Running 
2026-09-03 06:34:55     Container t-coop-local-db Waiting 
2026-09-03 06:34:56     Container t-coop-local-db Healthy 
2026-09-03 06:34:56     Container t-coop-backend-db-init-1 Starting 
2026-09-03 06:34:56     Container t-coop-backend-db-init-1 Started 
2026-09-03 06:34:56     Container t-coop-backend-db-init-1 Waiting 
2026-09-03 06:34:56     Container t-coop-backend-db-init-1 Exited 
2026-09-03 06:34:57  ngrok is already running (PID 13024).
2026-09-03 06:34:57  === keep-alive check complete ===
2026-09-03 06:39:56  === keep-alive check starting ===
2026-09-03 06:40:02  Ensuring containers are up (docker compose up -d).
2026-09-03 06:40:02     Container t-coop-local-db Running 
2026-09-03 06:40:02     Container t-coop-backend Running 
2026-09-03 06:40:02     Container t-coop-local-db Waiting 
2026-09-03 06:40:03     Container t-coop-local-db Healthy 
2026-09-03 06:40:03     Container t-coop-backend-db-init-1 Starting 
2026-09-03 06:40:03     Container t-coop-backend-db-init-1 Started 
2026-09-03 06:40:03     Container t-coop-backend-db-init-1 Waiting 
2026-09-03 06:40:03     Container t-coop-backend-db-init-1 Exited 
2026-09-03 06:40:04  ngrok is already running (PID 13024).
2026-09-03 06:40:04  === keep-alive check complete ===
2026-09-03 06:44:55  === keep-alive check starting ===
2026-09-03 06:44:59  Ensuring containers are up (docker compose up -d).
2026-09-03 06:44:59     Container t-coop-backend Running 
2026-09-03 06:44:59     Container t-coop-local-db Running 
2026-09-03 06:44:59     Container t-coop-local-db Waiting 
2026-09-03 06:45:00     Container t-coop-local-db Healthy 
2026-09-03 06:45:00     Container t-coop-backend-db-init-1 Starting 
2026-09-03 06:45:00     Container t-coop-backend-db-init-1 Started 
2026-09-03 06:45:00     Container t-coop-backend-db-init-1 Waiting 
2026-09-03 06:45:01     Container t-coop-backend-db-init-1 Exited 
2026-09-03 06:45:02  ngrok is already running (PID 13024).
2026-09-03 06:45:02  === keep-alive check complete ===
2026-09-03 06:49:59  === keep-alive check starting ===
2026-09-03 06:50:04  Ensuring containers are up (docker compose up -d).
2026-09-03 06:50:04     Container t-coop-backend Running 
2026-09-03 06:50:04     Container t-coop-local-db Running 
2026-09-03 06:50:04     Container t-coop-local-db Waiting 
2026-09-03 06:50:05     Container t-coop-local-db Healthy 
2026-09-03 06:50:05     Container t-coop-backend-db-init-1 Starting 
2026-09-03 06:50:05     Container t-coop-backend-db-init-1 Started 
2026-09-03 06:50:05     Container t-coop-backend-db-init-1 Waiting 
2026-09-03 06:50:06     Container t-coop-backend-db-init-1 Exited 
2026-09-03 06:50:07  ngrok is already running (PID 13024).
2026-09-03 06:50:07  === keep-alive check complete ===
2026-09-03 06:54:59  === keep-alive check starting ===
2026-09-03 06:55:04  Ensuring containers are up (docker compose up -d).
2026-09-03 06:55:05     Container t-coop-backend Running 
2026-09-03 06:55:05     Container t-coop-local-db Running 
2026-09-03 06:55:05     Container t-coop-local-db Waiting 
2026-09-03 06:55:05     Container t-coop-local-db Healthy 
2026-09-03 06:55:05     Container t-coop-backend-db-init-1 Starting 
2026-09-03 06:55:05     Container t-coop-backend-db-init-1 Started 
2026-09-03 06:55:05     Container t-coop-backend-db-init-1 Waiting 
2026-09-03 06:55:06     Container t-coop-backend-db-init-1 Exited 
2026-09-03 06:55:07  ngrok is already running (PID 13024).
2026-09-03 06:55:07  === keep-alive check complete ===
2026-09-03 06:59:53  === keep-alive check starting ===
2026-09-03 07:00:00  Ensuring containers are up (docker compose up -d).
2026-09-03 07:00:00     Container t-coop-backend Running 
2026-09-03 07:00:00     Container t-coop-local-db Running 
2026-09-03 07:00:00     Container t-coop-local-db Waiting 
2026-09-03 07:00:01     Container t-coop-local-db Healthy 
2026-09-03 07:00:01     Container t-coop-backend-db-init-1 Starting 
2026-09-03 07:00:01     Container t-coop-backend-db-init-1 Started 
2026-09-03 07:00:01     Container t-coop-backend-db-init-1 Waiting 
2026-09-03 07:00:02     Container t-coop-backend-db-init-1 Exited 
2026-09-03 07:00:03  ngrok is already running (PID 13024).
2026-09-03 07:00:03  === keep-alive check complete ===
2026-09-03 07:04:56  === keep-alive check starting ===
2026-09-03 07:05:04  Ensuring containers are up (docker compose up -d).
2026-09-03 07:05:05     Container t-coop-backend Running 
2026-09-03 07:05:05     Container t-coop-local-db Running 
2026-09-03 07:05:05     Container t-coop-local-db Waiting 
2026-09-03 07:05:05     Container t-coop-local-db Healthy 
2026-09-03 07:05:05     Container t-coop-backend-db-init-1 Starting 
2026-09-03 07:05:06     Container t-coop-backend-db-init-1 Started 
2026-09-03 07:05:06     Container t-coop-backend-db-init-1 Waiting 
2026-09-03 07:05:06     Container t-coop-backend-db-init-1 Exited 
2026-09-03 07:05:07  ngrok is already running (PID 13024).
2026-09-03 07:05:07  === keep-alive check complete ===
2026-09-03 07:09:54  === keep-alive check starting ===
2026-09-03 07:09:59  Ensuring containers are up (docker compose up -d).
2026-09-03 07:09:59     Container t-coop-backend Running 
2026-09-03 07:09:59     Container t-coop-local-db Running 
2026-09-03 07:09:59     Container t-coop-local-db Waiting 
2026-09-03 07:10:00     Container t-coop-local-db Healthy 
2026-09-03 07:10:00     Container t-coop-backend-db-init-1 Starting 
2026-09-03 07:10:00     Container t-coop-backend-db-init-1 Started 
2026-09-03 07:10:00     Container t-coop-backend-db-init-1 Waiting 
2026-09-03 07:10:00     Container t-coop-backend-db-init-1 Exited 
2026-09-03 07:10:01  ngrok is already running (PID 13024).
2026-09-03 07:10:01  === keep-alive check complete ===
2026-09-03 07:14:54  === keep-alive check starting ===
2026-09-03 07:14:58  Ensuring containers are up (docker compose up -d).
2026-09-03 07:14:58     Container t-coop-backend Running 
2026-09-03 07:14:58     Container t-coop-local-db Running 
2026-09-03 07:14:58     Container t-coop-local-db Waiting 
2026-09-03 07:14:59     Container t-coop-local-db Healthy 
2026-09-03 07:14:59     Container t-coop-backend-db-init-1 Starting 
2026-09-03 07:14:59     Container t-coop-backend-db-init-1 Started 
2026-09-03 07:14:59     Container t-coop-backend-db-init-1 Waiting 
2026-09-03 07:14:59     Container t-coop-backend-db-init-1 Exited 
2026-09-03 07:15:00  ngrok is already running (PID 13024).
2026-09-03 07:15:00  === keep-alive check complete ===
2026-09-03 07:19:53  === keep-alive check starting ===
2026-09-03 07:19:57  Ensuring containers are up (docker compose up -d).
2026-09-03 07:19:57     Container t-coop-backend Running 
2026-09-03 07:19:57     Container t-coop-local-db Running 
2026-09-03 07:19:57     Container t-coop-local-db Waiting 
2026-09-03 07:19:58     Container t-coop-local-db Healthy 
2026-09-03 07:19:58     Container t-coop-backend-db-init-1 Starting 
2026-09-03 07:19:58     Container t-coop-backend-db-init-1 Started 
2026-09-03 07:19:58     Container t-coop-backend-db-init-1 Waiting 
2026-09-03 07:19:59     Container t-coop-backend-db-init-1 Exited 
2026-09-03 07:20:00  ngrok is already running (PID 13024).
2026-09-03 07:20:00  === keep-alive check complete ===
2026-09-03 07:25:00  === keep-alive check starting ===
2026-09-03 07:25:11  Ensuring containers are up (docker compose up -d).
2026-09-03 07:25:11     Container t-coop-local-db Running 
2026-09-03 07:25:11     Container t-coop-backend Running 
2026-09-03 07:25:11     Container t-coop-local-db Waiting 
2026-09-03 07:25:12     Container t-coop-local-db Healthy 
2026-09-03 07:25:12     Container t-coop-backend-db-init-1 Starting 
2026-09-03 07:25:12     Container t-coop-backend-db-init-1 Started 
2026-09-03 07:25:12     Container t-coop-backend-db-init-1 Waiting 
2026-09-03 07:25:13     Container t-coop-backend-db-init-1 Exited 
2026-09-03 07:25:14  ngrok is already running (PID 13024).
2026-09-03 07:25:14  === keep-alive check complete ===
2026-09-03 07:30:00  === keep-alive check starting ===
2026-09-03 07:30:05  Ensuring containers are up (docker compose up -d).
2026-09-03 07:30:06     Container t-coop-backend Running 
2026-09-03 07:30:06     Container t-coop-local-db Running 
2026-09-03 07:30:06     Container t-coop-local-db Waiting 
2026-09-03 07:30:06     Container t-coop-local-db Healthy 
2026-09-03 07:30:06     Container t-coop-backend-db-init-1 Starting 
2026-09-03 07:30:06     Container t-coop-backend-db-init-1 Started 
2026-09-03 07:30:06     Container t-coop-backend-db-init-1 Waiting 
2026-09-03 07:30:07     Container t-coop-backend-db-init-1 Exited 
2026-09-03 07:30:08  ngrok is already running (PID 13024).
2026-09-03 07:30:08  === keep-alive check complete ===
2026-09-03 07:34:55  === keep-alive check starting ===
2026-09-03 07:34:57  Ensuring containers are up (docker compose up -d).
2026-09-03 07:34:58     Container t-coop-backend Running 
2026-09-03 07:34:58     Container t-coop-local-db Running 
2026-09-03 07:34:58     Container t-coop-local-db Waiting 
2026-09-03 07:34:58     Container t-coop-local-db Healthy 
2026-09-03 07:34:58     Container t-coop-backend-db-init-1 Starting 
2026-09-03 07:34:58     Container t-coop-backend-db-init-1 Started 
2026-09-03 07:34:58     Container t-coop-backend-db-init-1 Waiting 
2026-09-03 07:34:59     Container t-coop-backend-db-init-1 Exited 
2026-09-03 07:35:00  ngrok is already running (PID 13024).
2026-09-03 07:35:00  === keep-alive check complete ===
2026-09-03 07:39:54  === keep-alive check starting ===
2026-09-03 07:39:56  Ensuring containers are up (docker compose up -d).
2026-09-03 07:39:57     Container t-coop-backend Running 
2026-09-03 07:39:57     Container t-coop-local-db Running 
2026-09-03 07:39:57     Container t-coop-local-db Waiting 
2026-09-03 07:39:58     Container t-coop-local-db Healthy 
2026-09-03 07:39:58     Container t-coop-backend-db-init-1 Starting 
2026-09-03 07:39:58     Container t-coop-backend-db-init-1 Started 
2026-09-03 07:39:58     Container t-coop-backend-db-init-1 Waiting 
2026-09-03 07:39:58     Container t-coop-backend-db-init-1 Exited 
2026-09-03 07:39:59  ngrok is already running (PID 13024).
2026-09-03 07:39:59  === keep-alive check complete ===
2026-09-03 07:45:00  === keep-alive check starting ===
2026-09-03 07:45:05  Ensuring containers are up (docker compose up -d).
2026-09-03 07:45:06     Container t-coop-backend Running 
2026-09-03 07:45:06     Container t-coop-local-db Running 
2026-09-03 07:45:06     Container t-coop-local-db Waiting 
2026-09-03 07:45:06     Container t-coop-local-db Healthy 
2026-09-03 07:45:06     Container t-coop-backend-db-init-1 Starting 
2026-09-03 07:45:07     Container t-coop-backend-db-init-1 Started 
2026-09-03 07:45:07     Container t-coop-backend-db-init-1 Waiting 
2026-09-03 07:45:07     Container t-coop-backend-db-init-1 Exited 
2026-09-03 07:45:08  ngrok is already running (PID 13024).
2026-09-03 07:45:08  === keep-alive check complete ===
2026-09-03 07:49:53  === keep-alive check starting ===
2026-09-03 07:49:57  Ensuring containers are up (docker compose up -d).
2026-09-03 07:49:57     Container t-coop-backend Running 
2026-09-03 07:49:58     Container t-coop-local-db Running 
2026-09-03 07:49:58     Container t-coop-local-db Waiting 
2026-09-03 07:49:58     Container t-coop-local-db Healthy 
2026-09-03 07:49:58     Container t-coop-backend-db-init-1 Starting 
2026-09-03 07:49:58     Container t-coop-backend-db-init-1 Started 
2026-09-03 07:49:58     Container t-coop-backend-db-init-1 Waiting 
2026-09-03 07:49:59     Container t-coop-backend-db-init-1 Exited 
2026-09-03 07:50:00  ngrok is already running (PID 13024).
2026-09-03 07:50:00  === keep-alive check complete ===
2026-09-03 08:00:32  === keep-alive check starting ===
2026-09-03 08:00:37  Ensuring containers are up (docker compose up -d).
2026-09-03 08:00:38     Container t-coop-backend Running 
2026-09-03 08:00:38     Container t-coop-local-db Running 
2026-09-03 08:00:38     Container t-coop-local-db Waiting 
2026-09-03 08:00:38     Container t-coop-local-db Healthy 
2026-09-03 08:00:38     Container t-coop-backend-db-init-1 Starting 
2026-09-03 08:00:39     Container t-coop-backend-db-init-1 Started 
2026-09-03 08:00:39     Container t-coop-backend-db-init-1 Waiting 
2026-09-03 08:00:39     Container t-coop-backend-db-init-1 Exited 
2026-09-03 08:00:40  ngrok is already running (PID 13024).
2026-09-03 08:00:40  === keep-alive check complete ===
2026-09-03 08:04:53  === keep-alive check starting ===
2026-09-03 08:04:58  Ensuring containers are up (docker compose up -d).
2026-09-03 08:04:58     Container t-coop-local-db Running 
2026-09-03 08:04:58     Container t-coop-backend Running 
2026-09-03 08:04:58     Container t-coop-local-db Waiting 
2026-09-03 08:04:59     Container t-coop-local-db Healthy 
2026-09-03 08:04:59     Container t-coop-backend-db-init-1 Starting 
2026-09-03 08:04:59     Container t-coop-backend-db-init-1 Started 
2026-09-03 08:04:59     Container t-coop-backend-db-init-1 Waiting 
2026-09-03 08:05:00     Container t-coop-backend-db-init-1 Exited 
2026-09-03 08:05:01  ngrok is already running (PID 13024).
2026-09-03 08:05:01  === keep-alive check complete ===
2026-09-03 08:09:53  === keep-alive check starting ===
2026-09-03 08:09:57  Ensuring containers are up (docker compose up -d).
2026-09-03 08:09:57     Container t-coop-backend Running 
2026-09-03 08:09:57     Container t-coop-local-db Running 
2026-09-03 08:09:57     Container t-coop-local-db Waiting 
2026-09-03 08:09:58     Container t-coop-local-db Healthy 
2026-09-03 08:09:58     Container t-coop-backend-db-init-1 Starting 
2026-09-03 08:09:58     Container t-coop-backend-db-init-1 Started 
2026-09-03 08:09:58     Container t-coop-backend-db-init-1 Waiting 
2026-09-03 08:09:58     Container t-coop-backend-db-init-1 Exited 
2026-09-03 08:09:59  ngrok is already running (PID 13024).
2026-09-03 08:09:59  === keep-alive check complete ===
2026-09-03 08:14:53  === keep-alive check starting ===
2026-09-03 08:14:55  Ensuring containers are up (docker compose up -d).
2026-09-03 08:14:55     Container t-coop-local-db Running 
2026-09-03 08:14:55     Container t-coop-backend Running 
2026-09-03 08:14:55     Container t-coop-local-db Waiting 
2026-09-03 08:14:56     Container t-coop-local-db Healthy 
2026-09-03 08:14:56     Container t-coop-backend-db-init-1 Starting 
2026-09-03 08:14:56     Container t-coop-backend-db-init-1 Started 
2026-09-03 08:14:56     Container t-coop-backend-db-init-1 Waiting 
2026-09-03 08:14:56     Container t-coop-backend-db-init-1 Exited 
2026-09-03 08:14:57  ngrok is already running (PID 13024).
2026-09-03 08:14:57  === keep-alive check complete ===
2026-09-03 08:19:53  === keep-alive check starting ===
2026-09-03 08:19:58  Ensuring containers are up (docker compose up -d).
2026-09-03 08:19:58     Container t-coop-backend Running 
2026-09-03 08:19:58     Container t-coop-local-db Running 
2026-09-03 08:19:58     Container t-coop-local-db Waiting 
2026-09-03 08:19:59     Container t-coop-local-db Healthy 
2026-09-03 08:19:59     Container t-coop-backend-db-init-1 Starting 
2026-09-03 08:19:59     Container t-coop-backend-db-init-1 Started 
2026-09-03 08:19:59     Container t-coop-backend-db-init-1 Waiting 
2026-09-03 08:20:00     Container t-coop-backend-db-init-1 Exited 
2026-09-03 08:20:00  ngrok is already running (PID 13024).
2026-09-03 08:20:00  === keep-alive check complete ===
2026-09-03 08:30:45  === keep-alive check starting ===
2026-09-03 08:30:49  Ensuring containers are up (docker compose up -d).
2026-09-03 08:30:50     Container t-coop-local-db Running 
2026-09-03 08:30:50     Container t-coop-backend Running 
2026-09-03 08:30:50     Container t-coop-local-db Waiting 
2026-09-03 08:30:50     Container t-coop-local-db Healthy 
2026-09-03 08:30:50     Container t-coop-backend-db-init-1 Starting 
2026-09-03 08:30:50     Container t-coop-backend-db-init-1 Started 
2026-09-03 08:30:50     Container t-coop-backend-db-init-1 Waiting 
2026-09-03 08:30:51     Container t-coop-backend-db-init-1 Exited 
2026-09-03 08:30:51  ngrok is already running (PID 13024).
2026-09-03 08:30:51  === keep-alive check complete ===
2026-09-03 08:39:32  === keep-alive check starting ===
2026-09-03 08:39:36  Ensuring containers are up (docker compose up -d).
2026-09-03 08:39:36     Container t-coop-local-db Running 
2026-09-03 08:39:36     Container t-coop-backend Running 
2026-09-03 08:39:36     Container t-coop-local-db Waiting 
2026-09-03 08:39:37     Container t-coop-local-db Healthy 
2026-09-03 08:39:37     Container t-coop-backend-db-init-1 Starting 
2026-09-03 08:39:37     Container t-coop-backend-db-init-1 Started 
2026-09-03 08:39:37     Container t-coop-backend-db-init-1 Waiting 
2026-09-03 08:39:38     Container t-coop-backend-db-init-1 Exited 
2026-09-03 08:39:38  ngrok is already running (PID 13024).
2026-09-03 08:39:38  === keep-alive check complete ===
2026-09-03 08:39:52  === keep-alive check starting ===
2026-09-03 08:39:54  Ensuring containers are up (docker compose up -d).
2026-09-03 08:39:55     Container t-coop-backend Running 
2026-09-03 08:39:55     Container t-coop-local-db Running 
2026-09-03 08:39:55     Container t-coop-local-db Waiting 
2026-09-03 08:39:55     Container t-coop-local-db Healthy 
2026-09-03 08:39:55     Container t-coop-backend-db-init-1 Starting 
2026-09-03 08:39:55     Container t-coop-backend-db-init-1 Started 
2026-09-03 08:39:55     Container t-coop-backend-db-init-1 Waiting 
2026-09-03 08:39:56     Container t-coop-backend-db-init-1 Exited 
2026-09-03 08:39:57  ngrok is already running (PID 13024).
2026-09-03 08:39:57  === keep-alive check complete ===
2026-09-03 08:44:56  === keep-alive check starting ===
2026-09-03 08:45:02  Ensuring containers are up (docker compose up -d).
2026-09-03 08:45:02     Container t-coop-local-db Running 
2026-09-03 08:45:02     Container t-coop-backend Running 
2026-09-03 08:45:02     Container t-coop-local-db Waiting 
2026-09-03 08:45:03     Container t-coop-local-db Healthy 
2026-09-03 08:45:03     Container t-coop-backend-db-init-1 Starting 
2026-09-03 08:45:03     Container t-coop-backend-db-init-1 Started 
2026-09-03 08:45:03     Container t-coop-backend-db-init-1 Waiting 
2026-09-03 08:45:03     Container t-coop-backend-db-init-1 Exited 
2026-09-03 08:45:04  ngrok is already running (PID 13024).
2026-09-03 08:45:04  === keep-alive check complete ===
2026-09-03 08:57:20  === keep-alive check starting ===
2026-09-03 08:57:28  Ensuring containers are up (docker compose up -d).
2026-09-03 08:57:28     Container t-coop-local-db Running 
2026-09-03 08:57:28     Container t-coop-backend Running 
2026-09-03 08:57:28     Container t-coop-local-db Waiting 
2026-09-03 08:57:29     Container t-coop-local-db Healthy 
2026-09-03 08:57:29     Container t-coop-backend-db-init-1 Starting 
2026-09-03 08:57:29     Container t-coop-backend-db-init-1 Started 
2026-09-03 08:57:29     Container t-coop-backend-db-init-1 Waiting 
2026-09-03 08:57:30     Container t-coop-backend-db-init-1 Exited 
2026-09-03 08:57:31  ngrok is already running (PID 13024).
2026-09-03 08:57:31  === keep-alive check complete ===
2026-09-03 09:00:02  === keep-alive check starting ===
2026-09-03 09:00:12  Ensuring containers are up (docker compose up -d).
2026-09-03 09:00:15     Container t-coop-backend Running 
2026-09-03 09:00:15     Container t-coop-local-db Running 
2026-09-03 09:00:15     Container t-coop-local-db Waiting 
2026-09-03 09:00:15     Container t-coop-local-db Healthy 
2026-09-03 09:00:15     Container t-coop-backend-db-init-1 Starting 
2026-09-03 09:00:16     Container t-coop-backend-db-init-1 Started 
2026-09-03 09:00:16     Container t-coop-backend-db-init-1 Waiting 
2026-09-03 09:00:16     Container t-coop-backend-db-init-1 Exited 
2026-09-03 09:00:17  ngrok is already running (PID 13024).
2026-09-03 09:00:17  === keep-alive check complete ===
2026-09-03 09:05:24  === keep-alive check starting ===
2026-09-03 09:05:31  Ensuring containers are up (docker compose up -d).
2026-09-03 09:05:32     Container t-coop-local-db Running 
2026-09-03 09:05:32     Container t-coop-backend Running 
2026-09-03 09:05:32     Container t-coop-local-db Waiting 
2026-09-03 09:05:32     Container t-coop-local-db Healthy 
2026-09-03 09:05:32     Container t-coop-backend-db-init-1 Starting 
2026-09-03 09:05:33     Container t-coop-backend-db-init-1 Started 
2026-09-03 09:05:33     Container t-coop-backend-db-init-1 Waiting 
2026-09-03 09:05:34     Container t-coop-backend-db-init-1 Exited 
2026-09-03 09:05:34  ngrok is already running (PID 13024).
2026-09-03 09:05:34  === keep-alive check complete ===
2026-09-03 09:09:52  === keep-alive check starting ===
2026-09-03 09:09:54  Ensuring containers are up (docker compose up -d).
2026-09-03 09:09:54     Container t-coop-local-db Running 
2026-09-03 09:09:54     Container t-coop-backend Running 
2026-09-03 09:09:54     Container t-coop-local-db Waiting 
2026-09-03 09:09:55     Container t-coop-local-db Healthy 
2026-09-03 09:09:55     Container t-coop-backend-db-init-1 Starting 
2026-09-03 09:09:55     Container t-coop-backend-db-init-1 Started 
2026-09-03 09:09:55     Container t-coop-backend-db-init-1 Waiting 
2026-09-03 09:09:56     Container t-coop-backend-db-init-1 Exited 
2026-09-03 09:09:56  ngrok is already running (PID 13024).
2026-09-03 09:09:56  === keep-alive check complete ===
2026-09-03 09:14:53  === keep-alive check starting ===
2026-09-03 09:14:55  Ensuring containers are up (docker compose up -d).
2026-09-03 09:14:55     Container t-coop-backend Running 
2026-09-03 09:14:55     Container t-coop-local-db Running 
2026-09-03 09:14:55     Container t-coop-local-db Waiting 
2026-09-03 09:14:56     Container t-coop-local-db Healthy 
2026-09-03 09:14:56     Container t-coop-backend-db-init-1 Starting 
2026-09-03 09:14:56     Container t-coop-backend-db-init-1 Started 
2026-09-03 09:14:56     Container t-coop-backend-db-init-1 Waiting 
2026-09-03 09:14:57     Container t-coop-backend-db-init-1 Exited 
2026-09-03 09:14:57  ngrok is already running (PID 13024).
2026-09-03 09:14:57  === keep-alive check complete ===
2026-09-03 09:20:00  === keep-alive check starting ===
2026-09-03 09:20:02  Ensuring containers are up (docker compose up -d).
2026-09-03 09:20:03     Container t-coop-backend Running 
2026-09-03 09:20:03     Container t-coop-local-db Running 
2026-09-03 09:20:03     Container t-coop-local-db Waiting 
2026-09-03 09:20:04     Container t-coop-local-db Healthy 
2026-09-03 09:20:04     Container t-coop-backend-db-init-1 Starting 
2026-09-03 09:20:04     Container t-coop-backend-db-init-1 Started 
2026-09-03 09:20:04     Container t-coop-backend-db-init-1 Waiting 
2026-09-03 09:20:05     Container t-coop-backend-db-init-1 Exited 
2026-09-03 09:20:05  ngrok is already running (PID 13024).
2026-09-03 09:20:05  === keep-alive check complete ===
2026-09-03 09:34:58  === keep-alive check starting ===
2026-09-03 09:35:06  Ensuring containers are up (docker compose up -d).
2026-09-03 09:35:06     Container t-coop-backend Running 
2026-09-03 09:35:06     Container t-coop-local-db Running 
2026-09-03 09:35:06     Container t-coop-local-db Waiting 
2026-09-03 09:35:07     Container t-coop-local-db Healthy 
2026-09-03 09:35:07     Container t-coop-backend-db-init-1 Starting 
2026-09-03 09:35:07     Container t-coop-backend-db-init-1 Started 
2026-09-03 09:35:07     Container t-coop-backend-db-init-1 Waiting 
2026-09-03 09:35:08     Container t-coop-backend-db-init-1 Exited 
2026-09-03 09:35:09  ngrok is already running (PID 13024).
2026-09-03 09:35:09  === keep-alive check complete ===
2026-09-03 09:40:03  === keep-alive check starting ===
2026-09-03 09:40:10  Ensuring containers are up (docker compose up -d).
2026-09-03 09:40:11     Container t-coop-backend Running 
2026-09-03 09:40:11     Container t-coop-local-db Running 
2026-09-03 09:40:11     Container t-coop-local-db Waiting 
2026-09-03 09:40:12     Container t-coop-local-db Healthy 
2026-09-03 09:40:12     Container t-coop-backend-db-init-1 Starting 
2026-09-03 09:40:12     Container t-coop-backend-db-init-1 Started 
2026-09-03 09:40:12     Container t-coop-backend-db-init-1 Waiting 
2026-09-03 09:40:13     Container t-coop-backend-db-init-1 Exited 
2026-09-03 09:40:14  ngrok is already running (PID 13024).
2026-09-03 09:40:14  === keep-alive check complete ===
2026-09-03 09:45:04  === keep-alive check starting ===
2026-09-03 09:45:09  Ensuring containers are up (docker compose up -d).
2026-09-03 09:45:10     Container t-coop-backend Running 
2026-09-03 09:45:10     Container t-coop-local-db Running 
2026-09-03 09:45:10     Container t-coop-local-db Waiting 
2026-09-03 09:45:10     Container t-coop-local-db Healthy 
2026-09-03 09:45:10     Container t-coop-backend-db-init-1 Starting 
2026-09-03 09:45:11     Container t-coop-backend-db-init-1 Started 
2026-09-03 09:45:11     Container t-coop-backend-db-init-1 Waiting 
2026-09-03 09:45:11     Container t-coop-backend-db-init-1 Exited 
2026-09-03 09:45:12  ngrok is already running (PID 13024).
2026-09-03 09:45:12  === keep-alive check complete ===
2026-09-03 09:50:02  === keep-alive check starting ===
2026-09-03 09:50:07  Ensuring containers are up (docker compose up -d).
2026-09-03 09:50:08     Container t-coop-backend Running 
2026-09-03 09:50:08     Container t-coop-local-db Running 
2026-09-03 09:50:08     Container t-coop-local-db Waiting 
2026-09-03 09:50:08     Container t-coop-local-db Healthy 
2026-09-03 09:50:08     Container t-coop-backend-db-init-1 Starting 
2026-09-03 09:50:09     Container t-coop-backend-db-init-1 Started 
2026-09-03 09:50:09     Container t-coop-backend-db-init-1 Waiting 
2026-09-03 09:50:09     Container t-coop-backend-db-init-1 Exited 
2026-09-03 09:50:10  ngrok is already running (PID 13024).
2026-09-03 09:50:10  === keep-alive check complete ===
2026-09-03 09:55:02  === keep-alive check starting ===
2026-09-03 09:55:06  Ensuring containers are up (docker compose up -d).
2026-09-03 09:55:07     Container t-coop-backend Running 
2026-09-03 09:55:07     Container t-coop-local-db Running 
2026-09-03 09:55:07     Container t-coop-local-db Waiting 
2026-09-03 09:55:08     Container t-coop-local-db Healthy 
2026-09-03 09:55:08     Container t-coop-backend-db-init-1 Starting 
2026-09-03 09:55:08     Container t-coop-backend-db-init-1 Started 
2026-09-03 09:55:08     Container t-coop-backend-db-init-1 Waiting 
2026-09-03 09:55:09     Container t-coop-backend-db-init-1 Exited 
2026-09-03 09:55:10  ngrok is already running (PID 13024).
2026-09-03 09:55:10  === keep-alive check complete ===
2026-09-03 10:00:03  === keep-alive check starting ===
2026-09-03 10:00:13  Ensuring containers are up (docker compose up -d).
2026-09-03 10:00:15     Container t-coop-backend Running 
2026-09-03 10:00:15     Container t-coop-local-db Running 
2026-09-03 10:00:15     Container t-coop-local-db Waiting 
2026-09-03 10:00:16     Container t-coop-local-db Healthy 
2026-09-03 10:00:16     Container t-coop-backend-db-init-1 Starting 
2026-09-03 10:00:17     Container t-coop-backend-db-init-1 Started 
2026-09-03 10:00:17     Container t-coop-backend-db-init-1 Waiting 
2026-09-03 10:00:17     Container t-coop-backend-db-init-1 Exited 
2026-09-03 10:00:20  ngrok is already running (PID 13024).
2026-09-03 10:00:20  === keep-alive check complete ===
2026-09-03 10:05:02  === keep-alive check starting ===
2026-09-03 10:05:08  Ensuring containers are up (docker compose up -d).
2026-09-03 10:05:09     Container t-coop-backend Running 
2026-09-03 10:05:09     Container t-coop-local-db Running 
2026-09-03 10:05:09     Container t-coop-local-db Waiting 
2026-09-03 10:05:09     Container t-coop-local-db Healthy 
2026-09-03 10:05:09     Container t-coop-backend-db-init-1 Starting 
2026-09-03 10:05:10     Container t-coop-backend-db-init-1 Started 
2026-09-03 10:05:10     Container t-coop-backend-db-init-1 Waiting 
2026-09-03 10:05:10     Container t-coop-backend-db-init-1 Exited 
2026-09-03 10:05:11  ngrok is already running (PID 13024).
2026-09-03 10:05:11  === keep-alive check complete ===
2026-09-03 10:10:01  === keep-alive check starting ===
2026-09-03 10:10:04  Ensuring containers are up (docker compose up -d).
2026-09-03 10:10:05     Container t-coop-backend Running 
2026-09-03 10:10:05     Container t-coop-local-db Running 
2026-09-03 10:10:05     Container t-coop-local-db Waiting 
2026-09-03 10:10:05     Container t-coop-local-db Healthy 
2026-09-03 10:10:05     Container t-coop-backend-db-init-1 Starting 
2026-09-03 10:10:06     Container t-coop-backend-db-init-1 Started 
2026-09-03 10:10:06     Container t-coop-backend-db-init-1 Waiting 
2026-09-03 10:10:06     Container t-coop-backend-db-init-1 Exited 
2026-09-03 10:10:07  ngrok is already running (PID 13024).
2026-09-03 10:10:07  === keep-alive check complete ===
2026-09-03 10:15:07  === keep-alive check starting ===
2026-09-03 10:15:14  Ensuring containers are up (docker compose up -d).
2026-09-03 10:15:15     Container t-coop-backend Running 
2026-09-03 10:15:15     Container t-coop-local-db Running 
2026-09-03 10:15:15     Container t-coop-local-db Waiting 
2026-09-03 10:15:15     Container t-coop-local-db Healthy 
2026-09-03 10:15:15     Container t-coop-backend-db-init-1 Starting 
2026-09-03 10:15:16     Container t-coop-backend-db-init-1 Started 
2026-09-03 10:15:16     Container t-coop-backend-db-init-1 Waiting 
2026-09-03 10:15:16     Container t-coop-backend-db-init-1 Exited 
2026-09-03 10:15:17  ngrok is already running (PID 13024).
2026-09-03 10:15:17  === keep-alive check complete ===
2026-09-03 10:20:16  === keep-alive check starting ===
2026-09-03 10:20:28  Ensuring containers are up (docker compose up -d).
2026-09-03 10:20:29     Container t-coop-backend Running 
2026-09-03 10:20:29     Container t-coop-local-db Running 
2026-09-03 10:20:29     Container t-coop-local-db Waiting 
2026-09-03 10:20:30     Container t-coop-local-db Healthy 
2026-09-03 10:20:30     Container t-coop-backend-db-init-1 Starting 
2026-09-03 10:20:31     Container t-coop-backend-db-init-1 Started 
2026-09-03 10:20:31     Container t-coop-backend-db-init-1 Waiting 
2026-09-03 10:20:31     Container t-coop-backend-db-init-1 Exited 
2026-09-03 10:20:33  ngrok is already running (PID 13024).
2026-09-03 10:20:33  === keep-alive check complete ===
2026-09-03 10:25:03  === keep-alive check starting ===
2026-09-03 10:25:09  Ensuring containers are up (docker compose up -d).
2026-09-03 10:25:10     Container t-coop-backend Running 
2026-09-03 10:25:10     Container t-coop-local-db Running 
2026-09-03 10:25:10     Container t-coop-local-db Waiting 
2026-09-03 10:25:10     Container t-coop-local-db Healthy 
2026-09-03 10:25:10     Container t-coop-backend-db-init-1 Starting 
2026-09-03 10:25:11     Container t-coop-backend-db-init-1 Started 
2026-09-03 10:25:11     Container t-coop-backend-db-init-1 Waiting 
2026-09-03 10:25:11     Container t-coop-backend-db-init-1 Exited 
2026-09-03 10:25:12  ngrok is already running (PID 13024).
2026-09-03 10:25:12  === keep-alive check complete ===
2026-09-03 10:30:04  === keep-alive check starting ===
2026-09-03 10:30:06  Ensuring containers are up (docker compose up -d).
2026-09-03 10:30:06     Container t-coop-backend Running 
2026-09-03 10:30:06     Container t-coop-local-db Running 
2026-09-03 10:30:06     Container t-coop-local-db Waiting 
2026-09-03 10:30:07     Container t-coop-local-db Healthy 
2026-09-03 10:30:07     Container t-coop-backend-db-init-1 Starting 
2026-09-03 10:30:07     Container t-coop-backend-db-init-1 Started 
2026-09-03 10:30:07     Container t-coop-backend-db-init-1 Waiting 
2026-09-03 10:30:08     Container t-coop-backend-db-init-1 Exited 
2026-09-03 10:30:09  ngrok is already running (PID 13024).
2026-09-03 10:30:09  === keep-alive check complete ===
2026-09-03 10:35:07  === keep-alive check starting ===
2026-09-03 10:35:16  Ensuring containers are up (docker compose up -d).
2026-09-03 10:35:16     Container t-coop-local-db Running 
2026-09-03 10:35:16     Container t-coop-backend Running 
2026-09-03 10:35:16     Container t-coop-local-db Waiting 
2026-09-03 10:35:17     Container t-coop-local-db Healthy 
2026-09-03 10:35:17     Container t-coop-backend-db-init-1 Starting 
2026-09-03 10:35:17     Container t-coop-backend-db-init-1 Started 
2026-09-03 10:35:17     Container t-coop-backend-db-init-1 Waiting 
2026-09-03 10:35:18     Container t-coop-backend-db-init-1 Exited 
2026-09-03 10:35:19  ngrok is already running (PID 13024).
2026-09-03 10:35:19  === keep-alive check complete ===
2026-09-03 19:09:41  === keep-alive check starting ===
2026-09-03 19:09:46  Ensuring containers are up (docker compose up -d).
2026-09-03 19:09:47     Container t-coop-local-db Running 
2026-09-03 19:09:47     Container t-coop-backend Running 
2026-09-03 19:09:47     Container t-coop-local-db Waiting 
2026-09-03 19:09:47     Container t-coop-local-db Healthy 
2026-09-03 19:09:47     Container t-coop-backend-db-init-1 Starting 
2026-09-03 19:09:48     Container t-coop-backend-db-init-1 Started 
2026-09-03 19:09:48     Container t-coop-backend-db-init-1 Waiting 
2026-09-03 19:09:49     Container t-coop-backend-db-init-1 Exited 
2026-09-03 19:09:50  ngrok is already running (PID 13024).
2026-09-03 19:09:50  === keep-alive check complete ===
2026-09-03 19:55:39  === keep-alive check starting ===
2026-09-03 19:55:48  Ensuring containers are up (docker compose up -d).
2026-09-03 19:55:49     Container t-coop-backend Running 
2026-09-03 19:55:49     Container t-coop-local-db Running 
2026-09-03 19:55:49     Container t-coop-local-db Waiting 
2026-09-03 19:55:49     Container t-coop-local-db Healthy 
2026-09-03 19:55:49     Container t-coop-backend-db-init-1 Starting 
2026-09-03 19:55:50     Container t-coop-backend-db-init-1 Started 
2026-09-03 19:55:50     Container t-coop-backend-db-init-1 Waiting 
2026-09-03 19:55:50     Container t-coop-backend-db-init-1 Exited 
2026-09-03 19:55:51  ngrok is already running (PID 13024).
2026-09-03 19:55:51  === keep-alive check complete ===
2026-09-03 19:59:55  === keep-alive check starting ===
2026-09-03 19:59:57  Ensuring containers are up (docker compose up -d).
2026-09-03 19:59:57     Container t-coop-local-db Running 
2026-09-03 19:59:57     Container t-coop-backend Running 
2026-09-03 19:59:57     Container t-coop-local-db Waiting 
2026-09-03 19:59:58     Container t-coop-local-db Healthy 
2026-09-03 19:59:58     Container t-coop-backend-db-init-1 Starting 
2026-09-03 19:59:58     Container t-coop-backend-db-init-1 Started 
2026-09-03 19:59:58     Container t-coop-backend-db-init-1 Waiting 
2026-09-03 19:59:59     Container t-coop-backend-db-init-1 Exited 
2026-09-03 20:00:00  ngrok is already running (PID 13024).
2026-09-03 20:00:00  === keep-alive check complete ===
2026-09-03 20:04:58  === keep-alive check starting ===
2026-09-03 20:05:03  Ensuring containers are up (docker compose up -d).
2026-09-03 20:05:04     Container t-coop-backend Running 
2026-09-03 20:05:04     Container t-coop-local-db Running 
2026-09-03 20:05:04     Container t-coop-local-db Waiting 
2026-09-03 20:05:04     Container t-coop-local-db Healthy 
2026-09-03 20:05:04     Container t-coop-backend-db-init-1 Starting 
2026-09-03 20:05:05     Container t-coop-backend-db-init-1 Started 
2026-09-03 20:05:05     Container t-coop-backend-db-init-1 Waiting 
2026-09-03 20:05:05     Container t-coop-backend-db-init-1 Exited 
2026-09-03 20:05:06  ngrok is already running (PID 13024).
2026-09-03 20:05:06  === keep-alive check complete ===
2026-09-03 20:09:53  === keep-alive check starting ===
2026-09-03 20:09:56  Ensuring containers are up (docker compose up -d).
2026-09-03 20:09:56     Container t-coop-local-db Running 
2026-09-03 20:09:56     Container t-coop-backend Running 
2026-09-03 20:09:56     Container t-coop-local-db Waiting 
2026-09-03 20:09:57     Container t-coop-local-db Healthy 
2026-09-03 20:09:57     Container t-coop-backend-db-init-1 Starting 
2026-09-03 20:09:57     Container t-coop-backend-db-init-1 Started 
2026-09-03 20:09:57     Container t-coop-backend-db-init-1 Waiting 
2026-09-03 20:09:58     Container t-coop-backend-db-init-1 Exited 
2026-09-03 20:09:58  ngrok is already running (PID 13024).
2026-09-03 20:09:58  === keep-alive check complete ===
2026-09-03 20:15:01  === keep-alive check starting ===
2026-09-03 20:15:04  Ensuring containers are up (docker compose up -d).
2026-09-03 20:15:04     Container t-coop-backend Running 
2026-09-03 20:15:04     Container t-coop-local-db Running 
2026-09-03 20:15:04     Container t-coop-local-db Waiting 
2026-09-03 20:15:05     Container t-coop-local-db Healthy 
2026-09-03 20:15:05     Container t-coop-backend-db-init-1 Starting 
2026-09-03 20:15:05     Container t-coop-backend-db-init-1 Started 
2026-09-03 20:15:05     Container t-coop-backend-db-init-1 Waiting 
2026-09-03 20:15:06     Container t-coop-backend-db-init-1 Exited 
2026-09-03 20:15:06  ngrok is already running (PID 13024).
2026-09-03 20:15:06  === keep-alive check complete ===
2026-09-03 20:19:54  === keep-alive check starting ===
2026-09-03 20:19:57  Ensuring containers are up (docker compose up -d).
2026-09-03 20:19:57     Container t-coop-backend Running 
2026-09-03 20:19:57     Container t-coop-local-db Running 
2026-09-03 20:19:57     Container t-coop-local-db Waiting 
2026-09-03 20:19:58     Container t-coop-local-db Healthy 
2026-09-03 20:19:58     Container t-coop-backend-db-init-1 Starting 
2026-09-03 20:19:58     Container t-coop-backend-db-init-1 Started 
2026-09-03 20:19:58     Container t-coop-backend-db-init-1 Waiting 
2026-09-03 20:19:58     Container t-coop-backend-db-init-1 Exited 
2026-09-03 20:19:59  ngrok is already running (PID 13024).
2026-09-03 20:19:59  === keep-alive check complete ===
2026-09-03 20:25:07  === keep-alive check starting ===
2026-09-03 20:25:22  Ensuring containers are up (docker compose up -d).
2026-09-03 20:25:22     Container t-coop-local-db Running 
2026-09-03 20:25:22     Container t-coop-backend Running 
2026-09-03 20:25:22     Container t-coop-local-db Waiting 
2026-09-03 20:25:23     Container t-coop-local-db Healthy 
2026-09-03 20:25:23     Container t-coop-backend-db-init-1 Starting 
2026-09-03 20:25:23     Container t-coop-backend-db-init-1 Started 
2026-09-03 20:25:23     Container t-coop-backend-db-init-1 Waiting 
2026-09-03 20:25:24     Container t-coop-backend-db-init-1 Exited 
2026-09-03 20:25:24  ngrok is already running (PID 13024).
2026-09-03 20:25:24  === keep-alive check complete ===
2026-09-03 20:30:04  === keep-alive check starting ===
2026-09-03 20:30:05  Ensuring containers are up (docker compose up -d).
2026-09-03 20:30:05     Container t-coop-backend Running 
2026-09-03 20:30:05     Container t-coop-local-db Running 
2026-09-03 20:30:05     Container t-coop-local-db Waiting 
2026-09-03 20:30:06     Container t-coop-local-db Healthy 
2026-09-03 20:30:06     Container t-coop-backend-db-init-1 Starting 
2026-09-03 20:30:06     Container t-coop-backend-db-init-1 Started 
2026-09-03 20:30:06     Container t-coop-backend-db-init-1 Waiting 
2026-09-03 20:30:07     Container t-coop-backend-db-init-1 Exited 
2026-09-03 20:30:07  ngrok is already running (PID 13024).
2026-09-03 20:30:07  === keep-alive check complete ===
2026-09-03 20:39:57  === keep-alive check starting ===
2026-09-03 20:40:02  Ensuring containers are up (docker compose up -d).
2026-09-03 20:40:03     Container t-coop-backend Running 
2026-09-03 20:40:03     Container t-coop-local-db Running 
2026-09-03 20:40:03     Container t-coop-local-db Waiting 
2026-09-03 20:40:04     Container t-coop-local-db Healthy 
2026-09-03 20:40:04     Container t-coop-backend-db-init-1 Starting 
2026-09-03 20:40:04     Container t-coop-backend-db-init-1 Started 
2026-09-03 20:40:04     Container t-coop-backend-db-init-1 Waiting 
2026-09-03 20:40:04     Container t-coop-backend-db-init-1 Exited 
2026-09-03 20:40:05  ngrok is already running (PID 13024).
2026-09-03 20:40:05  === keep-alive check complete ===
2026-09-03 20:45:03  === keep-alive check starting ===
2026-09-03 20:45:10  Ensuring containers are up (docker compose up -d).
2026-09-03 20:45:10     Container t-coop-backend Running 
2026-09-03 20:45:10     Container t-coop-local-db Running 
2026-09-03 20:45:10     Container t-coop-local-db Waiting 
2026-09-03 20:45:11     Container t-coop-local-db Healthy 
2026-09-03 20:45:11     Container t-coop-backend-db-init-1 Starting 
2026-09-03 20:45:11     Container t-coop-backend-db-init-1 Started 
2026-09-03 20:45:11     Container t-coop-backend-db-init-1 Waiting 
2026-09-03 20:45:12     Container t-coop-backend-db-init-1 Exited 
2026-09-03 20:45:13  ngrok is already running (PID 13024).
2026-09-03 20:45:13  === keep-alive check complete ===
2026-09-03 20:49:53  === keep-alive check starting ===
2026-09-03 20:49:58  Ensuring containers are up (docker compose up -d).
2026-09-03 20:49:59     Container t-coop-backend Running 
2026-09-03 20:49:59     Container t-coop-local-db Running 
2026-09-03 20:49:59     Container t-coop-local-db Waiting 
2026-09-03 20:50:00     Container t-coop-local-db Healthy 
2026-09-03 20:50:00     Container t-coop-backend-db-init-1 Starting 
2026-09-03 20:50:00     Container t-coop-backend-db-init-1 Started 
2026-09-03 20:50:00     Container t-coop-backend-db-init-1 Waiting 
2026-09-03 20:50:00     Container t-coop-backend-db-init-1 Exited 
2026-09-03 20:50:01  ngrok is already running (PID 13024).
2026-09-03 20:50:01  === keep-alive check complete ===
2026-09-03 20:54:55  === keep-alive check starting ===
2026-09-03 20:55:00  Ensuring containers are up (docker compose up -d).
2026-09-03 20:55:00     Container t-coop-backend Running 
2026-09-03 20:55:00     Container t-coop-local-db Running 
2026-09-03 20:55:00     Container t-coop-local-db Waiting 
2026-09-03 20:55:01     Container t-coop-local-db Healthy 
2026-09-03 20:55:01     Container t-coop-backend-db-init-1 Starting 
2026-09-03 20:55:01     Container t-coop-backend-db-init-1 Started 
2026-09-03 20:55:01     Container t-coop-backend-db-init-1 Waiting 
2026-09-03 20:55:02     Container t-coop-backend-db-init-1 Exited 
2026-09-03 20:55:03  ngrok is already running (PID 13024).
2026-09-03 20:55:03  === keep-alive check complete ===
2026-09-03 20:59:55  === keep-alive check starting ===
2026-09-03 21:00:03  Ensuring containers are up (docker compose up -d).
2026-09-03 21:00:03     Container t-coop-backend Running 
2026-09-03 21:00:03     Container t-coop-local-db Running 
2026-09-03 21:00:03     Container t-coop-local-db Waiting 
2026-09-03 21:00:04     Container t-coop-local-db Healthy 
2026-09-03 21:00:04     Container t-coop-backend-db-init-1 Starting 
2026-09-03 21:00:04     Container t-coop-backend-db-init-1 Started 
2026-09-03 21:00:04     Container t-coop-backend-db-init-1 Waiting 
2026-09-03 21:00:05     Container t-coop-backend-db-init-1 Exited 
2026-09-03 21:00:06  ngrok is already running (PID 13024).
2026-09-03 21:00:06  === keep-alive check complete ===
2026-09-03 21:04:56  === keep-alive check starting ===
2026-09-03 21:05:00  Ensuring containers are up (docker compose up -d).
2026-09-03 21:05:00     Container t-coop-local-db Running 
2026-09-03 21:05:00     Container t-coop-backend Running 
2026-09-03 21:05:00     Container t-coop-local-db Waiting 
2026-09-03 21:05:01     Container t-coop-local-db Healthy 
2026-09-03 21:05:01     Container t-coop-backend-db-init-1 Starting 
2026-09-03 21:05:01     Container t-coop-backend-db-init-1 Started 
2026-09-03 21:05:01     Container t-coop-backend-db-init-1 Waiting 
2026-09-03 21:05:02     Container t-coop-backend-db-init-1 Exited 
2026-09-03 21:05:03  ngrok is already running (PID 13024).
2026-09-03 21:05:03  === keep-alive check complete ===
2026-09-03 21:09:56  === keep-alive check starting ===
2026-09-03 21:09:59  Ensuring containers are up (docker compose up -d).
2026-09-03 21:10:00     Container t-coop-local-db Running 
2026-09-03 21:10:00     Container t-coop-backend Running 
2026-09-03 21:10:00     Container t-coop-local-db Waiting 
2026-09-03 21:10:00     Container t-coop-local-db Healthy 
2026-09-03 21:10:00     Container t-coop-backend-db-init-1 Starting 
2026-09-03 21:10:01     Container t-coop-backend-db-init-1 Started 
2026-09-03 21:10:01     Container t-coop-backend-db-init-1 Waiting 
2026-09-03 21:10:01     Container t-coop-backend-db-init-1 Exited 
2026-09-03 21:10:02  ngrok is already running (PID 13024).
2026-09-03 21:10:02  === keep-alive check complete ===
2026-09-03 21:14:55  === keep-alive check starting ===
2026-09-03 21:14:57  Ensuring containers are up (docker compose up -d).
2026-09-03 21:14:58     Container t-coop-backend Running 
2026-09-03 21:14:58     Container t-coop-local-db Running 
2026-09-03 21:14:58     Container t-coop-local-db Waiting 
2026-09-03 21:14:58     Container t-coop-local-db Healthy 
2026-09-03 21:14:58     Container t-coop-backend-db-init-1 Starting 
2026-09-03 21:14:59     Container t-coop-backend-db-init-1 Started 
2026-09-03 21:14:59     Container t-coop-backend-db-init-1 Waiting 
2026-09-03 21:14:59     Container t-coop-backend-db-init-1 Exited 
2026-09-03 21:15:00  ngrok is already running (PID 13024).
2026-09-03 21:15:00  === keep-alive check complete ===
2026-09-03 21:19:59  === keep-alive check starting ===
2026-09-03 21:20:03  Ensuring containers are up (docker compose up -d).
2026-09-03 21:20:03     Container t-coop-local-db Running 
2026-09-03 21:20:03     Container t-coop-backend Running 
2026-09-03 21:20:04     Container t-coop-local-db Waiting 
2026-09-03 21:20:04     Container t-coop-local-db Healthy 
2026-09-03 21:20:04     Container t-coop-backend-db-init-1 Starting 
2026-09-03 21:20:04     Container t-coop-backend-db-init-1 Started 
2026-09-03 21:20:04     Container t-coop-backend-db-init-1 Waiting 
2026-09-03 21:20:05     Container t-coop-backend-db-init-1 Exited 
2026-09-03 21:20:05  ngrok is already running (PID 13024).
2026-09-03 21:20:05  === keep-alive check complete ===
2026-09-03 21:25:03  === keep-alive check starting ===
2026-09-03 21:25:08  Ensuring containers are up (docker compose up -d).
2026-09-03 21:25:09     Container t-coop-backend Running 
2026-09-03 21:25:09     Container t-coop-local-db Running 
2026-09-03 21:25:09     Container t-coop-local-db Waiting 
2026-09-03 21:25:10     Container t-coop-local-db Healthy 
2026-09-03 21:25:10     Container t-coop-backend-db-init-1 Starting 
2026-09-03 21:25:10     Container t-coop-backend-db-init-1 Started 
2026-09-03 21:25:10     Container t-coop-backend-db-init-1 Waiting 
2026-09-03 21:25:10     Container t-coop-backend-db-init-1 Exited 
2026-09-03 21:25:11  ngrok is already running (PID 13024).
2026-09-03 21:25:11  === keep-alive check complete ===
2026-09-03 21:29:55  === keep-alive check starting ===
2026-09-03 21:30:00  Ensuring containers are up (docker compose up -d).
2026-09-03 21:30:00     Container t-coop-local-db Running 
2026-09-03 21:30:00     Container t-coop-backend Running 
2026-09-03 21:30:00     Container t-coop-local-db Waiting 
2026-09-03 21:30:01     Container t-coop-local-db Healthy 
2026-09-03 21:30:01     Container t-coop-backend-db-init-1 Starting 
2026-09-03 21:30:01     Container t-coop-backend-db-init-1 Started 
2026-09-03 21:30:01     Container t-coop-backend-db-init-1 Waiting 
2026-09-03 21:30:01     Container t-coop-backend-db-init-1 Exited 
2026-09-03 21:30:02  ngrok is already running (PID 13024).
2026-09-03 21:30:02  === keep-alive check complete ===
2026-09-03 21:40:17  === keep-alive check starting ===
2026-09-03 21:40:33  Ensuring containers are up (docker compose up -d).
2026-09-03 21:40:34     Container t-coop-local-db Running 
2026-09-03 21:40:34     Container t-coop-backend Running 
2026-09-03 21:40:34     Container t-coop-local-db Waiting 
2026-09-03 21:40:34     Container t-coop-local-db Healthy 
2026-09-03 21:40:34     Container t-coop-backend-db-init-1 Starting 
2026-09-03 21:40:35     Container t-coop-backend-db-init-1 Started 
2026-09-03 21:40:35     Container t-coop-backend-db-init-1 Waiting 
2026-09-03 21:40:36     Container t-coop-backend-db-init-1 Exited 
2026-09-03 21:40:37  ngrok is already running (PID 13024).
2026-09-03 21:40:37  === keep-alive check complete ===
2026-09-03 21:45:06  === keep-alive check starting ===
2026-09-03 21:45:15  Ensuring containers are up (docker compose up -d).
2026-09-03 21:45:16     Container t-coop-local-db Running 
2026-09-03 21:45:16     Container t-coop-backend Running 
2026-09-03 21:45:16     Container t-coop-local-db Waiting 
2026-09-03 21:45:16     Container t-coop-local-db Healthy 
2026-09-03 21:45:16     Container t-coop-backend-db-init-1 Starting 
2026-09-03 21:45:17     Container t-coop-backend-db-init-1 Started 
2026-09-03 21:45:17     Container t-coop-backend-db-init-1 Waiting 
2026-09-03 21:45:17     Container t-coop-backend-db-init-1 Exited 
2026-09-03 21:45:18  ngrok is already running (PID 13024).
2026-09-03 21:45:18  === keep-alive check complete ===
2026-09-03 21:50:07  === keep-alive check starting ===
2026-09-03 21:50:10  Ensuring containers are up (docker compose up -d).
2026-09-03 21:50:11     Container t-coop-local-db Running 
2026-09-03 21:50:11     Container t-coop-backend Running 
2026-09-03 21:50:11     Container t-coop-local-db Waiting 
2026-09-03 21:50:11     Container t-coop-local-db Healthy 
2026-09-03 21:50:11     Container t-coop-backend-db-init-1 Starting 
2026-09-03 21:50:12     Container t-coop-backend-db-init-1 Started 
2026-09-03 21:50:12     Container t-coop-backend-db-init-1 Waiting 
2026-09-03 21:50:12     Container t-coop-backend-db-init-1 Exited 
2026-09-03 21:50:13  ngrok is already running (PID 13024).
2026-09-03 21:50:13  === keep-alive check complete ===
2026-09-03 21:55:07  === keep-alive check starting ===
2026-09-03 21:55:10  Ensuring containers are up (docker compose up -d).
2026-09-03 21:55:10     Container t-coop-backend Running 
2026-09-03 21:55:10     Container t-coop-local-db Running 
2026-09-03 21:55:10     Container t-coop-local-db Waiting 
2026-09-03 21:55:11     Container t-coop-local-db Healthy 
2026-09-03 21:55:11     Container t-coop-backend-db-init-1 Starting 
2026-09-03 21:55:11     Container t-coop-backend-db-init-1 Started 
2026-09-03 21:55:11     Container t-coop-backend-db-init-1 Waiting 
2026-09-03 21:55:12     Container t-coop-backend-db-init-1 Exited 
2026-09-03 21:55:13  ngrok is already running (PID 13024).
2026-09-03 21:55:13  === keep-alive check complete ===
2026-09-03 22:00:10  === keep-alive check starting ===
2026-09-03 22:00:19  Ensuring containers are up (docker compose up -d).
2026-09-03 22:00:20     Container t-coop-backend Running 
2026-09-03 22:00:20     Container t-coop-local-db Running 
2026-09-03 22:00:20     Container t-coop-local-db Waiting 
2026-09-03 22:00:21     Container t-coop-local-db Healthy 
2026-09-03 22:00:21     Container t-coop-backend-db-init-1 Starting 
2026-09-03 22:00:22     Container t-coop-backend-db-init-1 Started 
2026-09-03 22:00:22     Container t-coop-backend-db-init-1 Waiting 
2026-09-03 22:00:22     Container t-coop-backend-db-init-1 Exited 
2026-09-03 22:00:23  ngrok is already running (PID 13024).
2026-09-03 22:00:23  === keep-alive check complete ===
2026-09-03 22:05:09  === keep-alive check starting ===
2026-09-03 22:05:17  Ensuring containers are up (docker compose up -d).
2026-09-03 22:05:18     Container t-coop-backend Running 
2026-09-03 22:05:18     Container t-coop-local-db Running 
2026-09-03 22:05:18     Container t-coop-local-db Waiting 
2026-09-03 22:05:18     Container t-coop-local-db Healthy 
2026-09-03 22:05:18     Container t-coop-backend-db-init-1 Starting 
2026-09-03 22:05:19     Container t-coop-backend-db-init-1 Started 
2026-09-03 22:05:19     Container t-coop-backend-db-init-1 Waiting 
2026-09-03 22:05:19     Container t-coop-backend-db-init-1 Exited 
2026-09-03 22:05:20  ngrok is already running (PID 13024).
2026-09-03 22:05:20  === keep-alive check complete ===
2026-09-03 22:10:09  === keep-alive check starting ===
2026-09-03 22:10:16  Ensuring containers are up (docker compose up -d).
2026-09-03 22:10:17     Container t-coop-backend Running 
2026-09-03 22:10:17     Container t-coop-local-db Running 
2026-09-03 22:10:17     Container t-coop-local-db Waiting 
2026-09-03 22:10:17     Container t-coop-local-db Healthy 
2026-09-03 22:10:17     Container t-coop-backend-db-init-1 Starting 
2026-09-03 22:10:18     Container t-coop-backend-db-init-1 Started 
2026-09-03 22:10:18     Container t-coop-backend-db-init-1 Waiting 
2026-09-03 22:10:18     Container t-coop-backend-db-init-1 Exited 
2026-09-03 22:10:19  ngrok is already running (PID 13024).
2026-09-03 22:10:19  === keep-alive check complete ===
2026-09-03 22:20:09  === keep-alive check starting ===
2026-09-03 22:20:16  Ensuring containers are up (docker compose up -d).
2026-09-03 22:20:17     Container t-coop-local-db Running 
2026-09-03 22:20:17     Container t-coop-backend Running 
2026-09-03 22:20:17     Container t-coop-local-db Waiting 
2026-09-03 22:20:17     Container t-coop-local-db Healthy 
2026-09-03 22:20:17     Container t-coop-backend-db-init-1 Starting 
2026-09-03 22:20:18     Container t-coop-backend-db-init-1 Started 
2026-09-03 22:20:18     Container t-coop-backend-db-init-1 Waiting 
2026-09-03 22:20:18     Container t-coop-backend-db-init-1 Exited 
2026-09-03 22:20:19  ngrok is already running (PID 13024).
2026-09-03 22:20:19  === keep-alive check complete ===
2026-09-03 22:25:06  === keep-alive check starting ===
2026-09-03 22:25:13  Ensuring containers are up (docker compose up -d).
2026-09-03 22:25:14     Container t-coop-local-db Running 
2026-09-03 22:25:14     Container t-coop-backend Running 
2026-09-03 22:25:14     Container t-coop-local-db Waiting 
2026-09-03 22:25:14     Container t-coop-local-db Healthy 
2026-09-03 22:25:14     Container t-coop-backend-db-init-1 Starting 
2026-09-03 22:25:14     Container t-coop-backend-db-init-1 Started 
2026-09-03 22:25:14     Container t-coop-backend-db-init-1 Waiting 
2026-09-03 22:25:15     Container t-coop-backend-db-init-1 Exited 
2026-09-03 22:25:16  ngrok is already running (PID 13024).
2026-09-03 22:25:16  === keep-alive check complete ===
2026-09-03 22:30:05  === keep-alive check starting ===
2026-09-03 22:30:12  Ensuring containers are up (docker compose up -d).
2026-09-03 22:30:13     Container t-coop-backend Running 
2026-09-03 22:30:13     Container t-coop-local-db Running 
2026-09-03 22:30:13     Container t-coop-local-db Waiting 
2026-09-03 22:30:13     Container t-coop-local-db Healthy 
2026-09-03 22:30:13     Container t-coop-backend-db-init-1 Starting 
2026-09-03 22:30:13     Container t-coop-backend-db-init-1 Started 
2026-09-03 22:30:13     Container t-coop-backend-db-init-1 Waiting 
2026-09-03 22:30:14     Container t-coop-backend-db-init-1 Exited 
2026-09-03 22:30:15  ngrok is already running (PID 13024).
2026-09-03 22:30:15  === keep-alive check complete ===
2026-09-03 22:35:06  === keep-alive check starting ===
2026-09-03 22:35:10  Ensuring containers are up (docker compose up -d).
2026-09-03 22:35:11     Container t-coop-backend Running 
2026-09-03 22:35:11     Container t-coop-local-db Running 
2026-09-03 22:35:11     Container t-coop-local-db Waiting 
2026-09-03 22:35:11     Container t-coop-local-db Healthy 
2026-09-03 22:35:11     Container t-coop-backend-db-init-1 Starting 
2026-09-03 22:35:12     Container t-coop-backend-db-init-1 Started 
2026-09-03 22:35:12     Container t-coop-backend-db-init-1 Waiting 
2026-09-03 22:35:12     Container t-coop-backend-db-init-1 Exited 
2026-09-03 22:35:13  ngrok is already running (PID 13024).
2026-09-03 22:35:13  === keep-alive check complete ===
2026-09-03 22:40:08  === keep-alive check starting ===
2026-09-03 22:40:11  Ensuring containers are up (docker compose up -d).
2026-09-03 22:40:12     Container t-coop-backend Running 
2026-09-03 22:40:12     Container t-coop-local-db Running 
2026-09-03 22:40:12     Container t-coop-local-db Waiting 
2026-09-03 22:40:12     Container t-coop-local-db Healthy 
2026-09-03 22:40:12     Container t-coop-backend-db-init-1 Starting 
2026-09-03 22:40:13     Container t-coop-backend-db-init-1 Started 
2026-09-03 22:40:13     Container t-coop-backend-db-init-1 Waiting 
2026-09-03 22:40:13     Container t-coop-backend-db-init-1 Exited 
2026-09-03 22:40:14  ngrok is already running (PID 13024).
2026-09-03 22:40:14  === keep-alive check complete ===
2026-09-03 22:45:02  === keep-alive check starting ===
2026-09-03 22:45:09  Ensuring containers are up (docker compose up -d).
2026-09-03 22:45:10     Container t-coop-local-db Running 
2026-09-03 22:45:10     Container t-coop-backend Running 
2026-09-03 22:45:10     Container t-coop-local-db Waiting 
2026-09-03 22:45:11     Container t-coop-local-db Healthy 
2026-09-03 22:45:11     Container t-coop-backend-db-init-1 Starting 
2026-09-03 22:45:11     Container t-coop-backend-db-init-1 Started 
2026-09-03 22:45:11     Container t-coop-backend-db-init-1 Waiting 
2026-09-03 22:45:11     Container t-coop-backend-db-init-1 Exited 
2026-09-03 22:45:12  ngrok is already running (PID 13024).
2026-09-03 22:45:12  === keep-alive check complete ===
2026-09-03 22:50:06  === keep-alive check starting ===
2026-09-03 22:50:12  Ensuring containers are up (docker compose up -d).
2026-09-03 22:50:13     Container t-coop-local-db Running 
2026-09-03 22:50:13     Container t-coop-backend Running 
2026-09-03 22:50:13     Container t-coop-local-db Waiting 
2026-09-03 22:50:14     Container t-coop-local-db Healthy 
2026-09-03 22:50:14     Container t-coop-backend-db-init-1 Starting 
2026-09-03 22:50:14     Container t-coop-backend-db-init-1 Started 
2026-09-03 22:50:14     Container t-coop-backend-db-init-1 Waiting 
2026-09-03 22:50:15     Container t-coop-backend-db-init-1 Exited 
2026-09-03 22:50:16  ngrok is already running (PID 13024).
2026-09-03 22:50:16  === keep-alive check complete ===
2026-09-03 22:55:04  === keep-alive check starting ===
2026-09-03 22:55:10  Ensuring containers are up (docker compose up -d).
2026-09-03 22:55:12     Container t-coop-local-db Running 
2026-09-03 22:55:12     Container t-coop-backend Running 
2026-09-03 22:55:12     Container t-coop-local-db Waiting 
2026-09-03 22:55:12     Container t-coop-local-db Healthy 
2026-09-03 22:55:12     Container t-coop-backend-db-init-1 Starting 
2026-09-03 22:55:12     Container t-coop-backend-db-init-1 Started 
2026-09-03 22:55:12     Container t-coop-backend-db-init-1 Waiting 
2026-09-03 22:55:13     Container t-coop-backend-db-init-1 Exited 
2026-09-03 22:55:14  ngrok is already running (PID 13024).
2026-09-03 22:55:14  === keep-alive check complete ===
2026-09-03 23:00:03  === keep-alive check starting ===
2026-09-03 23:00:09  Ensuring containers are up (docker compose up -d).
2026-09-03 23:00:10     Container t-coop-local-db Running 
2026-09-03 23:00:10     Container t-coop-backend Running 
2026-09-03 23:00:10     Container t-coop-local-db Waiting 
2026-09-03 23:00:11     Container t-coop-local-db Healthy 
2026-09-03 23:00:11     Container t-coop-backend-db-init-1 Starting 
2026-09-03 23:00:11     Container t-coop-backend-db-init-1 Started 
2026-09-03 23:00:11     Container t-coop-backend-db-init-1 Waiting 
2026-09-03 23:00:12     Container t-coop-backend-db-init-1 Exited 
2026-09-03 23:00:13  ngrok is already running (PID 13024).
2026-09-03 23:00:13  === keep-alive check complete ===
2026-09-04 16:52:26  === keep-alive check starting ===
2026-09-04 16:52:37  Ensuring containers are up (docker compose up -d).
2026-09-04 16:52:38     Container t-coop-backend Running 
2026-09-04 16:52:38     Container t-coop-local-db Running 
2026-09-04 16:52:38     Container t-coop-local-db Waiting 
2026-09-04 16:52:39     Container t-coop-local-db Healthy 
2026-09-04 16:52:39     Container t-coop-backend-db-init-1 Starting 
2026-09-04 16:52:39     Container t-coop-backend-db-init-1 Started 
2026-09-04 16:52:39     Container t-coop-backend-db-init-1 Waiting 
2026-09-04 16:52:39     Container t-coop-backend-db-init-1 Exited 
2026-09-04 16:52:40  ngrok is already running (PID 13024).
2026-09-04 16:52:40  === keep-alive check complete ===
2026-09-04 16:54:54  === keep-alive check starting ===
2026-09-04 16:54:59  Ensuring containers are up (docker compose up -d).
2026-09-04 16:55:00     Container t-coop-backend Running 
2026-09-04 16:55:00     Container t-coop-local-db Running 
2026-09-04 16:55:00     Container t-coop-local-db Waiting 
2026-09-04 16:55:00     Container t-coop-local-db Healthy 
2026-09-04 16:55:00     Container t-coop-backend-db-init-1 Starting 
2026-09-04 16:55:01     Container t-coop-backend-db-init-1 Started 
2026-09-04 16:55:01     Container t-coop-backend-db-init-1 Waiting 
2026-09-04 16:55:01     Container t-coop-backend-db-init-1 Exited 
2026-09-04 16:55:02  ngrok is already running (PID 13024).
2026-09-04 16:55:02  === keep-alive check complete ===
2026-09-04 17:04:53  === keep-alive check starting ===
2026-09-04 17:05:00  Ensuring containers are up (docker compose up -d).
2026-09-04 17:05:01     Container t-coop-backend Running 
2026-09-04 17:05:01     Container t-coop-local-db Running 
2026-09-04 17:05:01     Container t-coop-local-db Waiting 
2026-09-04 17:05:01     Container t-coop-local-db Healthy 
2026-09-04 17:05:01     Container t-coop-backend-db-init-1 Starting 
2026-09-04 17:05:01     Container t-coop-backend-db-init-1 Started 
2026-09-04 17:05:01     Container t-coop-backend-db-init-1 Waiting 
2026-09-04 17:05:02     Container t-coop-backend-db-init-1 Exited 
2026-09-04 17:05:03  ngrok is already running (PID 13024).
2026-09-04 17:05:03  === keep-alive check complete ===
2026-09-04 17:19:58  === keep-alive check starting ===
2026-09-04 17:20:02  Ensuring containers are up (docker compose up -d).
2026-09-04 17:20:02     Container t-coop-backend Running 
2026-09-04 17:20:02     Container t-coop-local-db Running 
2026-09-04 17:20:02     Container t-coop-local-db Waiting 
2026-09-04 17:20:03     Container t-coop-local-db Healthy 
2026-09-04 17:20:03     Container t-coop-backend-db-init-1 Starting 
2026-09-04 17:20:03     Container t-coop-backend-db-init-1 Started 
2026-09-04 17:20:03     Container t-coop-backend-db-init-1 Waiting 
2026-09-04 17:20:03     Container t-coop-backend-db-init-1 Exited 
2026-09-04 17:20:04  ngrok is already running (PID 13024).
2026-09-04 17:20:04  === keep-alive check complete ===
2026-09-04 17:34:58  === keep-alive check starting ===
2026-09-04 17:34:59  Ensuring containers are up (docker compose up -d).
2026-09-04 17:35:00     Container t-coop-backend Running 
2026-09-04 17:35:00     Container t-coop-local-db Running 
2026-09-04 17:35:00     Container t-coop-local-db Waiting 
2026-09-04 17:35:01     Container t-coop-local-db Healthy 
2026-09-04 17:35:01     Container t-coop-backend-db-init-1 Starting 
2026-09-04 17:35:01     Container t-coop-backend-db-init-1 Started 
2026-09-04 17:35:01     Container t-coop-backend-db-init-1 Waiting 
2026-09-04 17:35:01     Container t-coop-backend-db-init-1 Exited 
2026-09-04 17:35:02  ngrok is already running (PID 13024).
2026-09-04 17:35:02  === keep-alive check complete ===
2026-09-04 17:39:59  === keep-alive check starting ===
2026-09-04 17:40:01  Ensuring containers are up (docker compose up -d).
2026-09-04 17:40:02     Container t-coop-backend Running 
2026-09-04 17:40:02     Container t-coop-local-db Running 
2026-09-04 17:40:02     Container t-coop-local-db Waiting 
2026-09-04 17:40:02     Container t-coop-local-db Healthy 
2026-09-04 17:40:02     Container t-coop-backend-db-init-1 Starting 
2026-09-04 17:40:02     Container t-coop-backend-db-init-1 Started 
2026-09-04 17:40:02     Container t-coop-backend-db-init-1 Waiting 
2026-09-04 17:40:03     Container t-coop-backend-db-init-1 Exited 
2026-09-04 17:40:03  ngrok is already running (PID 13024).
2026-09-04 17:40:03  === keep-alive check complete ===
2026-09-04 17:44:58  === keep-alive check starting ===
2026-09-04 17:45:03  Ensuring containers are up (docker compose up -d).
2026-09-04 17:45:03     Container t-coop-backend Running 
2026-09-04 17:45:03     Container t-coop-local-db Running 
2026-09-04 17:45:03     Container t-coop-local-db Waiting 
2026-09-04 17:45:04     Container t-coop-local-db Healthy 
2026-09-04 17:45:04     Container t-coop-backend-db-init-1 Starting 
2026-09-04 17:45:04     Container t-coop-backend-db-init-1 Started 
2026-09-04 17:45:04     Container t-coop-backend-db-init-1 Waiting 
2026-09-04 17:45:05     Container t-coop-backend-db-init-1 Exited 
2026-09-04 17:45:05  ngrok is already running (PID 13024).
2026-09-04 17:45:05  === keep-alive check complete ===
2026-09-04 17:49:59  === keep-alive check starting ===
2026-09-04 17:50:03  Ensuring containers are up (docker compose up -d).
2026-09-04 17:50:03     Container t-coop-backend Running 
2026-09-04 17:50:03     Container t-coop-local-db Running 
2026-09-04 17:50:03     Container t-coop-local-db Waiting 
2026-09-04 17:50:04     Container t-coop-local-db Healthy 
2026-09-04 17:50:04     Container t-coop-backend-db-init-1 Starting 
2026-09-04 17:50:04     Container t-coop-backend-db-init-1 Started 
2026-09-04 17:50:04     Container t-coop-backend-db-init-1 Waiting 
2026-09-04 17:50:05     Container t-coop-backend-db-init-1 Exited 
2026-09-04 17:50:06  ngrok is already running (PID 13024).
2026-09-04 17:50:06  === keep-alive check complete ===
2026-09-04 17:54:58  === keep-alive check starting ===
2026-09-04 17:55:00  Ensuring containers are up (docker compose up -d).
2026-09-04 17:55:01     Container t-coop-backend Running 
2026-09-04 17:55:01     Container t-coop-local-db Running 
2026-09-04 17:55:01     Container t-coop-local-db Waiting 
2026-09-04 17:55:02     Container t-coop-local-db Healthy 
2026-09-04 17:55:02     Container t-coop-backend-db-init-1 Starting 
2026-09-04 17:55:02     Container t-coop-backend-db-init-1 Started 
2026-09-04 17:55:02     Container t-coop-backend-db-init-1 Waiting 
2026-09-04 17:55:02     Container t-coop-backend-db-init-1 Exited 
2026-09-04 17:55:03  ngrok is already running (PID 13024).
2026-09-04 17:55:03  === keep-alive check complete ===
2026-09-04 17:59:58  === keep-alive check starting ===
2026-09-04 18:00:02  Ensuring containers are up (docker compose up -d).
2026-09-04 18:00:03     Container t-coop-backend Running 
2026-09-04 18:00:03     Container t-coop-local-db Running 
2026-09-04 18:00:03     Container t-coop-local-db Waiting 
2026-09-04 18:00:03     Container t-coop-local-db Healthy 
2026-09-04 18:00:03     Container t-coop-backend-db-init-1 Starting 
2026-09-04 18:00:04     Container t-coop-backend-db-init-1 Started 
2026-09-04 18:00:04     Container t-coop-backend-db-init-1 Waiting 
2026-09-04 18:00:04     Container t-coop-backend-db-init-1 Exited 
2026-09-04 18:00:05  ngrok is already running (PID 13024).
2026-09-04 18:00:05  === keep-alive check complete ===
2026-09-04 18:04:57  === keep-alive check starting ===
2026-09-04 18:04:58  Ensuring containers are up (docker compose up -d).
2026-09-04 18:04:59     Container t-coop-backend Running 
2026-09-04 18:04:59     Container t-coop-local-db Running 
2026-09-04 18:04:59     Container t-coop-local-db Waiting 
2026-09-04 18:04:59     Container t-coop-local-db Healthy 
2026-09-04 18:04:59     Container t-coop-backend-db-init-1 Starting 
2026-09-04 18:05:00     Container t-coop-backend-db-init-1 Started 
2026-09-04 18:05:00     Container t-coop-backend-db-init-1 Waiting 
2026-09-04 18:05:00     Container t-coop-backend-db-init-1 Exited 
2026-09-04 18:05:01  ngrok is already running (PID 13024).
2026-09-04 18:05:01  === keep-alive check complete ===
2026-09-04 18:09:59  === keep-alive check starting ===
2026-09-04 18:10:03  Ensuring containers are up (docker compose up -d).
2026-09-04 18:10:03     Container t-coop-backend Running 
2026-09-04 18:10:03     Container t-coop-local-db Running 
2026-09-04 18:10:03     Container t-coop-local-db Waiting 
2026-09-04 18:10:04     Container t-coop-local-db Healthy 
2026-09-04 18:10:04     Container t-coop-backend-db-init-1 Starting 
2026-09-04 18:10:04     Container t-coop-backend-db-init-1 Started 
2026-09-04 18:10:04     Container t-coop-backend-db-init-1 Waiting 
2026-09-04 18:10:05     Container t-coop-backend-db-init-1 Exited 
2026-09-04 18:10:05  ngrok is already running (PID 13024).
2026-09-04 18:10:05  === keep-alive check complete ===
2026-09-04 18:14:59  === keep-alive check starting ===
2026-09-04 18:15:04  Ensuring containers are up (docker compose up -d).
2026-09-04 18:15:05     Container t-coop-backend Running 
2026-09-04 18:15:05     Container t-coop-local-db Running 
2026-09-04 18:15:05     Container t-coop-local-db Waiting 
2026-09-04 18:15:05     Container t-coop-local-db Healthy 
2026-09-04 18:15:05     Container t-coop-backend-db-init-1 Starting 
2026-09-04 18:15:06     Container t-coop-backend-db-init-1 Started 
2026-09-04 18:15:06     Container t-coop-backend-db-init-1 Waiting 
2026-09-04 18:15:06     Container t-coop-backend-db-init-1 Exited 
2026-09-04 18:15:07  ngrok is already running (PID 13024).
2026-09-04 18:15:07  === keep-alive check complete ===
2026-09-04 18:19:57  === keep-alive check starting ===
2026-09-04 18:20:01  Ensuring containers are up (docker compose up -d).
2026-09-04 18:20:01     Container t-coop-backend Running 
2026-09-04 18:20:01     Container t-coop-local-db Running 
2026-09-04 18:20:01     Container t-coop-local-db Waiting 
2026-09-04 18:20:02     Container t-coop-local-db Healthy 
2026-09-04 18:20:02     Container t-coop-backend-db-init-1 Starting 
2026-09-04 18:20:02     Container t-coop-backend-db-init-1 Started 
2026-09-04 18:20:02     Container t-coop-backend-db-init-1 Waiting 
2026-09-04 18:20:03     Container t-coop-backend-db-init-1 Exited 
2026-09-04 18:20:04  ngrok is already running (PID 13024).
2026-09-04 18:20:04  === keep-alive check complete ===
2026-09-04 18:24:55  === keep-alive check starting ===
2026-09-04 18:24:56  Ensuring containers are up (docker compose up -d).
2026-09-04 18:24:57     Container t-coop-backend Running 
2026-09-04 18:24:57     Container t-coop-local-db Running 
2026-09-04 18:24:57     Container t-coop-local-db Waiting 
2026-09-04 18:24:57     Container t-coop-local-db Healthy 
2026-09-04 18:24:57     Container t-coop-backend-db-init-1 Starting 
2026-09-04 18:24:58     Container t-coop-backend-db-init-1 Started 
2026-09-04 18:24:58     Container t-coop-backend-db-init-1 Waiting 
2026-09-04 18:24:58     Container t-coop-backend-db-init-1 Exited 
2026-09-04 18:24:59  ngrok is already running (PID 13024).
2026-09-04 18:24:59  === keep-alive check complete ===
2026-09-04 18:29:58  === keep-alive check starting ===
2026-09-04 18:30:00  Ensuring containers are up (docker compose up -d).
2026-09-04 18:30:00     Container t-coop-backend Running 
2026-09-04 18:30:00     Container t-coop-local-db Running 
2026-09-04 18:30:00     Container t-coop-local-db Waiting 
2026-09-04 18:30:01     Container t-coop-local-db Healthy 
2026-09-04 18:30:01     Container t-coop-backend-db-init-1 Starting 
2026-09-04 18:30:01     Container t-coop-backend-db-init-1 Started 
2026-09-04 18:30:01     Container t-coop-backend-db-init-1 Waiting 
2026-09-04 18:30:02     Container t-coop-backend-db-init-1 Exited 
2026-09-04 18:30:02  ngrok is already running (PID 13024).
2026-09-04 18:30:02  === keep-alive check complete ===
2026-09-04 18:34:59  === keep-alive check starting ===
2026-09-04 18:35:04  Ensuring containers are up (docker compose up -d).
2026-09-04 18:35:04     Container t-coop-local-db Running 
2026-09-04 18:35:04     Container t-coop-backend Running 
2026-09-04 18:35:04     Container t-coop-local-db Waiting 
2026-09-04 18:35:05     Container t-coop-local-db Healthy 
2026-09-04 18:35:05     Container t-coop-backend-db-init-1 Starting 
2026-09-04 18:35:05     Container t-coop-backend-db-init-1 Started 
2026-09-04 18:35:05     Container t-coop-backend-db-init-1 Waiting 
2026-09-04 18:35:06     Container t-coop-backend-db-init-1 Exited 
2026-09-04 18:35:06  ngrok is already running (PID 13024).
2026-09-04 18:35:06  === keep-alive check complete ===
2026-09-04 18:40:00  === keep-alive check starting ===
2026-09-04 18:40:04  Ensuring containers are up (docker compose up -d).
2026-09-04 18:40:04     Container t-coop-local-db Running 
2026-09-04 18:40:04     Container t-coop-backend Running 
2026-09-04 18:40:04     Container t-coop-local-db Waiting 
2026-09-04 18:40:05     Container t-coop-local-db Healthy 
2026-09-04 18:40:05     Container t-coop-backend-db-init-1 Starting 
2026-09-04 18:40:05     Container t-coop-backend-db-init-1 Started 
2026-09-04 18:40:05     Container t-coop-backend-db-init-1 Waiting 
2026-09-04 18:40:06     Container t-coop-backend-db-init-1 Exited 
2026-09-04 18:40:06  ngrok is already running (PID 13024).
2026-09-04 18:40:06  === keep-alive check complete ===
2026-09-04 18:44:53  === keep-alive check starting ===
2026-09-04 18:44:58  Ensuring containers are up (docker compose up -d).
2026-09-04 18:44:59     Container t-coop-backend Running 
2026-09-04 18:44:59     Container t-coop-local-db Running 
2026-09-04 18:44:59     Container t-coop-local-db Waiting 
2026-09-04 18:44:59     Container t-coop-local-db Healthy 
2026-09-04 18:44:59     Container t-coop-backend-db-init-1 Starting 
2026-09-04 18:44:59     Container t-coop-backend-db-init-1 Started 
2026-09-04 18:44:59     Container t-coop-backend-db-init-1 Waiting 
2026-09-04 18:45:00     Container t-coop-backend-db-init-1 Exited 
2026-09-04 18:45:01  ngrok is already running (PID 13024).
2026-09-04 18:45:01  === keep-alive check complete ===
2026-09-04 18:54:59  === keep-alive check starting ===
2026-09-04 18:55:05  Ensuring containers are up (docker compose up -d).
2026-09-04 18:55:06     Container t-coop-backend Running 
2026-09-04 18:55:06     Container t-coop-local-db Running 
2026-09-04 18:55:06     Container t-coop-local-db Waiting 
2026-09-04 18:55:07     Container t-coop-local-db Healthy 
2026-09-04 18:55:07     Container t-coop-backend-db-init-1 Starting 
2026-09-04 18:55:07     Container t-coop-backend-db-init-1 Started 
2026-09-04 18:55:07     Container t-coop-backend-db-init-1 Waiting 
2026-09-04 18:55:07     Container t-coop-backend-db-init-1 Exited 
2026-09-04 18:55:08  ngrok is already running (PID 13024).
2026-09-04 18:55:08  === keep-alive check complete ===
2026-09-04 18:59:53  === keep-alive check starting ===
2026-09-04 18:59:58  Ensuring containers are up (docker compose up -d).
2026-09-04 18:59:59     Container t-coop-backend Running 
2026-09-04 18:59:59     Container t-coop-local-db Running 
2026-09-04 18:59:59     Container t-coop-local-db Waiting 
2026-09-04 18:59:59     Container t-coop-local-db Healthy 
2026-09-04 18:59:59     Container t-coop-backend-db-init-1 Starting 
2026-09-04 18:59:59     Container t-coop-backend-db-init-1 Started 
2026-09-04 18:59:59     Container t-coop-backend-db-init-1 Waiting 
2026-09-04 19:00:00     Container t-coop-backend-db-init-1 Exited 
2026-09-04 19:00:01  ngrok is already running (PID 13024).
2026-09-04 19:00:01  === keep-alive check complete ===
2026-09-04 19:04:56  === keep-alive check starting ===
2026-09-04 19:05:06  Ensuring containers are up (docker compose up -d).
2026-09-04 19:05:06     Container t-coop-local-db Running 
2026-09-04 19:05:06     Container t-coop-backend Running 
2026-09-04 19:05:06     Container t-coop-local-db Waiting 
2026-09-04 19:05:07     Container t-coop-local-db Healthy 
2026-09-04 19:05:07     Container t-coop-backend-db-init-1 Starting 
2026-09-04 19:05:07     Container t-coop-backend-db-init-1 Started 
2026-09-04 19:05:07     Container t-coop-backend-db-init-1 Waiting 
2026-09-04 19:05:07     Container t-coop-backend-db-init-1 Exited 
2026-09-04 19:05:08  ngrok is already running (PID 13024).
2026-09-04 19:05:08  === keep-alive check complete ===
2026-09-04 19:09:55  === keep-alive check starting ===
2026-09-04 19:10:04  Ensuring containers are up (docker compose up -d).
2026-09-04 19:10:04     Container t-coop-backend Running 
2026-09-04 19:10:04     Container t-coop-local-db Running 
2026-09-04 19:10:04     Container t-coop-local-db Waiting 
2026-09-04 19:10:04     Container t-coop-local-db Healthy 
2026-09-04 19:10:04     Container t-coop-backend-db-init-1 Starting 
2026-09-04 19:10:05     Container t-coop-backend-db-init-1 Started 
2026-09-04 19:10:05     Container t-coop-backend-db-init-1 Waiting 
2026-09-04 19:10:05     Container t-coop-backend-db-init-1 Exited 
2026-09-04 19:10:06  ngrok is already running (PID 13024).
2026-09-04 19:10:06  === keep-alive check complete ===
2026-09-04 19:15:13  === keep-alive check starting ===
2026-09-04 19:15:23  Ensuring containers are up (docker compose up -d).
2026-09-04 19:15:23     Container t-coop-local-db Running 
2026-09-04 19:15:23     Container t-coop-backend Running 
2026-09-04 19:15:23     Container t-coop-local-db Waiting 
2026-09-04 19:15:24     Container t-coop-local-db Healthy 
2026-09-04 19:15:24     Container t-coop-backend-db-init-1 Starting 
2026-09-04 19:15:24     Container t-coop-backend-db-init-1 Started 
2026-09-04 19:15:24     Container t-coop-backend-db-init-1 Waiting 
2026-09-04 19:15:25     Container t-coop-backend-db-init-1 Exited 
2026-09-04 19:15:26  ngrok is already running (PID 13024).
2026-09-04 19:15:26  === keep-alive check complete ===
2026-09-05 08:41:07  === keep-alive check starting ===
2026-09-05 08:41:11  Docker Desktop not running - launching it.
2026-09-05 08:41:26  Docker engine is ready.
2026-09-05 08:41:30  Ensuring containers are up (docker compose up -d).
2026-09-05 08:41:31     Container t-coop-backend Running 
2026-09-05 08:41:31     Container t-coop-local-db Starting 
2026-09-05 08:41:31     Container t-coop-local-db Started 
2026-09-05 08:41:31     Container t-coop-local-db Waiting 
2026-09-05 08:41:42     Container t-coop-local-db Healthy 
2026-09-05 08:41:42     Container t-coop-backend-db-init-1 Starting 
2026-09-05 08:41:42     Container t-coop-backend-db-init-1 Started 
2026-09-05 08:41:42     Container t-coop-backend-db-init-1 Waiting 
2026-09-05 08:41:43     Container t-coop-backend-db-init-1 Exited 
2026-09-05 08:41:43  ngrok is not running - starting tunnel on hamster-probiotic-compile.ngrok-free.dev.
2026-09-05 08:41:43  === keep-alive check complete ===
2026-09-05 08:46:58  === keep-alive check starting ===
2026-09-05 08:47:14  Ensuring containers are up (docker compose up -d).
2026-09-05 08:47:15     Container t-coop-local-db Running 
2026-09-05 08:47:15     Container t-coop-backend Running 
2026-09-05 08:47:15     Container t-coop-local-db Waiting 
2026-09-05 08:47:15     Container t-coop-local-db Healthy 
2026-09-05 08:47:15     Container t-coop-backend-db-init-1 Starting 
2026-09-05 08:47:16     Container t-coop-backend-db-init-1 Started 
2026-09-05 08:47:16     Container t-coop-backend-db-init-1 Waiting 
2026-09-05 08:47:16     Container t-coop-backend-db-init-1 Exited 
2026-09-05 08:47:17  ngrok is already running (PID 10368).
2026-09-05 08:47:17  === keep-alive check complete ===
2026-09-05 08:49:52  === keep-alive check starting ===
2026-09-05 08:50:00  Ensuring containers are up (docker compose up -d).
2026-09-05 08:50:00     Container t-coop-local-db Running 
2026-09-05 08:50:00     Container t-coop-backend Running 
2026-09-05 08:50:00     Container t-coop-local-db Waiting 
2026-09-05 08:50:01     Container t-coop-local-db Healthy 
2026-09-05 08:50:01     Container t-coop-backend-db-init-1 Starting 
2026-09-05 08:50:01     Container t-coop-backend-db-init-1 Started 
2026-09-05 08:50:01     Container t-coop-backend-db-init-1 Waiting 
2026-09-05 08:50:02     Container t-coop-backend-db-init-1 Exited 
2026-09-05 08:50:02  ngrok is already running (PID 10368).
2026-09-05 08:50:02  === keep-alive check complete ===
2026-09-05 08:55:49  === keep-alive check starting ===
2026-09-05 08:56:24  Ensuring containers are up (docker compose up -d).
2026-09-05 08:56:25     Container t-coop-backend Running 
2026-09-05 08:56:25     Container t-coop-local-db Running 
2026-09-05 08:56:25     Container t-coop-local-db Waiting 
2026-09-05 08:56:25     Container t-coop-local-db Healthy 
2026-09-05 08:56:25     Container t-coop-backend-db-init-1 Starting 
2026-09-05 08:56:26     Container t-coop-backend-db-init-1 Started 
2026-09-05 08:56:26     Container t-coop-backend-db-init-1 Waiting 
2026-09-05 08:56:27     Container t-coop-backend-db-init-1 Exited 
2026-09-05 08:56:27  ngrok is already running (PID 10368).
2026-09-05 08:56:27  === keep-alive check complete ===
2026-09-05 08:59:57  === keep-alive check starting ===
2026-09-05 09:00:15  Ensuring containers are up (docker compose up -d).
2026-09-05 09:00:16     Container t-coop-backend Running 
2026-09-05 09:00:16     Container t-coop-local-db Running 
2026-09-05 09:00:16     Container t-coop-local-db Waiting 
2026-09-05 09:00:16     Container t-coop-local-db Healthy 
2026-09-05 09:00:16     Container t-coop-backend-db-init-1 Starting 
2026-09-05 09:00:16     Container t-coop-backend-db-init-1 Started 
2026-09-05 09:00:16     Container t-coop-backend-db-init-1 Waiting 
2026-09-05 09:00:17     Container t-coop-backend-db-init-1 Exited 
2026-09-05 09:00:17  ngrok is already running (PID 10368).
2026-09-05 09:00:17  === keep-alive check complete ===
2026-09-05 09:05:25  === keep-alive check starting ===
2026-09-05 09:05:49  Ensuring containers are up (docker compose up -d).
2026-09-05 09:05:49     Container t-coop-backend Running 
2026-09-05 09:05:49     Container t-coop-local-db Running 
2026-09-05 09:05:49     Container t-coop-local-db Waiting 
2026-09-05 09:05:50     Container t-coop-local-db Healthy 
2026-09-05 09:05:50     Container t-coop-backend-db-init-1 Starting 
2026-09-05 09:05:50     Container t-coop-backend-db-init-1 Started 
2026-09-05 09:05:50     Container t-coop-backend-db-init-1 Waiting 
2026-09-05 09:05:50     Container t-coop-backend-db-init-1 Exited 
2026-09-05 09:05:51  ngrok is already running (PID 10368).
2026-09-05 09:05:51  === keep-alive check complete ===
2026-09-05 09:09:57  === keep-alive check starting ===
2026-09-05 09:10:07  Ensuring containers are up (docker compose up -d).
2026-09-05 09:10:07     Container t-coop-local-db Running 
2026-09-05 09:10:07     Container t-coop-backend Running 
2026-09-05 09:10:07     Container t-coop-local-db Waiting 
2026-09-05 09:10:08     Container t-coop-local-db Healthy 
2026-09-05 09:10:08     Container t-coop-backend-db-init-1 Starting 
2026-09-05 09:10:08     Container t-coop-backend-db-init-1 Started 
2026-09-05 09:10:08     Container t-coop-backend-db-init-1 Waiting 
2026-09-05 09:10:09     Container t-coop-backend-db-init-1 Exited 
2026-09-05 09:10:09  ngrok is already running (PID 10368).
2026-09-05 09:10:09  === keep-alive check complete ===
2026-09-05 09:14:51  === keep-alive check starting ===
2026-09-05 09:14:55  Ensuring containers are up (docker compose up -d).
2026-09-05 09:14:55     Container t-coop-local-db Running 
2026-09-05 09:14:55     Container t-coop-backend Running 
2026-09-05 09:14:55     Container t-coop-local-db Waiting 
2026-09-05 09:14:56     Container t-coop-local-db Healthy 
2026-09-05 09:14:56     Container t-coop-backend-db-init-1 Starting 
2026-09-05 09:14:56     Container t-coop-backend-db-init-1 Started 
2026-09-05 09:14:56     Container t-coop-backend-db-init-1 Waiting 
2026-09-05 09:14:57     Container t-coop-backend-db-init-1 Exited 
2026-09-05 09:14:57  ngrok is already running (PID 10368).
2026-09-05 09:14:57  === keep-alive check complete ===
2026-09-05 09:19:54  === keep-alive check starting ===
2026-09-05 09:20:03  Ensuring containers are up (docker compose up -d).
2026-09-05 09:20:03     Container t-coop-backend Running 
2026-09-05 09:20:03     Container t-coop-local-db Running 
2026-09-05 09:20:03     Container t-coop-local-db Waiting 
2026-09-05 09:20:04     Container t-coop-local-db Healthy 
2026-09-05 09:20:04     Container t-coop-backend-db-init-1 Starting 
2026-09-05 09:20:04     Container t-coop-backend-db-init-1 Started 
2026-09-05 09:20:04     Container t-coop-backend-db-init-1 Waiting 
2026-09-05 09:20:04     Container t-coop-backend-db-init-1 Exited 
2026-09-05 09:20:05  ngrok is already running (PID 10368).
2026-09-05 09:20:05  === keep-alive check complete ===
2026-09-05 09:25:04  === keep-alive check starting ===
2026-09-05 09:25:08  Ensuring containers are up (docker compose up -d).
2026-09-05 09:25:09     Container t-coop-backend Running 
2026-09-05 09:25:09     Container t-coop-local-db Running 
2026-09-05 09:25:09     Container t-coop-local-db Waiting 
2026-09-05 09:25:09     Container t-coop-local-db Healthy 
2026-09-05 09:25:09     Container t-coop-backend-db-init-1 Starting 
2026-09-05 09:25:09     Container t-coop-backend-db-init-1 Started 
2026-09-05 09:25:09     Container t-coop-backend-db-init-1 Waiting 
2026-09-05 09:25:10     Container t-coop-backend-db-init-1 Exited 
2026-09-05 09:25:10  ngrok is already running (PID 10368).
2026-09-05 09:25:10  === keep-alive check complete ===
2026-09-05 09:29:53  === keep-alive check starting ===
2026-09-05 09:29:54  Ensuring containers are up (docker compose up -d).
2026-09-05 09:29:54     Container t-coop-local-db Running 
2026-09-05 09:29:54     Container t-coop-backend Running 
2026-09-05 09:29:54     Container t-coop-local-db Waiting 
2026-09-05 09:29:54     Container t-coop-local-db Healthy 
2026-09-05 09:29:54     Container t-coop-backend-db-init-1 Starting 
2026-09-05 09:29:54     Container t-coop-backend-db-init-1 Started 
2026-09-05 09:29:54     Container t-coop-backend-db-init-1 Waiting 
2026-09-05 09:29:55     Container t-coop-backend-db-init-1 Exited 
2026-09-05 09:29:55  ngrok is already running (PID 10368).
2026-09-05 09:29:55  === keep-alive check complete ===
2026-09-05 09:34:53  === keep-alive check starting ===
2026-09-05 09:34:56  Ensuring containers are up (docker compose up -d).
2026-09-05 09:34:56     Container t-coop-local-db Running 
2026-09-05 09:34:56     Container t-coop-backend Running 
2026-09-05 09:34:56     Container t-coop-local-db Waiting 
2026-09-05 09:34:57     Container t-coop-local-db Healthy 
2026-09-05 09:34:57     Container t-coop-backend-db-init-1 Starting 
2026-09-05 09:34:58     Container t-coop-backend-db-init-1 Started 
2026-09-05 09:34:58     Container t-coop-backend-db-init-1 Waiting 
2026-09-05 09:34:58     Container t-coop-backend-db-init-1 Exited 
2026-09-05 09:34:59  ngrok is already running (PID 10368).
2026-09-05 09:34:59  === keep-alive check complete ===
2026-09-05 09:44:52  === keep-alive check starting ===
2026-09-05 09:44:54  Ensuring containers are up (docker compose up -d).
2026-09-05 09:44:54     Container t-coop-local-db Running 
2026-09-05 09:44:54     Container t-coop-backend Running 
2026-09-05 09:44:54     Container t-coop-local-db Waiting 
2026-09-05 09:44:55     Container t-coop-local-db Healthy 
2026-09-05 09:44:55     Container t-coop-backend-db-init-1 Starting 
2026-09-05 09:44:56     Container t-coop-backend-db-init-1 Started 
2026-09-05 09:44:56     Container t-coop-backend-db-init-1 Waiting 
2026-09-05 09:44:56     Container t-coop-backend-db-init-1 Exited 
2026-09-05 09:44:57  ngrok is already running (PID 10368).
2026-09-05 09:44:57  === keep-alive check complete ===
2026-09-05 09:50:00  === keep-alive check starting ===
2026-09-05 09:50:02  Ensuring containers are up (docker compose up -d).
2026-09-05 09:50:03     Container t-coop-backend Running 
2026-09-05 09:50:03     Container t-coop-local-db Running 
2026-09-05 09:50:03     Container t-coop-local-db Waiting 
2026-09-05 09:50:03     Container t-coop-local-db Healthy 
2026-09-05 09:50:03     Container t-coop-backend-db-init-1 Starting 
2026-09-05 09:50:03     Container t-coop-backend-db-init-1 Started 
2026-09-05 09:50:03     Container t-coop-backend-db-init-1 Waiting 
2026-09-05 09:50:04     Container t-coop-backend-db-init-1 Exited 
2026-09-05 09:50:04  ngrok is already running (PID 10368).
2026-09-05 09:50:04  === keep-alive check complete ===
2026-09-05 09:54:55  === keep-alive check starting ===
2026-09-05 09:55:04  Ensuring containers are up (docker compose up -d).
2026-09-05 09:55:04     Container t-coop-local-db Running 
2026-09-05 09:55:04     Container t-coop-backend Running 
2026-09-05 09:55:04     Container t-coop-local-db Waiting 
2026-09-05 09:55:05     Container t-coop-local-db Healthy 
2026-09-05 09:55:05     Container t-coop-backend-db-init-1 Starting 
2026-09-05 09:55:05     Container t-coop-backend-db-init-1 Started 
2026-09-05 09:55:05     Container t-coop-backend-db-init-1 Waiting 
2026-09-05 09:55:05     Container t-coop-backend-db-init-1 Exited 
2026-09-05 09:55:06  ngrok is already running (PID 10368).
2026-09-05 09:55:06  === keep-alive check complete ===
2026-09-05 09:59:59  === keep-alive check starting ===
2026-09-05 10:00:02  Ensuring containers are up (docker compose up -d).
2026-09-05 10:00:03     Container t-coop-backend Running 
2026-09-05 10:00:03     Container t-coop-local-db Running 
2026-09-05 10:00:03     Container t-coop-local-db Waiting 
2026-09-05 10:00:03     Container t-coop-local-db Healthy 
2026-09-05 10:00:03     Container t-coop-backend-db-init-1 Starting 
2026-09-05 10:00:03     Container t-coop-backend-db-init-1 Started 
2026-09-05 10:00:03     Container t-coop-backend-db-init-1 Waiting 
2026-09-05 10:00:04     Container t-coop-backend-db-init-1 Exited 
2026-09-05 10:00:04  ngrok is already running (PID 10368).
2026-09-05 10:00:04  === keep-alive check complete ===
2026-09-05 10:04:53  === keep-alive check starting ===
2026-09-05 10:05:00  Ensuring containers are up (docker compose up -d).
2026-09-05 10:05:00     Container t-coop-backend Running 
2026-09-05 10:05:00     Container t-coop-local-db Running 
2026-09-05 10:05:00     Container t-coop-local-db Waiting 
2026-09-05 10:05:01     Container t-coop-local-db Healthy 
2026-09-05 10:05:01     Container t-coop-backend-db-init-1 Starting 
2026-09-05 10:05:01     Container t-coop-backend-db-init-1 Started 
2026-09-05 10:05:01     Container t-coop-backend-db-init-1 Waiting 
2026-09-05 10:05:02     Container t-coop-backend-db-init-1 Exited 
2026-09-05 10:05:02  ngrok is already running (PID 10368).
2026-09-05 10:05:02  === keep-alive check complete ===
2026-09-05 10:09:54  === keep-alive check starting ===
2026-09-05 10:10:04  Ensuring containers are up (docker compose up -d).
2026-09-05 10:10:04     Container t-coop-backend Running 
2026-09-05 10:10:04     Container t-coop-local-db Running 
2026-09-05 10:10:04     Container t-coop-local-db Waiting 
2026-09-05 10:10:05     Container t-coop-local-db Healthy 
2026-09-05 10:10:05     Container t-coop-backend-db-init-1 Starting 
2026-09-05 10:10:05     Container t-coop-backend-db-init-1 Started 
2026-09-05 10:10:05     Container t-coop-backend-db-init-1 Waiting 
2026-09-05 10:10:05     Container t-coop-backend-db-init-1 Exited 
2026-09-05 10:10:06  ngrok is already running (PID 10368).
2026-09-05 10:10:06  === keep-alive check complete ===
2026-09-05 10:14:54  === keep-alive check starting ===
2026-09-05 10:14:57  Ensuring containers are up (docker compose up -d).
2026-09-05 10:14:57     Container t-coop-backend Running 
2026-09-05 10:14:57     Container t-coop-local-db Running 
2026-09-05 10:14:57     Container t-coop-local-db Waiting 
2026-09-05 10:14:58     Container t-coop-local-db Healthy 
2026-09-05 10:14:58     Container t-coop-backend-db-init-1 Starting 
2026-09-05 10:14:58     Container t-coop-backend-db-init-1 Started 
2026-09-05 10:14:58     Container t-coop-backend-db-init-1 Waiting 
2026-09-05 10:14:58     Container t-coop-backend-db-init-1 Exited 
2026-09-05 10:14:59  ngrok is already running (PID 10368).
2026-09-05 10:14:59  === keep-alive check complete ===
2026-09-05 10:19:53  === keep-alive check starting ===
2026-09-05 10:19:54  Ensuring containers are up (docker compose up -d).
2026-09-05 10:19:54     Container t-coop-backend Running 
2026-09-05 10:19:54     Container t-coop-local-db Running 
2026-09-05 10:19:54     Container t-coop-local-db Waiting 
2026-09-05 10:19:55     Container t-coop-local-db Healthy 
2026-09-05 10:19:55     Container t-coop-backend-db-init-1 Starting 
2026-09-05 10:19:55     Container t-coop-backend-db-init-1 Started 
2026-09-05 10:19:55     Container t-coop-backend-db-init-1 Waiting 
2026-09-05 10:19:55     Container t-coop-backend-db-init-1 Exited 
2026-09-05 10:19:56  ngrok is already running (PID 10368).
2026-09-05 10:19:56  === keep-alive check complete ===
2026-09-05 10:24:53  === keep-alive check starting ===
2026-09-05 10:25:01  Ensuring containers are up (docker compose up -d).
2026-09-05 10:25:01     Container t-coop-backend Running 
2026-09-05 10:25:01     Container t-coop-local-db Running 
2026-09-05 10:25:01     Container t-coop-local-db Waiting 
2026-09-05 10:25:02     Container t-coop-local-db Healthy 
2026-09-05 10:25:02     Container t-coop-backend-db-init-1 Starting 
2026-09-05 10:25:02     Container t-coop-backend-db-init-1 Started 
2026-09-05 10:25:02     Container t-coop-backend-db-init-1 Waiting 
2026-09-05 10:25:02     Container t-coop-backend-db-init-1 Exited 
2026-09-05 10:25:03  ngrok is already running (PID 10368).
2026-09-05 10:25:03  === keep-alive check complete ===
2026-09-05 10:29:55  === keep-alive check starting ===
2026-09-05 10:29:58  Ensuring containers are up (docker compose up -d).
2026-09-05 10:29:58     Container t-coop-local-db Running 
2026-09-05 10:29:58     Container t-coop-backend Running 
2026-09-05 10:29:58     Container t-coop-local-db Waiting 
2026-09-05 10:29:59     Container t-coop-local-db Healthy 
2026-09-05 10:29:59     Container t-coop-backend-db-init-1 Starting 
2026-09-05 10:29:59     Container t-coop-backend-db-init-1 Started 
2026-09-05 10:29:59     Container t-coop-backend-db-init-1 Waiting 
2026-09-05 10:29:59     Container t-coop-backend-db-init-1 Exited 
2026-09-05 10:30:00  ngrok is already running (PID 10368).
2026-09-05 10:30:00  === keep-alive check complete ===
2026-09-05 10:35:09  === keep-alive check starting ===
2026-09-05 10:35:30  Ensuring containers are up (docker compose up -d).
2026-09-05 10:35:34     Container t-coop-local-db Running 
2026-09-05 10:35:34     Container t-coop-backend Running 
2026-09-05 10:35:34     Container t-coop-local-db Waiting 
2026-09-05 10:35:35     Container t-coop-local-db Healthy 
2026-09-05 10:35:35     Container t-coop-backend-db-init-1 Starting 
2026-09-05 10:35:35     Container t-coop-backend-db-init-1 Started 
2026-09-05 10:35:35     Container t-coop-backend-db-init-1 Waiting 
2026-09-05 10:35:36     Container t-coop-backend-db-init-1 Exited 
2026-09-05 10:35:36  ngrok is already running (PID 10368).
2026-09-05 10:35:36  === keep-alive check complete ===
2026-09-05 10:39:52  === keep-alive check starting ===
2026-09-05 10:39:56  Ensuring containers are up (docker compose up -d).
2026-09-05 10:39:56     Container t-coop-backend Running 
2026-09-05 10:39:56     Container t-coop-local-db Running 
2026-09-05 10:39:56     Container t-coop-local-db Waiting 
2026-09-05 10:39:56     Container t-coop-local-db Healthy 
2026-09-05 10:39:56     Container t-coop-backend-db-init-1 Starting 
2026-09-05 10:39:57     Container t-coop-backend-db-init-1 Started 
2026-09-05 10:39:57     Container t-coop-backend-db-init-1 Waiting 
2026-09-05 10:39:57     Container t-coop-backend-db-init-1 Exited 
2026-09-05 10:39:58  ngrok is already running (PID 10368).
2026-09-05 10:39:58  === keep-alive check complete ===
2026-09-05 10:44:54  === keep-alive check starting ===
2026-09-05 10:44:58  Ensuring containers are up (docker compose up -d).
2026-09-05 10:44:59     Container t-coop-local-db Running 
2026-09-05 10:44:59     Container t-coop-backend Running 
2026-09-05 10:44:59     Container t-coop-local-db Waiting 
2026-09-05 10:44:59     Container t-coop-local-db Healthy 
2026-09-05 10:44:59     Container t-coop-backend-db-init-1 Starting 
2026-09-05 10:45:00     Container t-coop-backend-db-init-1 Started 
2026-09-05 10:45:00     Container t-coop-backend-db-init-1 Waiting 
2026-09-05 10:45:00     Container t-coop-backend-db-init-1 Exited 
2026-09-05 10:45:00  ngrok is already running (PID 10368).
2026-09-05 10:45:00  === keep-alive check complete ===
2026-09-05 10:49:51  === keep-alive check starting ===
2026-09-05 10:49:54  Ensuring containers are up (docker compose up -d).
2026-09-05 10:49:55     Container t-coop-backend Running 
2026-09-05 10:49:55     Container t-coop-local-db Running 
2026-09-05 10:49:55     Container t-coop-local-db Waiting 
2026-09-05 10:49:55     Container t-coop-local-db Healthy 
2026-09-05 10:49:55     Container t-coop-backend-db-init-1 Starting 
2026-09-05 10:49:55     Container t-coop-backend-db-init-1 Started 
2026-09-05 10:49:55     Container t-coop-backend-db-init-1 Waiting 
2026-09-05 10:49:56     Container t-coop-backend-db-init-1 Exited 
2026-09-05 10:49:56  ngrok is already running (PID 10368).
2026-09-05 10:49:56  === keep-alive check complete ===
2026-09-05 10:59:56  === keep-alive check starting ===
2026-09-05 11:00:03  Ensuring containers are up (docker compose up -d).
2026-09-05 11:00:03     Container t-coop-local-db Running 
2026-09-05 11:00:03     Container t-coop-backend Running 
2026-09-05 11:00:03     Container t-coop-local-db Waiting 
2026-09-05 11:00:03     Container t-coop-local-db Healthy 
2026-09-05 11:00:03     Container t-coop-backend-db-init-1 Starting 
2026-09-05 11:00:04     Container t-coop-backend-db-init-1 Started 
2026-09-05 11:00:04     Container t-coop-backend-db-init-1 Waiting 
2026-09-05 11:00:05     Container t-coop-backend-db-init-1 Exited 
2026-09-05 11:00:05  ngrok is already running (PID 10368).
2026-09-05 11:00:05  === keep-alive check complete ===
2026-09-05 11:10:20  === keep-alive check starting ===
2026-09-05 11:10:34  Ensuring containers are up (docker compose up -d).
2026-09-05 11:10:35     Container t-coop-backend Running 
2026-09-05 11:10:35     Container t-coop-local-db Running 
2026-09-05 11:10:35     Container t-coop-local-db Waiting 
2026-09-05 11:10:35     Container t-coop-local-db Healthy 
2026-09-05 11:10:35     Container t-coop-backend-db-init-1 Starting 
2026-09-05 11:10:36     Container t-coop-backend-db-init-1 Started 
2026-09-05 11:10:36     Container t-coop-backend-db-init-1 Waiting 
2026-09-05 11:10:37     Container t-coop-backend-db-init-1 Exited 
2026-09-05 11:10:37  ngrok is already running (PID 10368).
2026-09-05 11:10:37  === keep-alive check complete ===
2026-09-05 11:14:55  === keep-alive check starting ===
2026-09-05 11:15:05  Ensuring containers are up (docker compose up -d).
2026-09-05 11:15:05     Container t-coop-backend Running 
2026-09-05 11:15:05     Container t-coop-local-db Running 
2026-09-05 11:15:05     Container t-coop-local-db Waiting 
2026-09-05 11:15:06     Container t-coop-local-db Healthy 
2026-09-05 11:15:06     Container t-coop-backend-db-init-1 Starting 
2026-09-05 11:15:07     Container t-coop-backend-db-init-1 Started 
2026-09-05 11:15:07     Container t-coop-backend-db-init-1 Waiting 
2026-09-05 11:15:07     Container t-coop-backend-db-init-1 Exited 
2026-09-05 11:15:08  ngrok is already running (PID 10368).
2026-09-05 11:15:08  === keep-alive check complete ===
2026-09-05 11:19:52  === keep-alive check starting ===
2026-09-05 11:19:57  Ensuring containers are up (docker compose up -d).
2026-09-05 11:19:57     Container t-coop-local-db Running 
2026-09-05 11:19:57     Container t-coop-backend Running 
2026-09-05 11:19:57     Container t-coop-local-db Waiting 
2026-09-05 11:19:58     Container t-coop-local-db Healthy 
2026-09-05 11:19:58     Container t-coop-backend-db-init-1 Starting 
2026-09-05 11:19:58     Container t-coop-backend-db-init-1 Started 
2026-09-05 11:19:58     Container t-coop-backend-db-init-1 Waiting 
2026-09-05 11:19:58     Container t-coop-backend-db-init-1 Exited 
2026-09-05 11:19:59  ngrok is already running (PID 10368).
2026-09-05 11:19:59  === keep-alive check complete ===
2026-09-05 11:24:59  === keep-alive check starting ===
2026-09-05 11:25:07  Ensuring containers are up (docker compose up -d).
2026-09-05 11:25:11     Container t-coop-backend Running 
2026-09-05 11:25:11     Container t-coop-local-db Running 
2026-09-05 11:25:11     Container t-coop-local-db Waiting 
2026-09-05 11:25:12     Container t-coop-local-db Healthy 
2026-09-05 11:25:12     Container t-coop-backend-db-init-1 Starting 
2026-09-05 11:25:12     Container t-coop-backend-db-init-1 Started 
2026-09-05 11:25:12     Container t-coop-backend-db-init-1 Waiting 
2026-09-05 11:25:13     Container t-coop-backend-db-init-1 Exited 
2026-09-05 11:25:13  ngrok is already running (PID 10368).
2026-09-05 11:25:13  === keep-alive check complete ===
2026-09-05 11:29:52  === keep-alive check starting ===
2026-09-05 11:29:55  Ensuring containers are up (docker compose up -d).
2026-09-05 11:29:56     Container t-coop-local-db Running 
2026-09-05 11:29:56     Container t-coop-backend Running 
2026-09-05 11:29:56     Container t-coop-local-db Waiting 
2026-09-05 11:29:56     Container t-coop-local-db Healthy 
2026-09-05 11:29:56     Container t-coop-backend-db-init-1 Starting 
2026-09-05 11:29:57     Container t-coop-backend-db-init-1 Started 
2026-09-05 11:29:57     Container t-coop-backend-db-init-1 Waiting 
2026-09-05 11:29:57     Container t-coop-backend-db-init-1 Exited 
2026-09-05 11:29:58  ngrok is already running (PID 10368).
2026-09-05 11:29:58  === keep-alive check complete ===
2026-09-05 11:34:56  === keep-alive check starting ===
2026-09-05 11:35:01  Ensuring containers are up (docker compose up -d).
2026-09-05 11:35:02     Container t-coop-backend Running 
2026-09-05 11:35:02     Container t-coop-local-db Running 
2026-09-05 11:35:02     Container t-coop-local-db Waiting 
2026-09-05 11:35:02     Container t-coop-local-db Healthy 
2026-09-05 11:35:02     Container t-coop-backend-db-init-1 Starting 
2026-09-05 11:35:02     Container t-coop-backend-db-init-1 Started 
2026-09-05 11:35:02     Container t-coop-backend-db-init-1 Waiting 
2026-09-05 11:35:03     Container t-coop-backend-db-init-1 Exited 
2026-09-05 11:35:03  ngrok is already running (PID 10368).
2026-09-05 11:35:03  === keep-alive check complete ===
2026-09-05 11:39:52  === keep-alive check starting ===
2026-09-05 11:39:57  Ensuring containers are up (docker compose up -d).
2026-09-05 11:39:57     Container t-coop-backend Running 
2026-09-05 11:39:57     Container t-coop-local-db Running 
2026-09-05 11:39:57     Container t-coop-local-db Waiting 
2026-09-05 11:39:58     Container t-coop-local-db Healthy 
2026-09-05 11:39:58     Container t-coop-backend-db-init-1 Starting 
2026-09-05 11:39:58     Container t-coop-backend-db-init-1 Started 
2026-09-05 11:39:58     Container t-coop-backend-db-init-1 Waiting 
2026-09-05 11:39:58     Container t-coop-backend-db-init-1 Exited 
2026-09-05 11:39:59  ngrok is already running (PID 10368).
2026-09-05 11:39:59  === keep-alive check complete ===
2026-09-05 11:44:55  === keep-alive check starting ===
2026-09-05 11:45:01  Ensuring containers are up (docker compose up -d).
2026-09-05 11:45:01     Container t-coop-backend Running 
2026-09-05 11:45:01     Container t-coop-local-db Running 
2026-09-05 11:45:01     Container t-coop-local-db Waiting 
2026-09-05 11:45:02     Container t-coop-local-db Healthy 
2026-09-05 11:45:02     Container t-coop-backend-db-init-1 Starting 
2026-09-05 11:45:03     Container t-coop-backend-db-init-1 Started 
2026-09-05 11:45:03     Container t-coop-backend-db-init-1 Waiting 
2026-09-05 11:45:03     Container t-coop-backend-db-init-1 Exited 
2026-09-05 11:45:04  ngrok is already running (PID 10368).
2026-09-05 11:45:04  === keep-alive check complete ===
2026-09-05 11:49:55  === keep-alive check starting ===
2026-09-05 11:50:02  Ensuring containers are up (docker compose up -d).
2026-09-05 11:50:02     Container t-coop-local-db Running 
2026-09-05 11:50:02     Container t-coop-backend Running 
2026-09-05 11:50:02     Container t-coop-local-db Waiting 
2026-09-05 11:50:03     Container t-coop-local-db Healthy 
2026-09-05 11:50:03     Container t-coop-backend-db-init-1 Starting 
2026-09-05 11:50:03     Container t-coop-backend-db-init-1 Started 
2026-09-05 11:50:03     Container t-coop-backend-db-init-1 Waiting 
2026-09-05 11:50:04     Container t-coop-backend-db-init-1 Exited 
2026-09-05 11:50:04  ngrok is already running (PID 10368).
2026-09-05 11:50:04  === keep-alive check complete ===
2026-09-05 11:55:33  === keep-alive check starting ===
2026-09-05 11:56:11  Ensuring containers are up (docker compose up -d).
2026-09-05 11:56:12     Container t-coop-local-db Running 
2026-09-05 11:56:12     Container t-coop-backend Running 
2026-09-05 11:56:12     Container t-coop-local-db Waiting 
2026-09-05 11:56:13     Container t-coop-local-db Healthy 
2026-09-05 11:56:13     Container t-coop-backend-db-init-1 Starting 
2026-09-05 11:56:13     Container t-coop-backend-db-init-1 Started 
2026-09-05 11:56:13     Container t-coop-backend-db-init-1 Waiting 
2026-09-05 11:56:13     Container t-coop-backend-db-init-1 Exited 
2026-09-05 11:56:14  ngrok is already running (PID 10368).
2026-09-05 11:56:14  === keep-alive check complete ===
2026-09-05 12:04:54  === keep-alive check starting ===
2026-09-05 12:05:08  Ensuring containers are up (docker compose up -d).
2026-09-05 12:05:08     Container t-coop-backend Running 
2026-09-05 12:05:08     Container t-coop-local-db Running 
2026-09-05 12:05:08     Container t-coop-local-db Waiting 
2026-09-05 12:05:09     Container t-coop-local-db Healthy 
2026-09-05 12:05:09     Container t-coop-backend-db-init-1 Starting 
2026-09-05 12:05:09     Container t-coop-backend-db-init-1 Started 
2026-09-05 12:05:09     Container t-coop-backend-db-init-1 Waiting 
2026-09-05 12:05:10     Container t-coop-backend-db-init-1 Exited 
2026-09-05 12:05:10  ngrok is already running (PID 10368).
2026-09-05 12:05:10  === keep-alive check complete ===
2026-09-05 12:09:54  === keep-alive check starting ===
2026-09-05 12:10:09  Ensuring containers are up (docker compose up -d).
2026-09-05 12:10:09     Container t-coop-backend Running 
2026-09-05 12:10:09     Container t-coop-local-db Running 
2026-09-05 12:10:10     Container t-coop-local-db Waiting 
2026-09-05 12:10:10     Container t-coop-local-db Healthy 
2026-09-05 12:10:10     Container t-coop-backend-db-init-1 Starting 
2026-09-05 12:10:10     Container t-coop-backend-db-init-1 Started 
2026-09-05 12:10:10     Container t-coop-backend-db-init-1 Waiting 
2026-09-05 12:10:11     Container t-coop-backend-db-init-1 Exited 
2026-09-05 12:10:11  ngrok is already running (PID 10368).
2026-09-05 12:10:11  === keep-alive check complete ===
2026-09-05 12:14:54  === keep-alive check starting ===
2026-09-05 12:14:59  Ensuring containers are up (docker compose up -d).
2026-09-05 12:14:59     Container t-coop-backend Running 
2026-09-05 12:14:59     Container t-coop-local-db Running 
2026-09-05 12:14:59     Container t-coop-local-db Waiting 
2026-09-05 12:15:00     Container t-coop-local-db Healthy 
2026-09-05 12:15:00     Container t-coop-backend-db-init-1 Starting 
2026-09-05 12:15:00     Container t-coop-backend-db-init-1 Started 
2026-09-05 12:15:00     Container t-coop-backend-db-init-1 Waiting 
2026-09-05 12:15:01     Container t-coop-backend-db-init-1 Exited 
2026-09-05 12:15:02  ngrok is already running (PID 10368).
2026-09-05 12:15:02  === keep-alive check complete ===
2026-09-05 12:24:54  === keep-alive check starting ===
2026-09-05 12:24:57  Ensuring containers are up (docker compose up -d).
2026-09-05 12:24:57     Container t-coop-local-db Running 
2026-09-05 12:24:57     Container t-coop-backend Running 
2026-09-05 12:24:57     Container t-coop-local-db Waiting 
2026-09-05 12:24:58     Container t-coop-local-db Healthy 
2026-09-05 12:24:58     Container t-coop-backend-db-init-1 Starting 
2026-09-05 12:24:58     Container t-coop-backend-db-init-1 Started 
2026-09-05 12:24:58     Container t-coop-backend-db-init-1 Waiting 
2026-09-05 12:24:58     Container t-coop-backend-db-init-1 Exited 
2026-09-05 12:24:59  ngrok is already running (PID 10368).
2026-09-05 12:24:59  === keep-alive check complete ===
2026-09-05 12:29:53  === keep-alive check starting ===
2026-09-05 12:29:57  Ensuring containers are up (docker compose up -d).
2026-09-05 12:29:58     Container t-coop-backend Running 
2026-09-05 12:29:58     Container t-coop-local-db Running 
2026-09-05 12:29:58     Container t-coop-local-db Waiting 
2026-09-05 12:29:58     Container t-coop-local-db Healthy 
2026-09-05 12:29:58     Container t-coop-backend-db-init-1 Starting 
2026-09-05 12:29:59     Container t-coop-backend-db-init-1 Started 
2026-09-05 12:29:59     Container t-coop-backend-db-init-1 Waiting 
2026-09-05 12:29:59     Container t-coop-backend-db-init-1 Exited 
2026-09-05 12:30:00  ngrok is already running (PID 10368).
2026-09-05 12:30:00  === keep-alive check complete ===
2026-09-05 12:37:08  === keep-alive check starting ===
2026-09-05 12:39:58  Ensuring containers are up (docker compose up -d).
2026-09-05 12:41:18     Container t-coop-backend Running 
2026-09-05 12:41:18     Container t-coop-local-db Running 
2026-09-05 12:41:18     Container t-coop-local-db Waiting 
2026-09-05 12:41:18     Container t-coop-local-db Healthy 
2026-09-05 12:41:18     Container t-coop-backend-db-init-1 Starting 
2026-09-05 12:41:19     Container t-coop-backend-db-init-1 Started 
2026-09-05 12:41:19     Container t-coop-backend-db-init-1 Waiting 
2026-09-05 12:41:19     Container t-coop-backend-db-init-1 Exited 
2026-09-05 12:41:20  ngrok is already running (PID 10368).
2026-09-05 12:41:20  === keep-alive check complete ===
2026-09-05 12:47:31  === keep-alive check starting ===
2026-09-05 12:48:41  Ensuring containers are up (docker compose up -d).
2026-09-05 12:48:41     Container t-coop-local-db Running 
2026-09-05 12:48:41     Container t-coop-backend Running 
2026-09-05 12:48:41     Container t-coop-local-db Waiting 
2026-09-05 12:48:41     Container t-coop-local-db Healthy 
2026-09-05 12:48:41     Container t-coop-backend-db-init-1 Starting 
2026-09-05 12:48:42     Container t-coop-backend-db-init-1 Started 
2026-09-05 12:48:42     Container t-coop-backend-db-init-1 Waiting 
2026-09-05 12:48:42     Container t-coop-backend-db-init-1 Exited 
2026-09-05 12:48:42  ngrok is already running (PID 10368).
2026-09-05 12:48:42  === keep-alive check complete ===
2026-09-05 12:49:54  === keep-alive check starting ===
2026-09-05 12:49:55  Ensuring containers are up (docker compose up -d).
2026-09-05 12:49:55     Container t-coop-backend Running 
2026-09-05 12:49:55     Container t-coop-local-db Running 
2026-09-05 12:49:55     Container t-coop-local-db Waiting 
2026-09-05 12:49:56     Container t-coop-local-db Healthy 
2026-09-05 12:49:56     Container t-coop-backend-db-init-1 Starting 
2026-09-05 12:49:56     Container t-coop-backend-db-init-1 Started 
2026-09-05 12:49:56     Container t-coop-backend-db-init-1 Waiting 
2026-09-05 12:49:57     Container t-coop-backend-db-init-1 Exited 
2026-09-05 12:49:57  ngrok is already running (PID 10368).
2026-09-05 12:49:57  === keep-alive check complete ===
2026-09-05 12:54:52  === keep-alive check starting ===
2026-09-05 12:54:56  Ensuring containers are up (docker compose up -d).
2026-09-05 12:54:56     Container t-coop-backend Running 
2026-09-05 12:54:56     Container t-coop-local-db Running 
2026-09-05 12:54:56     Container t-coop-local-db Waiting 
2026-09-05 12:54:57     Container t-coop-local-db Healthy 
2026-09-05 12:54:57     Container t-coop-backend-db-init-1 Starting 
2026-09-05 12:54:57     Container t-coop-backend-db-init-1 Started 
2026-09-05 12:54:57     Container t-coop-backend-db-init-1 Waiting 
2026-09-05 12:54:58     Container t-coop-backend-db-init-1 Exited 
2026-09-05 12:54:58  ngrok is already running (PID 10368).
2026-09-05 12:54:58  === keep-alive check complete ===
2026-09-05 12:59:53  === keep-alive check starting ===
2026-09-05 12:59:55  Ensuring containers are up (docker compose up -d).
2026-09-05 12:59:55     Container t-coop-local-db Running 
2026-09-05 12:59:55     Container t-coop-backend Running 
2026-09-05 12:59:55     Container t-coop-local-db Waiting 
2026-09-05 12:59:56     Container t-coop-local-db Healthy 
2026-09-05 12:59:56     Container t-coop-backend-db-init-1 Starting 
2026-09-05 12:59:56     Container t-coop-backend-db-init-1 Started 
2026-09-05 12:59:56     Container t-coop-backend-db-init-1 Waiting 
2026-09-05 12:59:56     Container t-coop-backend-db-init-1 Exited 
2026-09-05 12:59:57  ngrok is already running (PID 10368).
2026-09-05 12:59:57  === keep-alive check complete ===
2026-09-05 13:04:52  === keep-alive check starting ===
2026-09-05 13:04:57  Ensuring containers are up (docker compose up -d).
2026-09-05 13:04:57     Container t-coop-backend Running 
2026-09-05 13:04:57     Container t-coop-local-db Running 
2026-09-05 13:04:57     Container t-coop-local-db Waiting 
2026-09-05 13:04:58     Container t-coop-local-db Healthy 
2026-09-05 13:04:58     Container t-coop-backend-db-init-1 Starting 
2026-09-05 13:04:58     Container t-coop-backend-db-init-1 Started 
2026-09-05 13:04:58     Container t-coop-backend-db-init-1 Waiting 
2026-09-05 13:04:59     Container t-coop-backend-db-init-1 Exited 
2026-09-05 13:04:59  ngrok is already running (PID 10368).
2026-09-05 13:04:59  === keep-alive check complete ===
2026-09-05 13:09:53  === keep-alive check starting ===
2026-09-05 13:10:42  Docker Desktop process is up but engine isn't responding yet - waiting.
2026-09-05 13:11:23  Docker engine is ready.
2026-09-05 13:11:24  Ensuring containers are up (docker compose up -d).
2026-09-05 13:11:24     Container t-coop-backend Running 
2026-09-05 13:11:24     Container t-coop-local-db Starting 
2026-09-05 13:11:25     Container t-coop-local-db Started 
2026-09-05 13:11:25     Container t-coop-local-db Waiting 
2026-09-05 13:11:35     Container t-coop-local-db Healthy 
2026-09-05 13:11:35     Container t-coop-backend-db-init-1 Starting 
2026-09-05 13:11:36     Container t-coop-backend-db-init-1 Started 
2026-09-05 13:11:36     Container t-coop-backend-db-init-1 Waiting 
2026-09-05 13:11:36     Container t-coop-backend-db-init-1 Exited 
2026-09-05 13:11:37  ngrok is already running (PID 10368).
2026-09-05 13:11:37  === keep-alive check complete ===
2026-09-05 13:14:54  === keep-alive check starting ===
2026-09-05 13:14:59  Ensuring containers are up (docker compose up -d).
2026-09-05 13:14:59     Container t-coop-backend Running 
2026-09-05 13:14:59     Container t-coop-local-db Running 
2026-09-05 13:14:59     Container t-coop-local-db Waiting 
2026-09-05 13:15:00     Container t-coop-local-db Healthy 
2026-09-05 13:15:00     Container t-coop-backend-db-init-1 Starting 
2026-09-05 13:15:00     Container t-coop-backend-db-init-1 Started 
2026-09-05 13:15:00     Container t-coop-backend-db-init-1 Waiting 
2026-09-05 13:15:01     Container t-coop-backend-db-init-1 Exited 
2026-09-05 13:15:01  ngrok is already running (PID 10368).
2026-09-05 13:15:01  === keep-alive check complete ===
2026-09-05 13:19:53  === keep-alive check starting ===
2026-09-05 13:19:57  Ensuring containers are up (docker compose up -d).
2026-09-05 13:19:58     Container t-coop-local-db Running 
2026-09-05 13:19:58     Container t-coop-backend Running 
2026-09-05 13:19:58     Container t-coop-local-db Waiting 
2026-09-05 13:19:58     Container t-coop-local-db Healthy 
2026-09-05 13:19:58     Container t-coop-backend-db-init-1 Starting 
2026-09-05 13:19:58     Container t-coop-backend-db-init-1 Started 
2026-09-05 13:19:58     Container t-coop-backend-db-init-1 Waiting 
2026-09-05 13:19:59     Container t-coop-backend-db-init-1 Exited 
2026-09-05 13:19:59  ngrok is already running (PID 10368).
2026-09-05 13:19:59  === keep-alive check complete ===
2026-09-05 13:24:51  === keep-alive check starting ===
2026-09-05 13:24:55  Ensuring containers are up (docker compose up -d).
2026-09-05 13:24:55     Container t-coop-backend Running 
2026-09-05 13:24:55     Container t-coop-local-db Running 
2026-09-05 13:24:55     Container t-coop-local-db Waiting 
2026-09-05 13:24:56     Container t-coop-local-db Healthy 
2026-09-05 13:24:56     Container t-coop-backend-db-init-1 Starting 
2026-09-05 13:24:56     Container t-coop-backend-db-init-1 Started 
2026-09-05 13:24:56     Container t-coop-backend-db-init-1 Waiting 
2026-09-05 13:24:56     Container t-coop-backend-db-init-1 Exited 
2026-09-05 13:24:57  ngrok is already running (PID 10368).
2026-09-05 13:24:57  === keep-alive check complete ===
2026-09-05 13:29:53  === keep-alive check starting ===
2026-09-05 13:29:56  Ensuring containers are up (docker compose up -d).
2026-09-05 13:29:57     Container t-coop-local-db Running 
2026-09-05 13:29:57     Container t-coop-backend Running 
2026-09-05 13:29:57     Container t-coop-local-db Waiting 
2026-09-05 13:29:57     Container t-coop-local-db Healthy 
2026-09-05 13:29:57     Container t-coop-backend-db-init-1 Starting 
2026-09-05 13:29:57     Container t-coop-backend-db-init-1 Started 
2026-09-05 13:29:57     Container t-coop-backend-db-init-1 Waiting 
2026-09-05 13:29:58     Container t-coop-backend-db-init-1 Exited 
2026-09-05 13:29:58  ngrok is already running (PID 10368).
2026-09-05 13:29:58  === keep-alive check complete ===
2026-09-05 13:34:51  === keep-alive check starting ===
2026-09-05 13:34:55  Ensuring containers are up (docker compose up -d).
2026-09-05 13:34:55     Container t-coop-backend Running 
2026-09-05 13:34:55     Container t-coop-local-db Running 
2026-09-05 13:34:55     Container t-coop-local-db Waiting 
2026-09-05 13:34:56     Container t-coop-local-db Healthy 
2026-09-05 13:34:56     Container t-coop-backend-db-init-1 Starting 
2026-09-05 13:34:56     Container t-coop-backend-db-init-1 Started 
2026-09-05 13:34:56     Container t-coop-backend-db-init-1 Waiting 
2026-09-05 13:34:57     Container t-coop-backend-db-init-1 Exited 
2026-09-05 13:34:57  ngrok is already running (PID 10368).
2026-09-05 13:34:57  === keep-alive check complete ===
2026-09-05 13:39:51  === keep-alive check starting ===
2026-09-05 13:39:54  Ensuring containers are up (docker compose up -d).
2026-09-05 13:39:54     Container t-coop-backend Running 
2026-09-05 13:39:54     Container t-coop-local-db Running 
2026-09-05 13:39:54     Container t-coop-local-db Waiting 
2026-09-05 13:39:54     Container t-coop-local-db Healthy 
2026-09-05 13:39:54     Container t-coop-backend-db-init-1 Starting 
2026-09-05 13:39:55     Container t-coop-backend-db-init-1 Started 
2026-09-05 13:39:55     Container t-coop-backend-db-init-1 Waiting 
2026-09-05 13:39:55     Container t-coop-backend-db-init-1 Exited 
2026-09-05 13:39:56  ngrok is already running (PID 10368).
2026-09-05 13:39:56  === keep-alive check complete ===
2026-09-05 13:44:52  === keep-alive check starting ===
2026-09-05 13:44:58  Ensuring containers are up (docker compose up -d).
2026-09-05 13:44:58     Container t-coop-backend Running 
2026-09-05 13:44:58     Container t-coop-local-db Running 
2026-09-05 13:44:58     Container t-coop-local-db Waiting 
2026-09-05 13:44:58     Container t-coop-local-db Healthy 
2026-09-05 13:44:58     Container t-coop-backend-db-init-1 Starting 
2026-09-05 13:44:59     Container t-coop-backend-db-init-1 Started 
2026-09-05 13:44:59     Container t-coop-backend-db-init-1 Waiting 
2026-09-05 13:44:59     Container t-coop-backend-db-init-1 Exited 
2026-09-05 13:45:00  ngrok is already running (PID 10368).
2026-09-05 13:45:00  === keep-alive check complete ===
2026-09-05 13:49:53  === keep-alive check starting ===
2026-09-05 13:49:57  Ensuring containers are up (docker compose up -d).
2026-09-05 13:49:57     Container t-coop-local-db Running 
2026-09-05 13:49:57     Container t-coop-backend Running 
2026-09-05 13:49:57     Container t-coop-local-db Waiting 
2026-09-05 13:49:58     Container t-coop-local-db Healthy 
2026-09-05 13:49:58     Container t-coop-backend-db-init-1 Starting 
2026-09-05 13:49:58     Container t-coop-backend-db-init-1 Started 
2026-09-05 13:49:58     Container t-coop-backend-db-init-1 Waiting 
2026-09-05 13:49:59     Container t-coop-backend-db-init-1 Exited 
2026-09-05 13:49:59  ngrok is already running (PID 10368).
2026-09-05 13:49:59  === keep-alive check complete ===
2026-09-05 13:54:52  === keep-alive check starting ===
2026-09-05 13:54:54  Ensuring containers are up (docker compose up -d).
2026-09-05 13:54:54     Container t-coop-local-db Running 
2026-09-05 13:54:54     Container t-coop-backend Running 
2026-09-05 13:54:54     Container t-coop-local-db Waiting 
2026-09-05 13:54:55     Container t-coop-local-db Healthy 
2026-09-05 13:54:55     Container t-coop-backend-db-init-1 Starting 
2026-09-05 13:54:55     Container t-coop-backend-db-init-1 Started 
2026-09-05 13:54:55     Container t-coop-backend-db-init-1 Waiting 
2026-09-05 13:54:55     Container t-coop-backend-db-init-1 Exited 
2026-09-05 13:54:56  ngrok is already running (PID 10368).
2026-09-05 13:54:56  === keep-alive check complete ===
2026-09-05 13:59:53  === keep-alive check starting ===
2026-09-05 13:59:54  Ensuring containers are up (docker compose up -d).
2026-09-05 13:59:54     Container t-coop-backend Running 
2026-09-05 13:59:54     Container t-coop-local-db Running 
2026-09-05 13:59:54     Container t-coop-local-db Waiting 
2026-09-05 13:59:55     Container t-coop-local-db Healthy 
2026-09-05 13:59:55     Container t-coop-backend-db-init-1 Starting 
2026-09-05 13:59:55     Container t-coop-backend-db-init-1 Started 
2026-09-05 13:59:55     Container t-coop-backend-db-init-1 Waiting 
2026-09-05 13:59:56     Container t-coop-backend-db-init-1 Exited 
2026-09-05 13:59:56  ngrok is already running (PID 10368).
2026-09-05 13:59:56  === keep-alive check complete ===
2026-09-05 14:04:52  === keep-alive check starting ===
2026-09-05 14:04:53  Ensuring containers are up (docker compose up -d).
2026-09-05 14:04:53     Container t-coop-local-db Running 
2026-09-05 14:04:53     Container t-coop-backend Running 
2026-09-05 14:04:53     Container t-coop-local-db Waiting 
2026-09-05 14:04:54     Container t-coop-local-db Healthy 
2026-09-05 14:04:54     Container t-coop-backend-db-init-1 Starting 
2026-09-05 14:04:54     Container t-coop-backend-db-init-1 Started 
2026-09-05 14:04:54     Container t-coop-backend-db-init-1 Waiting 
2026-09-05 14:04:54     Container t-coop-backend-db-init-1 Exited 
2026-09-05 14:04:55  ngrok is already running (PID 10368).
2026-09-05 14:04:55  === keep-alive check complete ===
2026-09-05 14:09:52  === keep-alive check starting ===
2026-09-05 14:09:53  Ensuring containers are up (docker compose up -d).
2026-09-05 14:09:53     Container t-coop-backend Running 
2026-09-05 14:09:53     Container t-coop-local-db Running 
2026-09-05 14:09:53     Container t-coop-local-db Waiting 
2026-09-05 14:09:54     Container t-coop-local-db Healthy 
2026-09-05 14:09:54     Container t-coop-backend-db-init-1 Starting 
2026-09-05 14:09:54     Container t-coop-backend-db-init-1 Started 
2026-09-05 14:09:54     Container t-coop-backend-db-init-1 Waiting 
2026-09-05 14:09:54     Container t-coop-backend-db-init-1 Exited 
2026-09-05 14:09:55  ngrok is already running (PID 10368).
2026-09-05 14:09:55  === keep-alive check complete ===
2026-09-05 14:14:51  === keep-alive check starting ===
2026-09-05 14:14:55  Ensuring containers are up (docker compose up -d).
2026-09-05 14:14:55     Container t-coop-backend Running 
2026-09-05 14:14:55     Container t-coop-local-db Running 
2026-09-05 14:14:55     Container t-coop-local-db Waiting 
2026-09-05 14:14:56     Container t-coop-local-db Healthy 
2026-09-05 14:14:56     Container t-coop-backend-db-init-1 Starting 
2026-09-05 14:14:56     Container t-coop-backend-db-init-1 Started 
2026-09-05 14:14:56     Container t-coop-backend-db-init-1 Waiting 
2026-09-05 14:14:56     Container t-coop-backend-db-init-1 Exited 
2026-09-05 14:14:57  ngrok is already running (PID 10368).
2026-09-05 14:14:57  === keep-alive check complete ===
2026-09-05 14:19:51  === keep-alive check starting ===
2026-09-05 14:19:55  Ensuring containers are up (docker compose up -d).
2026-09-05 14:19:55     Container t-coop-backend Running 
2026-09-05 14:19:55     Container t-coop-local-db Running 
2026-09-05 14:19:55     Container t-coop-local-db Waiting 
2026-09-05 14:19:56     Container t-coop-local-db Healthy 
2026-09-05 14:19:56     Container t-coop-backend-db-init-1 Starting 
2026-09-05 14:19:56     Container t-coop-backend-db-init-1 Started 
2026-09-05 14:19:56     Container t-coop-backend-db-init-1 Waiting 
2026-09-05 14:19:56     Container t-coop-backend-db-init-1 Exited 
2026-09-05 14:19:57  ngrok is already running (PID 10368).
2026-09-05 14:19:57  === keep-alive check complete ===
2026-09-05 14:24:52  === keep-alive check starting ===
2026-09-05 14:24:55  Ensuring containers are up (docker compose up -d).
2026-09-05 14:24:55     Container t-coop-backend Running 
2026-09-05 14:24:55     Container t-coop-local-db Running 
2026-09-05 14:24:55     Container t-coop-local-db Waiting 
2026-09-05 14:24:55     Container t-coop-local-db Healthy 
2026-09-05 14:24:56     Container t-coop-backend-db-init-1 Starting 
2026-09-05 14:24:56     Container t-coop-backend-db-init-1 Started 
2026-09-05 14:24:56     Container t-coop-backend-db-init-1 Waiting 
2026-09-05 14:24:56     Container t-coop-backend-db-init-1 Exited 
2026-09-05 14:24:57  ngrok is already running (PID 10368).
2026-09-05 14:24:57  === keep-alive check complete ===
2026-09-05 14:29:51  === keep-alive check starting ===
2026-09-05 14:30:04  Ensuring containers are up (docker compose up -d).
2026-09-05 14:30:04     Container t-coop-backend Running 
2026-09-05 14:30:04     Container t-coop-local-db Running 
2026-09-05 14:30:04     Container t-coop-local-db Waiting 
2026-09-05 14:30:05     Container t-coop-local-db Healthy 
2026-09-05 14:30:05     Container t-coop-backend-db-init-1 Starting 
2026-09-05 14:30:05     Container t-coop-backend-db-init-1 Started 
2026-09-05 14:30:05     Container t-coop-backend-db-init-1 Waiting 
2026-09-05 14:30:06     Container t-coop-backend-db-init-1 Exited 
2026-09-05 14:30:06  ngrok is already running (PID 10368).
2026-09-05 14:30:06  === keep-alive check complete ===
2026-09-05 14:34:54  === keep-alive check starting ===
2026-09-05 14:34:57  Ensuring containers are up (docker compose up -d).
2026-09-05 14:34:58     Container t-coop-backend Running 
2026-09-05 14:34:58     Container t-coop-local-db Running 
2026-09-05 14:34:58     Container t-coop-local-db Waiting 
2026-09-05 14:34:58     Container t-coop-local-db Healthy 
2026-09-05 14:34:58     Container t-coop-backend-db-init-1 Starting 
2026-09-05 14:34:58     Container t-coop-backend-db-init-1 Started 
2026-09-05 14:34:58     Container t-coop-backend-db-init-1 Waiting 
2026-09-05 14:34:59     Container t-coop-backend-db-init-1 Exited 
2026-09-05 14:34:59  ngrok is already running (PID 10368).
2026-09-05 14:34:59  === keep-alive check complete ===
2026-09-05 14:39:54  === keep-alive check starting ===
2026-09-05 14:39:59  Ensuring containers are up (docker compose up -d).
2026-09-05 14:39:59     Container t-coop-backend Running 
2026-09-05 14:39:59     Container t-coop-local-db Running 
2026-09-05 14:39:59     Container t-coop-local-db Waiting 
2026-09-05 14:39:59     Container t-coop-local-db Healthy 
2026-09-05 14:39:59     Container t-coop-backend-db-init-1 Starting 
2026-09-05 14:40:00     Container t-coop-backend-db-init-1 Started 
2026-09-05 14:40:00     Container t-coop-backend-db-init-1 Waiting 
2026-09-05 14:40:00     Container t-coop-backend-db-init-1 Exited 
2026-09-05 14:40:01  ngrok is already running (PID 10368).
2026-09-05 14:40:01  === keep-alive check complete ===
2026-09-05 14:44:53  === keep-alive check starting ===
2026-09-05 14:44:57  Ensuring containers are up (docker compose up -d).
2026-09-05 14:44:58     Container t-coop-backend Running 
2026-09-05 14:44:58     Container t-coop-local-db Running 
2026-09-05 14:44:58     Container t-coop-local-db Waiting 
2026-09-05 14:44:58     Container t-coop-local-db Healthy 
2026-09-05 14:44:58     Container t-coop-backend-db-init-1 Starting 
2026-09-05 14:44:58     Container t-coop-backend-db-init-1 Started 
2026-09-05 14:44:58     Container t-coop-backend-db-init-1 Waiting 
2026-09-05 14:44:59     Container t-coop-backend-db-init-1 Exited 
2026-09-05 14:44:59  ngrok is already running (PID 10368).
2026-09-05 14:44:59  === keep-alive check complete ===
2026-09-05 14:49:54  === keep-alive check starting ===
2026-09-05 14:49:57  Ensuring containers are up (docker compose up -d).
2026-09-05 14:49:57     Container t-coop-backend Running 
2026-09-05 14:49:57     Container t-coop-local-db Running 
2026-09-05 14:49:57     Container t-coop-local-db Waiting 
2026-09-05 14:49:58     Container t-coop-local-db Healthy 
2026-09-05 14:49:58     Container t-coop-backend-db-init-1 Starting 
2026-09-05 14:49:58     Container t-coop-backend-db-init-1 Started 
2026-09-05 14:49:58     Container t-coop-backend-db-init-1 Waiting 
2026-09-05 14:49:58     Container t-coop-backend-db-init-1 Exited 
2026-09-05 14:49:59  ngrok is already running (PID 10368).
2026-09-05 14:49:59  === keep-alive check complete ===
2026-09-05 14:54:51  === keep-alive check starting ===
2026-09-05 14:54:58  Ensuring containers are up (docker compose up -d).
2026-09-05 14:54:58     Container t-coop-local-db Running 
2026-09-05 14:54:58     Container t-coop-backend Running 
2026-09-05 14:54:58     Container t-coop-local-db Waiting 
2026-09-05 14:54:59     Container t-coop-local-db Healthy 
2026-09-05 14:54:59     Container t-coop-backend-db-init-1 Starting 
2026-09-05 14:54:59     Container t-coop-backend-db-init-1 Started 
2026-09-05 14:54:59     Container t-coop-backend-db-init-1 Waiting 
2026-09-05 14:55:00     Container t-coop-backend-db-init-1 Exited 
2026-09-05 14:55:00  ngrok is already running (PID 10368).
2026-09-05 14:55:00  === keep-alive check complete ===
2026-09-05 14:59:56  === keep-alive check starting ===
2026-09-05 14:59:58  Ensuring containers are up (docker compose up -d).
2026-09-05 14:59:58     Container t-coop-backend Running 
2026-09-05 14:59:58     Container t-coop-local-db Running 
2026-09-05 14:59:58     Container t-coop-local-db Waiting 
2026-09-05 14:59:59     Container t-coop-local-db Healthy 
2026-09-05 14:59:59     Container t-coop-backend-db-init-1 Starting 
2026-09-05 14:59:59     Container t-coop-backend-db-init-1 Started 
2026-09-05 14:59:59     Container t-coop-backend-db-init-1 Waiting 
2026-09-05 15:00:00     Container t-coop-backend-db-init-1 Exited 
2026-09-05 15:00:00  ngrok is already running (PID 10368).
2026-09-05 15:00:00  === keep-alive check complete ===
2026-09-05 15:04:52  === keep-alive check starting ===
2026-09-05 15:04:54  Ensuring containers are up (docker compose up -d).
2026-09-05 15:04:55     Container t-coop-local-db Running 
2026-09-05 15:04:55     Container t-coop-backend Running 
2026-09-05 15:04:55     Container t-coop-local-db Waiting 
2026-09-05 15:04:55     Container t-coop-local-db Healthy 
2026-09-05 15:04:55     Container t-coop-backend-db-init-1 Starting 
2026-09-05 15:04:55     Container t-coop-backend-db-init-1 Started 
2026-09-05 15:04:55     Container t-coop-backend-db-init-1 Waiting 
2026-09-05 15:04:56     Container t-coop-backend-db-init-1 Exited 
2026-09-05 15:04:56  ngrok is already running (PID 10368).
2026-09-05 15:04:56  === keep-alive check complete ===
2026-09-05 15:09:52  === keep-alive check starting ===
2026-09-05 15:09:58  Ensuring containers are up (docker compose up -d).
2026-09-05 15:09:58     Container t-coop-backend Running 
2026-09-05 15:09:58     Container t-coop-local-db Running 
2026-09-05 15:09:58     Container t-coop-local-db Waiting 
2026-09-05 15:09:59     Container t-coop-local-db Healthy 
2026-09-05 15:09:59     Container t-coop-backend-db-init-1 Starting 
2026-09-05 15:09:59     Container t-coop-backend-db-init-1 Started 
2026-09-05 15:09:59     Container t-coop-backend-db-init-1 Waiting 
2026-09-05 15:09:59     Container t-coop-backend-db-init-1 Exited 
2026-09-05 15:10:00  ngrok is already running (PID 10368).
2026-09-05 15:10:00  === keep-alive check complete ===
2026-09-05 15:19:51  === keep-alive check starting ===
2026-09-05 15:19:54  Ensuring containers are up (docker compose up -d).
2026-09-05 15:19:54     Container t-coop-local-db Running 
2026-09-05 15:19:54     Container t-coop-backend Running 
2026-09-05 15:19:54     Container t-coop-local-db Waiting 
2026-09-05 15:19:55     Container t-coop-local-db Healthy 
2026-09-05 15:19:55     Container t-coop-backend-db-init-1 Starting 
2026-09-05 15:19:55     Container t-coop-backend-db-init-1 Started 
2026-09-05 15:19:55     Container t-coop-backend-db-init-1 Waiting 
2026-09-05 15:19:55     Container t-coop-backend-db-init-1 Exited 
2026-09-05 15:19:56  ngrok is already running (PID 10368).
2026-09-05 15:19:56  === keep-alive check complete ===
2026-09-05 15:24:50  === keep-alive check starting ===
2026-09-05 15:24:54  Ensuring containers are up (docker compose up -d).
2026-09-05 15:24:55     Container t-coop-local-db Running 
2026-09-05 15:24:55     Container t-coop-backend Running 
2026-09-05 15:24:55     Container t-coop-local-db Waiting 
2026-09-05 15:24:55     Container t-coop-local-db Healthy 
2026-09-05 15:24:55     Container t-coop-backend-db-init-1 Starting 
2026-09-05 15:24:55     Container t-coop-backend-db-init-1 Started 
2026-09-05 15:24:55     Container t-coop-backend-db-init-1 Waiting 
2026-09-05 15:24:56     Container t-coop-backend-db-init-1 Exited 
2026-09-05 15:24:56  ngrok is already running (PID 10368).
2026-09-05 15:24:56  === keep-alive check complete ===
2026-09-05 15:29:50  === keep-alive check starting ===
2026-09-05 15:29:51  Ensuring containers are up (docker compose up -d).
2026-09-05 15:29:52     Container t-coop-backend Running 
2026-09-05 15:29:52     Container t-coop-local-db Running 
2026-09-05 15:29:52     Container t-coop-local-db Waiting 
2026-09-05 15:29:52     Container t-coop-local-db Healthy 
2026-09-05 15:29:52     Container t-coop-backend-db-init-1 Starting 
2026-09-05 15:29:53     Container t-coop-backend-db-init-1 Started 
2026-09-05 15:29:53     Container t-coop-backend-db-init-1 Waiting 
2026-09-05 15:29:53     Container t-coop-backend-db-init-1 Exited 
2026-09-05 15:29:53  ngrok is already running (PID 10368).
2026-09-05 15:29:53  === keep-alive check complete ===
2026-09-05 15:34:54  === keep-alive check starting ===
2026-09-05 15:34:56  Ensuring containers are up (docker compose up -d).
2026-09-05 15:34:56     Container t-coop-local-db Running 
2026-09-05 15:34:56     Container t-coop-backend Running 
2026-09-05 15:34:56     Container t-coop-local-db Waiting 
2026-09-05 15:34:57     Container t-coop-local-db Healthy 
2026-09-05 15:34:57     Container t-coop-backend-db-init-1 Starting 
2026-09-05 15:34:57     Container t-coop-backend-db-init-1 Started 
2026-09-05 15:34:57     Container t-coop-backend-db-init-1 Waiting 
2026-09-05 15:34:57     Container t-coop-backend-db-init-1 Exited 
2026-09-05 15:34:58  ngrok is already running (PID 10368).
2026-09-05 15:34:58  === keep-alive check complete ===
2026-09-05 15:39:50  === keep-alive check starting ===
2026-09-05 15:39:52  Ensuring containers are up (docker compose up -d).
2026-09-05 15:39:53     Container t-coop-backend Running 
2026-09-05 15:39:53     Container t-coop-local-db Running 
2026-09-05 15:39:53     Container t-coop-local-db Waiting 
2026-09-05 15:39:53     Container t-coop-local-db Healthy 
2026-09-05 15:39:53     Container t-coop-backend-db-init-1 Starting 
2026-09-05 15:39:53     Container t-coop-backend-db-init-1 Started 
2026-09-05 15:39:53     Container t-coop-backend-db-init-1 Waiting 
2026-09-05 15:39:54     Container t-coop-backend-db-init-1 Exited 
2026-09-05 15:39:54  ngrok is already running (PID 10368).
2026-09-05 15:39:54  === keep-alive check complete ===
2026-09-05 15:44:50  === keep-alive check starting ===
2026-09-05 15:45:01  Ensuring containers are up (docker compose up -d).
2026-09-05 15:45:01     Container t-coop-backend Running 
2026-09-05 15:45:01     Container t-coop-local-db Running 
2026-09-05 15:45:01     Container t-coop-local-db Waiting 
2026-09-05 15:45:02     Container t-coop-local-db Healthy 
2026-09-05 15:45:02     Container t-coop-backend-db-init-1 Starting 
2026-09-05 15:45:02     Container t-coop-backend-db-init-1 Started 
2026-09-05 15:45:02     Container t-coop-backend-db-init-1 Waiting 
2026-09-05 15:45:02     Container t-coop-backend-db-init-1 Exited 
2026-09-05 15:45:03  ngrok is already running (PID 10368).
2026-09-05 15:45:03  === keep-alive check complete ===
2026-09-05 15:49:50  === keep-alive check starting ===
2026-09-05 15:49:53  Ensuring containers are up (docker compose up -d).
2026-09-05 15:49:53     Container t-coop-backend Running 
2026-09-05 15:49:53     Container t-coop-local-db Running 
2026-09-05 15:49:53     Container t-coop-local-db Waiting 
2026-09-05 15:49:54     Container t-coop-local-db Healthy 
2026-09-05 15:49:54     Container t-coop-backend-db-init-1 Starting 
2026-09-05 15:49:54     Container t-coop-backend-db-init-1 Started 
2026-09-05 15:49:54     Container t-coop-backend-db-init-1 Waiting 
2026-09-05 15:49:55     Container t-coop-backend-db-init-1 Exited 
2026-09-05 15:49:55  ngrok is already running (PID 10368).
2026-09-05 15:49:55  === keep-alive check complete ===
2026-09-05 15:54:50  === keep-alive check starting ===
2026-09-05 15:54:51  Ensuring containers are up (docker compose up -d).
2026-09-05 15:54:51     Container t-coop-local-db Running 
2026-09-05 15:54:51     Container t-coop-backend Running 
2026-09-05 15:54:51     Container t-coop-local-db Waiting 
2026-09-05 15:54:52     Container t-coop-local-db Healthy 
2026-09-05 15:54:52     Container t-coop-backend-db-init-1 Starting 
2026-09-05 15:54:52     Container t-coop-backend-db-init-1 Started 
2026-09-05 15:54:52     Container t-coop-backend-db-init-1 Waiting 
2026-09-05 15:54:53     Container t-coop-backend-db-init-1 Exited 
2026-09-05 15:54:53  ngrok is already running (PID 10368).
2026-09-05 15:54:53  === keep-alive check complete ===
2026-09-05 15:59:50  === keep-alive check starting ===
2026-09-05 15:59:51  Ensuring containers are up (docker compose up -d).
2026-09-05 15:59:51     Container t-coop-backend Running 
2026-09-05 15:59:51     Container t-coop-local-db Running 
2026-09-05 15:59:51     Container t-coop-local-db Waiting 
2026-09-05 15:59:52     Container t-coop-local-db Healthy 
2026-09-05 15:59:52     Container t-coop-backend-db-init-1 Starting 
2026-09-05 15:59:52     Container t-coop-backend-db-init-1 Started 
2026-09-05 15:59:52     Container t-coop-backend-db-init-1 Waiting 
2026-09-05 15:59:53     Container t-coop-backend-db-init-1 Exited 
2026-09-05 15:59:53  ngrok is already running (PID 10368).
2026-09-05 15:59:53  === keep-alive check complete ===
2026-09-05 16:04:50  === keep-alive check starting ===
2026-09-05 16:04:54  Ensuring containers are up (docker compose up -d).
2026-09-05 16:04:55     Container t-coop-backend Running 
2026-09-05 16:04:55     Container t-coop-local-db Running 
2026-09-05 16:04:55     Container t-coop-local-db Waiting 
2026-09-05 16:04:55     Container t-coop-local-db Healthy 
2026-09-05 16:04:55     Container t-coop-backend-db-init-1 Starting 
2026-09-05 16:04:55     Container t-coop-backend-db-init-1 Started 
2026-09-05 16:04:55     Container t-coop-backend-db-init-1 Waiting 
2026-09-05 16:04:56     Container t-coop-backend-db-init-1 Exited 
2026-09-05 16:04:56  ngrok is already running (PID 10368).
2026-09-05 16:04:56  === keep-alive check complete ===
2026-09-05 16:09:51  === keep-alive check starting ===
2026-09-05 16:09:52  Ensuring containers are up (docker compose up -d).
2026-09-05 16:09:52     Container t-coop-backend Running 
2026-09-05 16:09:52     Container t-coop-local-db Running 
2026-09-05 16:09:52     Container t-coop-local-db Waiting 
2026-09-05 16:09:53     Container t-coop-local-db Healthy 
2026-09-05 16:09:53     Container t-coop-backend-db-init-1 Starting 
2026-09-05 16:09:53     Container t-coop-backend-db-init-1 Started 
2026-09-05 16:09:53     Container t-coop-backend-db-init-1 Waiting 
2026-09-05 16:09:54     Container t-coop-backend-db-init-1 Exited 
2026-09-05 16:09:54  ngrok is already running (PID 10368).
2026-09-05 16:09:54  === keep-alive check complete ===
2026-09-05 16:14:52  === keep-alive check starting ===
2026-09-05 16:14:54  Ensuring containers are up (docker compose up -d).
2026-09-05 16:14:54     Container t-coop-backend Running 
2026-09-05 16:14:54     Container t-coop-local-db Running 
2026-09-05 16:14:54     Container t-coop-local-db Waiting 
2026-09-05 16:14:54     Container t-coop-local-db Healthy 
2026-09-05 16:14:54     Container t-coop-backend-db-init-1 Starting 
2026-09-05 16:14:55     Container t-coop-backend-db-init-1 Started 
2026-09-05 16:14:55     Container t-coop-backend-db-init-1 Waiting 
2026-09-05 16:14:55     Container t-coop-backend-db-init-1 Exited 
2026-09-05 16:14:56  ngrok is already running (PID 10368).
2026-09-05 16:14:56  === keep-alive check complete ===
2026-09-05 16:19:51  === keep-alive check starting ===
2026-09-05 16:20:01  Ensuring containers are up (docker compose up -d).
2026-09-05 16:20:01     Container t-coop-backend Running 
2026-09-05 16:20:01     Container t-coop-local-db Running 
2026-09-05 16:20:01     Container t-coop-local-db Waiting 
2026-09-05 16:20:02     Container t-coop-local-db Healthy 
2026-09-05 16:20:02     Container t-coop-backend-db-init-1 Starting 
2026-09-05 16:20:02     Container t-coop-backend-db-init-1 Started 
2026-09-05 16:20:02     Container t-coop-backend-db-init-1 Waiting 
2026-09-05 16:20:02     Container t-coop-backend-db-init-1 Exited 
2026-09-05 16:20:03  ngrok is already running (PID 10368).
2026-09-05 16:20:03  === keep-alive check complete ===
2026-09-05 16:24:53  === keep-alive check starting ===
2026-09-05 16:24:56  Ensuring containers are up (docker compose up -d).
2026-09-05 16:24:56     Container t-coop-backend Running 
2026-09-05 16:24:56     Container t-coop-local-db Running 
2026-09-05 16:24:56     Container t-coop-local-db Waiting 
2026-09-05 16:24:57     Container t-coop-local-db Healthy 
2026-09-05 16:24:57     Container t-coop-backend-db-init-1 Starting 
2026-09-05 16:24:57     Container t-coop-backend-db-init-1 Started 
2026-09-05 16:24:57     Container t-coop-backend-db-init-1 Waiting 
2026-09-05 16:24:57     Container t-coop-backend-db-init-1 Exited 
2026-09-05 16:24:58  ngrok is already running (PID 10368).
2026-09-05 16:24:58  === keep-alive check complete ===
2026-09-05 16:29:55  === keep-alive check starting ===
2026-09-05 16:29:58  Ensuring containers are up (docker compose up -d).
2026-09-05 16:29:59     Container t-coop-local-db Running 
2026-09-05 16:29:59     Container t-coop-backend Running 
2026-09-05 16:29:59     Container t-coop-local-db Waiting 
2026-09-05 16:29:59     Container t-coop-local-db Healthy 
2026-09-05 16:29:59     Container t-coop-backend-db-init-1 Starting 
2026-09-05 16:30:00     Container t-coop-backend-db-init-1 Started 
2026-09-05 16:30:00     Container t-coop-backend-db-init-1 Waiting 
2026-09-05 16:30:00     Container t-coop-backend-db-init-1 Exited 
2026-09-05 16:30:01  ngrok is already running (PID 10368).
2026-09-05 16:30:01  === keep-alive check complete ===
2026-09-05 16:34:51  === keep-alive check starting ===
2026-09-05 16:34:53  Ensuring containers are up (docker compose up -d).
2026-09-05 16:34:54     Container t-coop-backend Running 
2026-09-05 16:34:54     Container t-coop-local-db Running 
2026-09-05 16:34:54     Container t-coop-local-db Waiting 
2026-09-05 16:34:54     Container t-coop-local-db Healthy 
2026-09-05 16:34:54     Container t-coop-backend-db-init-1 Starting 
2026-09-05 16:34:54     Container t-coop-backend-db-init-1 Started 
2026-09-05 16:34:54     Container t-coop-backend-db-init-1 Waiting 
2026-09-05 16:34:55     Container t-coop-backend-db-init-1 Exited 
2026-09-05 16:34:55  ngrok is already running (PID 10368).
2026-09-05 16:34:55  === keep-alive check complete ===
